# Created by FreeCAD <https://www.freecad.org>
v 55.200001 0.000000 0.000000
v 55.131382 2.751493 0.000000
v 55.200001 0.000000 48.000000
v 55.131382 2.751493 48.000000
v 54.925697 5.496145 0.000000
v 54.925697 5.496145 48.000000
v 54.583462 8.227133 48.000000
v 54.583462 8.227133 0.000000
v 54.105522 10.937667 0.000000
v 54.105522 10.937667 48.000000
v 53.493065 13.621008 48.000000
v 53.493065 13.621008 0.000000
v 52.747620 16.270485 48.000000
v 52.747620 16.270485 0.000000
v 51.871033 18.879513 0.000000
v 51.871033 18.879513 48.000000
v 50.865486 21.441601 0.000000
v 50.865486 21.441601 48.000000
v 49.733482 23.950382 48.000000
v 49.733482 23.950382 0.000000
v 48.477829 26.399620 0.000000
v 48.477829 26.399620 48.000000
v 47.101658 28.783224 0.000000
v 47.101658 28.783224 48.000000
v 45.608379 31.095266 0.000000
v 45.608379 31.095266 48.000000
v 44.001713 33.330002 0.000000
v 44.001713 33.330002 48.000000
v 42.285652 35.481876 0.000000
v 42.285652 35.481876 48.000000
v 40.464462 37.545536 0.000000
v 40.464462 37.545536 48.000000
v 38.542671 39.515850 0.000000
v 38.542671 39.515850 48.000000
v 36.525059 41.387924 0.000000
v 36.525059 41.387924 48.000000
v 34.416637 43.157097 0.000000
v 34.416637 43.157097 48.000000
v 32.222652 44.818977 0.000000
v 32.222652 44.818977 48.000000
v 29.948553 46.369431 0.000000
v 29.948553 46.369431 48.000000
v 27.600000 47.804604 48.000000
v 27.600000 47.804604 0.000000
v 25.182829 49.120922 0.000000
v 25.182829 49.120922 48.000000
v 22.703049 50.315125 48.000000
v 22.703049 50.315125 0.000000
v 20.166824 51.384232 0.000000
v 20.166824 51.384232 48.000000
v 17.580463 52.325588 48.000000
v 17.580463 52.325588 0.000000
v 14.950394 53.136860 0.000000
v 14.950394 53.136860 48.000000
v 12.283155 53.816021 0.000000
v 12.283155 53.816021 48.000000
v 9.585380 54.361389 48.000000
v 9.585380 54.361389 0.000000
v 6.863772 54.771603 48.000000
v 6.863772 54.771603 0.000000
v 4.125101 55.045650 0.000000
v 4.125101 55.045650 48.000000
v 1.376174 55.182842 48.000000
v 1.376174 55.182842 0.000000
v -1.376174 55.182842 0.000000
v -1.376174 55.182842 48.000000
v -4.125101 55.045650 48.000000
v -4.125101 55.045650 0.000000
v -6.863772 54.771603 0.000000
v -6.863772 54.771603 48.000000
v -9.585380 54.361389 48.000000
v -9.585380 54.361389 0.000000
v -12.283155 53.816021 0.000000
v -12.283155 53.816021 48.000000
v -14.950394 53.136860 0.000000
v -14.950394 53.136860 48.000000
v -17.580463 52.325588 0.000000
v -17.580463 52.325588 48.000000
v -20.166824 51.384232 0.000000
v -20.166824 51.384232 48.000000
v -22.703049 50.315125 0.000000
v -22.703049 50.315125 48.000000
v -25.182829 49.120922 48.000000
v -25.182829 49.120922 0.000000
v -27.600000 47.804604 0.000000
v -27.600000 47.804604 48.000000
v -29.948553 46.369431 0.000000
v -29.948553 46.369431 48.000000
v -32.222652 44.818977 0.000000
v -32.222652 44.818977 48.000000
v -34.416637 43.157097 0.000000
v -34.416637 43.157097 48.000000
v -36.525059 41.387924 0.000000
v -36.525059 41.387924 48.000000
v -38.542671 39.515850 0.000000
v -38.542671 39.515850 48.000000
v -40.464462 37.545536 0.000000
v -40.464462 37.545536 48.000000
v -42.285652 35.481876 0.000000
v -42.285652 35.481876 48.000000
v -44.001713 33.330002 0.000000
v -44.001713 33.330002 48.000000
v -45.608379 31.095266 0.000000
v -45.608379 31.095266 48.000000
v -47.101658 28.783224 0.000000
v -47.101658 28.783224 48.000000
v -48.477829 26.399620 0.000000
v -48.477829 26.399620 48.000000
v -49.733482 23.950382 0.000000
v -49.733482 23.950382 48.000000
v -50.865486 21.441601 0.000000
v -50.865486 21.441601 48.000000
v -51.871033 18.879513 0.000000
v -51.871033 18.879513 48.000000
v -52.747620 16.270485 0.000000
v -52.747620 16.270485 48.000000
v -53.493065 13.621008 0.000000
v -53.493065 13.621008 48.000000
v -54.105522 10.937667 0.000000
v -54.105522 10.937667 48.000000
v -54.583462 8.227133 0.000000
v -54.583462 8.227133 48.000000
v -54.925697 5.496145 0.000000
v -54.925697 5.496145 48.000000
v -55.131382 2.751493 0.000000
v -55.131382 2.751493 48.000000
v -55.200001 -0.000000 0.000000
v -55.200001 -0.000000 48.000000
v -55.131382 -2.751493 0.000000
v -55.131382 -2.751493 48.000000
v -54.925697 -5.496145 0.000000
v -54.925697 -5.496145 48.000000
v -54.583462 -8.227133 0.000000
v -54.583462 -8.227133 48.000000
v -54.105522 -10.937667 0.000000
v -54.105522 -10.937667 48.000000
v -53.493065 -13.621008 0.000000
v -53.493065 -13.621008 48.000000
v -52.747620 -16.270485 0.000000
v -52.747620 -16.270485 48.000000
v -51.871033 -18.879513 0.000000
v -51.871033 -18.879513 48.000000
v -50.865486 -21.441601 0.000000
v -50.865486 -21.441601 48.000000
v -49.733482 -23.950382 0.000000
v -49.733482 -23.950382 48.000000
v -48.477829 -26.399620 0.000000
v -48.477829 -26.399620 48.000000
v -47.101658 -28.783224 0.000000
v -47.101658 -28.783224 48.000000
v -45.608379 -31.095266 0.000000
v -45.608379 -31.095266 48.000000
v -44.001713 -33.330002 0.000000
v -44.001713 -33.330002 48.000000
v -42.285652 -35.481876 0.000000
v -42.285652 -35.481876 48.000000
v -40.464462 -37.545536 0.000000
v -40.464462 -37.545536 48.000000
v -38.542671 -39.515850 0.000000
v -38.542671 -39.515850 48.000000
v -36.525059 -41.387924 0.000000
v -36.525059 -41.387924 48.000000
v -34.416637 -43.157097 0.000000
v -34.416637 -43.157097 48.000000
v -32.222652 -44.818977 0.000000
v -32.222652 -44.818977 48.000000
v -29.948553 -46.369431 0.000000
v -29.948553 -46.369431 48.000000
v -27.600000 -47.804604 0.000000
v -27.600000 -47.804604 48.000000
v -25.182829 -49.120922 0.000000
v -25.182829 -49.120922 48.000000
v -22.703049 -50.315125 0.000000
v -22.703049 -50.315125 48.000000
v -20.166824 -51.384232 0.000000
v -20.166824 -51.384232 48.000000
v -17.580463 -52.325588 0.000000
v -17.580463 -52.325588 48.000000
v -14.950394 -53.136860 0.000000
v -14.950394 -53.136860 48.000000
v -12.283155 -53.816021 0.000000
v -12.283155 -53.816021 48.000000
v -9.585380 -54.361389 0.000000
v -9.585380 -54.361389 48.000000
v -6.863772 -54.771603 0.000000
v -6.863772 -54.771603 48.000000
v -4.125101 -55.045650 0.000000
v -4.125101 -55.045650 48.000000
v -1.376174 -55.182842 48.000000
v -1.376174 -55.182842 0.000000
v 1.376174 -55.182842 0.000000
v 1.376174 -55.182842 48.000000
v 4.125101 -55.045650 0.000000
v 4.125101 -55.045650 48.000000
v 6.863772 -54.771603 0.000000
v 6.863772 -54.771603 48.000000
v 9.585380 -54.361389 0.000000
v 9.585380 -54.361389 48.000000
v 12.283155 -53.816021 48.000000
v 12.283155 -53.816021 0.000000
v 14.950394 -53.136860 48.000000
v 14.950394 -53.136860 0.000000
v 17.580463 -52.325588 0.000000
v 17.580463 -52.325588 48.000000
v 20.166824 -51.384232 0.000000
v 20.166824 -51.384232 48.000000
v 22.703049 -50.315125 0.000000
v 22.703049 -50.315125 48.000000
v 25.182829 -49.120922 48.000000
v 25.182829 -49.120922 0.000000
v 27.600000 -47.804604 0.000000
v 27.600000 -47.804604 48.000000
v 29.948553 -46.369431 0.000000
v 29.948553 -46.369431 48.000000
v 32.222652 -44.818977 0.000000
v 32.222652 -44.818977 48.000000
v 34.416637 -43.157097 48.000000
v 34.416637 -43.157097 0.000000
v 36.525059 -41.387924 0.000000
v 36.525059 -41.387924 48.000000
v 38.542671 -39.515850 48.000000
v 38.542671 -39.515850 0.000000
v 40.464462 -37.545536 0.000000
v 40.464462 -37.545536 48.000000
v 42.285652 -35.481876 0.000000
v 42.285652 -35.481876 48.000000
v 44.001713 -33.330002 0.000000
v 44.001713 -33.330002 48.000000
v 45.608379 -31.095266 0.000000
v 45.608379 -31.095266 48.000000
v 47.101658 -28.783224 0.000000
v 47.101658 -28.783224 48.000000
v 48.477829 -26.399620 0.000000
v 48.477829 -26.399620 48.000000
v 49.733482 -23.950382 0.000000
v 49.733482 -23.950382 48.000000
v 50.865486 -21.441601 0.000000
v 50.865486 -21.441601 48.000000
v 51.871033 -18.879513 0.000000
v 51.871033 -18.879513 48.000000
v 52.747620 -16.270485 0.000000
v 52.747620 -16.270485 48.000000
v 53.493065 -13.621008 0.000000
v 53.493065 -13.621008 48.000000
v 54.105522 -10.937667 0.000000
v 54.105522 -10.937667 48.000000
v 54.583462 -8.227133 0.000000
v 54.583462 -8.227133 48.000000
v 54.925697 -5.496145 0.000000
v 54.925697 -5.496145 48.000000
v 55.131382 -2.751493 0.000000
v 55.131382 -2.751493 48.000000
v -38.265480 -35.505177 0.000000
v -36.448124 -37.368416 0.000000
v -34.540154 -39.138752 0.000000
v -39.987698 -33.553661 0.000000
v -32.546314 -40.811787 0.000000
v -41.610504 -31.518730 0.000000
v -30.471556 -42.383354 0.000000
v -43.129856 -29.405437 0.000000
v -28.321041 -43.849548 0.000000
v -44.541985 -27.219040 0.000000
v -26.100117 -45.206726 0.000000
v -45.843372 -24.964970 0.000000
v -23.814302 -46.451515 0.000000
v -47.030785 -22.648832 0.000000
v -21.469282 -47.580818 0.000000
v -48.101273 -20.276386 0.000000
v -19.070887 -48.591827 0.000000
v -49.052174 -17.853531 0.000000
v -16.625078 -49.482029 0.000000
v -49.881123 -15.386289 0.000000
v -14.137936 -50.249210 0.000000
v -50.586060 -12.880794 0.000000
v -11.615644 -50.891464 0.000000
v -51.165234 -10.343275 0.000000
v -9.064475 -51.407196 0.000000
v -51.617199 -7.780041 0.000000
v -6.490770 -51.795116 0.000000
v -51.940838 -5.197465 0.000000
v -3.900928 -52.054272 0.000000
v -52.135345 -2.601967 0.000000
v -1.301388 -52.184010 0.000000
v -52.200233 -0.000000 0.000000
v 1.301388 -52.184010 0.000000
v -52.135345 2.601967 0.000000
v 3.900928 -52.054272 0.000000
v -51.940838 5.197465 0.000000
v 6.490770 -51.795116 0.000000
v -51.617199 7.780041 0.000000
v 9.064475 -51.407196 0.000000
v -51.165234 10.343275 0.000000
v 11.615644 -50.891464 0.000000
v -50.586060 12.880794 0.000000
v 14.137936 -50.249210 0.000000
v -49.881123 15.386289 0.000000
v 16.625078 -49.482029 0.000000
v -49.052174 17.853531 0.000000
v 19.070887 -48.591827 0.000000
v -48.101273 20.276386 0.000000
v 21.469282 -47.580818 0.000000
v -47.030785 22.648832 0.000000
v 23.814302 -46.451515 0.000000
v -45.843372 24.964970 0.000000
v 26.100117 -45.206726 0.000000
v -44.541985 27.219040 0.000000
v 28.321041 -43.849548 0.000000
v -43.129856 29.405437 0.000000
v 30.471556 -42.383354 0.000000
v -41.610504 31.518730 0.000000
v 32.546314 -40.811787 0.000000
v -39.987698 33.553661 0.000000
v 34.540154 -39.138752 0.000000
v -38.265480 35.505177 0.000000
v 36.448124 -37.368416 0.000000
v -36.448124 37.368416 0.000000
v 38.265480 -35.505177 0.000000
v -34.540154 39.138752 0.000000
v 39.987698 -33.553661 0.000000
v -32.546314 40.811787 0.000000
v 41.610504 -31.518730 0.000000
v -30.471556 42.383354 0.000000
v 43.129856 -29.405437 0.000000
v -28.321041 43.849548 0.000000
v 44.541985 -27.219040 0.000000
v -26.100117 45.206726 0.000000
v 45.843372 -24.964970 0.000000
v -23.814302 46.451515 0.000000
v 47.030785 -22.648832 0.000000
v -21.469282 47.580818 0.000000
v 48.101273 -20.276386 0.000000
v 49.052174 -17.853531 0.000000
v -19.070887 48.591827 0.000000
v -16.625078 49.482029 0.000000
v 49.881123 -15.386289 0.000000
v -14.137936 50.249210 0.000000
v 50.586060 -12.880794 0.000000
v -11.615644 50.891464 0.000000
v -9.064475 51.407196 0.000000
v 51.165234 -10.343275 0.000000
v -6.490770 51.795116 0.000000
v 51.617199 -7.780041 0.000000
v -3.900928 52.054272 0.000000
v 51.940838 -5.197465 0.000000
v 52.135345 -2.601967 0.000000
v -1.301388 52.184010 0.000000
v 1.301388 52.184010 0.000000
v 52.200233 0.000000 0.000000
v 3.900928 52.054272 0.000000
v 52.135345 2.601967 0.000000
v 51.940838 5.197465 0.000000
v 6.490770 51.795116 0.000000
v 51.617199 7.780041 0.000000
v 9.064475 51.407196 0.000000
v 51.165234 10.343275 0.000000
v 11.615644 50.891464 0.000000
v 50.586060 12.880794 0.000000
v 14.137936 50.249210 0.000000
v 49.881123 15.386289 0.000000
v 49.052174 17.853531 0.000000
v 16.625078 49.482029 0.000000
v 19.070887 48.591827 0.000000
v 21.469282 47.580818 0.000000
v 48.101273 20.276386 0.000000
v 47.030785 22.648832 0.000000
v 45.843372 24.964970 0.000000
v 23.814302 46.451515 0.000000
v 44.541985 27.219040 0.000000
v 26.100117 45.206726 0.000000
v 43.129856 29.405437 0.000000
v 28.321041 43.849548 0.000000
v 41.610504 31.518730 0.000000
v 30.471556 42.383354 0.000000
v 32.546314 40.811787 0.000000
v 39.987698 33.553661 0.000000
v 34.540154 39.138752 0.000000
v 36.448124 37.368416 0.000000
v 38.265480 35.505177 0.000000
v -38.265480 -35.505177 48.000000
v -36.448124 -37.368416 48.000000
v -34.540154 -39.138752 48.000000
v -39.987698 -33.553661 48.000000
v -32.546314 -40.811787 48.000000
v -41.610504 -31.518730 48.000000
v -30.471556 -42.383354 48.000000
v -43.129856 -29.405437 48.000000
v -28.321041 -43.849548 48.000000
v -44.541985 -27.219040 48.000000
v -26.100117 -45.206726 48.000000
v -45.843372 -24.964970 48.000000
v -23.814302 -46.451515 48.000000
v -47.030785 -22.648832 48.000000
v -21.469282 -47.580818 48.000000
v -48.101273 -20.276386 48.000000
v -19.070887 -48.591827 48.000000
v -49.052174 -17.853531 48.000000
v -16.625078 -49.482029 48.000000
v -49.881123 -15.386289 48.000000
v -14.137936 -50.249210 48.000000
v -50.586060 -12.880794 48.000000
v -11.615644 -50.891464 48.000000
v -51.165234 -10.343275 48.000000
v -9.064475 -51.407196 48.000000
v -51.617199 -7.780041 48.000000
v -6.490770 -51.795116 48.000000
v -51.940838 -5.197465 48.000000
v -3.900928 -52.054272 48.000000
v -52.135345 -2.601967 48.000000
v -1.301388 -52.184010 48.000000
v -52.200233 -0.000000 48.000000
v 1.301388 -52.184010 48.000000
v -52.135345 2.601967 48.000000
v 3.900928 -52.054272 48.000000
v -51.940838 5.197465 48.000000
v 6.490770 -51.795116 48.000000
v -51.617199 7.780041 48.000000
v 9.064475 -51.407196 48.000000
v -51.165234 10.343275 48.000000
v 11.615644 -50.891464 48.000000
v -50.586060 12.880794 48.000000
v 14.137936 -50.249210 48.000000
v -49.881123 15.386289 48.000000
v 16.625078 -49.482029 48.000000
v -49.052174 17.853531 48.000000
v 19.070887 -48.591827 48.000000
v -48.101273 20.276386 48.000000
v 21.469282 -47.580818 48.000000
v -47.030785 22.648832 48.000000
v 23.814302 -46.451515 48.000000
v -45.843372 24.964970 48.000000
v 26.100117 -45.206726 48.000000
v -44.541985 27.219040 48.000000
v 28.321041 -43.849548 48.000000
v -43.129856 29.405437 48.000000
v 30.471556 -42.383354 48.000000
v -41.610504 31.518730 48.000000
v 32.546314 -40.811787 48.000000
v -39.987698 33.553661 48.000000
v 34.540154 -39.138752 48.000000
v -38.265480 35.505177 48.000000
v 36.448124 -37.368416 48.000000
v -36.448124 37.368416 48.000000
v 38.265480 -35.505177 48.000000
v -34.540154 39.138752 48.000000
v 39.987698 -33.553661 48.000000
v -32.546314 40.811787 48.000000
v 41.610504 -31.518730 48.000000
v -30.471556 42.383354 48.000000
v 43.129856 -29.405437 48.000000
v -28.321041 43.849548 48.000000
v 44.541985 -27.219040 48.000000
v -26.100117 45.206726 48.000000
v 45.843372 -24.964970 48.000000
v -23.814302 46.451515 48.000000
v 47.030785 -22.648832 48.000000
v -21.469282 47.580818 48.000000
v 48.101273 -20.276386 48.000000
v 49.052174 -17.853531 48.000000
v -19.070887 48.591827 48.000000
v -16.625078 49.482029 48.000000
v 49.881123 -15.386289 48.000000
v -14.137936 50.249210 48.000000
v 50.586060 -12.880794 48.000000
v -11.615644 50.891464 48.000000
v -9.064475 51.407196 48.000000
v 51.165234 -10.343275 48.000000
v -6.490770 51.795116 48.000000
v 51.617199 -7.780041 48.000000
v -3.900928 52.054272 48.000000
v 51.940838 -5.197465 48.000000
v 52.135345 -2.601967 48.000000
v -1.301388 52.184010 48.000000
v 1.301388 52.184010 48.000000
v 52.200233 0.000000 48.000000
v 3.900928 52.054272 48.000000
v 52.135345 2.601967 48.000000
v 51.940838 5.197465 48.000000
v 6.490770 51.795116 48.000000
v 51.617199 7.780041 48.000000
v 9.064475 51.407196 48.000000
v 51.165234 10.343275 48.000000
v 11.615644 50.891464 48.000000
v 50.586060 12.880794 48.000000
v 14.137936 50.249210 48.000000
v 49.881123 15.386289 48.000000
v 49.052174 17.853531 48.000000
v 16.625078 49.482029 48.000000
v 19.070887 48.591827 48.000000
v 21.469282 47.580818 48.000000
v 48.101273 20.276386 48.000000
v 47.030785 22.648832 48.000000
v 45.843372 24.964970 48.000000
v 23.814302 46.451515 48.000000
v 44.541985 27.219040 48.000000
v 26.100117 45.206726 48.000000
v 43.129856 29.405437 48.000000
v 28.321041 43.849548 48.000000
v 41.610504 31.518730 48.000000
v 30.471556 42.383354 48.000000
v 32.546314 40.811787 48.000000
v 39.987698 33.553661 48.000000
v 34.540154 39.138752 48.000000
v 36.448124 37.368416 48.000000
v 38.265480 35.505177 48.000000
v 52.200233 0.000000 28.000000
v 52.135345 2.601967 28.000000
v 51.940838 5.197465 28.000000
v 51.617199 7.780041 28.000000
v 51.165234 10.343275 28.000000
v 50.586060 12.880794 28.000000
v 49.881123 15.386289 28.000000
v 49.052174 17.853531 28.000000
v 48.101273 20.276386 28.000000
v 47.030785 22.648832 28.000000
v 45.843372 24.964970 28.000000
v 44.541985 27.219040 28.000000
v 43.129856 29.405437 28.000000
v 41.610504 31.518730 28.000000
v 39.987698 33.553661 28.000000
v 38.265480 35.505177 28.000000
v 36.448124 37.368416 28.000000
v 34.540154 39.138752 28.000000
v 32.546314 40.811787 28.000000
v 30.471556 42.383354 28.000000
v 28.321041 43.849548 28.000000
v 26.100117 45.206726 28.000000
v 23.814302 46.451515 28.000000
v 21.469282 47.580818 28.000000
v 19.070887 48.591827 28.000000
v 16.625078 49.482029 28.000000
v 14.137936 50.249210 28.000000
v 11.615644 50.891464 28.000000
v 9.064475 51.407196 28.000000
v 6.490770 51.795116 28.000000
v 3.900928 52.054272 28.000000
v 1.301388 52.184010 28.000000
v -1.301388 52.184010 28.000000
v -3.900928 52.054272 28.000000
v -6.490770 51.795116 28.000000
v -9.064475 51.407196 28.000000
v -11.615644 50.891464 28.000000
v -14.137936 50.249210 28.000000
v -16.625078 49.482029 28.000000
v -19.070887 48.591827 28.000000
v -21.469282 47.580818 28.000000
v -23.814302 46.451515 28.000000
v -26.100117 45.206726 28.000000
v -28.321041 43.849548 28.000000
v -30.471556 42.383354 28.000000
v -32.546314 40.811787 28.000000
v -34.540154 39.138752 28.000000
v -36.448124 37.368416 28.000000
v -38.265480 35.505177 28.000000
v -39.987698 33.553661 28.000000
v -41.610504 31.518730 28.000000
v -43.129856 29.405437 28.000000
v -44.541985 27.219040 28.000000
v -45.843372 24.964970 28.000000
v -47.030785 22.648832 28.000000
v -48.101273 20.276386 28.000000
v -49.052174 17.853531 28.000000
v -49.881123 15.386289 28.000000
v -50.586060 12.880794 28.000000
v -51.165234 10.343275 28.000000
v -51.617199 7.780041 28.000000
v -51.940838 5.197465 28.000000
v -52.135345 2.601967 28.000000
v -52.200233 -0.000000 28.000000
v -52.135345 -2.601967 28.000000
v -51.940838 -5.197465 28.000000
v -51.617199 -7.780041 28.000000
v -51.165234 -10.343275 28.000000
v -50.586060 -12.880794 28.000000
v -49.881123 -15.386289 28.000000
v -49.052174 -17.853531 28.000000
v -48.101273 -20.276386 28.000000
v -47.030785 -22.648832 28.000000
v -45.843372 -24.964970 28.000000
v -44.541985 -27.219040 28.000000
v -43.129856 -29.405437 28.000000
v -41.610504 -31.518730 28.000000
v -39.987698 -33.553661 28.000000
v -38.265480 -35.505177 28.000000
v -36.448124 -37.368416 28.000000
v -34.540154 -39.138752 28.000000
v -32.546314 -40.811787 28.000000
v -30.471556 -42.383354 28.000000
v -28.321041 -43.849548 28.000000
v -26.100117 -45.206726 28.000000
v -23.814302 -46.451515 28.000000
v -21.469282 -47.580818 28.000000
v -19.070887 -48.591827 28.000000
v -16.625078 -49.482029 28.000000
v -14.137936 -50.249210 28.000000
v -11.615644 -50.891464 28.000000
v -9.064475 -51.407196 28.000000
v -6.490770 -51.795116 28.000000
v -3.900928 -52.054272 28.000000
v -1.301388 -52.184010 28.000000
v 1.301388 -52.184010 28.000000
v 3.900928 -52.054272 28.000000
v 6.490770 -51.795116 28.000000
v 9.064475 -51.407196 28.000000
v 11.615644 -50.891464 28.000000
v 14.137936 -50.249210 28.000000
v 16.625078 -49.482029 28.000000
v 19.070887 -48.591827 28.000000
v 21.469282 -47.580818 28.000000
v 23.814302 -46.451515 28.000000
v 26.100117 -45.206726 28.000000
v 28.321041 -43.849548 28.000000
v 30.471556 -42.383354 28.000000
v 32.546314 -40.811787 28.000000
v 34.540154 -39.138752 28.000000
v 36.448124 -37.368416 28.000000
v 38.265480 -35.505177 28.000000
v 39.987698 -33.553661 28.000000
v 41.610504 -31.518730 28.000000
v 43.129856 -29.405437 28.000000
v 44.541985 -27.219040 28.000000
v 45.843372 -24.964970 28.000000
v 47.030785 -22.648832 28.000000
v 48.101273 -20.276386 28.000000
v 49.052174 -17.853531 28.000000
v 49.881123 -15.386289 28.000000
v 50.586060 -12.880794 28.000000
v 51.165234 -10.343275 28.000000
v 51.617199 -7.780041 28.000000
v 51.940838 -5.197465 28.000000
v 52.135345 -2.601967 28.000000
v 52.200233 0.000000 41.000000
v 52.135345 2.601967 41.000000
v 51.940838 5.197465 41.000000
v 51.617199 7.780041 41.000000
v 51.165234 10.343275 41.000000
v 50.586060 12.880794 41.000000
v 49.881123 15.386289 41.000000
v 49.052174 17.853531 41.000000
v 48.101273 20.276386 41.000000
v 47.030785 22.648832 41.000000
v 45.843372 24.964970 41.000000
v 44.541985 27.219040 41.000000
v 43.129856 29.405437 41.000000
v 41.610504 31.518730 41.000000
v 39.987698 33.553661 41.000000
v 38.265480 35.505177 41.000000
v 36.448124 37.368416 41.000000
v 34.540154 39.138752 41.000000
v 32.546314 40.811787 41.000000
v 30.471556 42.383354 41.000000
v 28.321041 43.849548 41.000000
v 26.100117 45.206726 41.000000
v 23.814302 46.451515 41.000000
v 21.469282 47.580818 41.000000
v 19.070887 48.591827 41.000000
v 16.625078 49.482029 41.000000
v 14.137936 50.249210 41.000000
v 11.615644 50.891464 41.000000
v 9.064475 51.407196 41.000000
v 6.490770 51.795116 41.000000
v 3.900928 52.054272 41.000000
v 1.301388 52.184010 41.000000
v -1.301388 52.184010 41.000000
v -3.900928 52.054272 41.000000
v -6.490770 51.795116 41.000000
v -9.064475 51.407196 41.000000
v -11.615644 50.891464 41.000000
v -14.137936 50.249210 41.000000
v -16.625078 49.482029 41.000000
v -19.070887 48.591827 41.000000
v -21.469282 47.580818 41.000000
v -23.814302 46.451515 41.000000
v -26.100117 45.206726 41.000000
v -28.321041 43.849548 41.000000
v -30.471556 42.383354 41.000000
v -32.546314 40.811787 41.000000
v -34.540154 39.138752 41.000000
v -36.448124 37.368416 41.000000
v -38.265480 35.505177 41.000000
v -39.987698 33.553661 41.000000
v -41.610504 31.518730 41.000000
v -43.129856 29.405437 41.000000
v -44.541985 27.219040 41.000000
v -45.843372 24.964970 41.000000
v -47.030785 22.648832 41.000000
v -48.101273 20.276386 41.000000
v -49.052174 17.853531 41.000000
v -49.881123 15.386289 41.000000
v -50.586060 12.880794 41.000000
v -51.165234 10.343275 41.000000
v -51.617199 7.780041 41.000000
v -51.940838 5.197465 41.000000
v -52.135345 2.601967 41.000000
v -52.200233 -0.000000 41.000000
v -52.135345 -2.601967 41.000000
v -51.940838 -5.197465 41.000000
v -51.617199 -7.780041 41.000000
v -51.165234 -10.343275 41.000000
v -50.586060 -12.880794 41.000000
v -49.881123 -15.386289 41.000000
v -49.052174 -17.853531 41.000000
v -48.101273 -20.276386 41.000000
v -47.030785 -22.648832 41.000000
v -45.843372 -24.964970 41.000000
v -44.541985 -27.219040 41.000000
v -43.129856 -29.405437 41.000000
v -41.610504 -31.518730 41.000000
v -39.987698 -33.553661 41.000000
v -38.265480 -35.505177 41.000000
v -36.448124 -37.368416 41.000000
v -34.540154 -39.138752 41.000000
v -32.546314 -40.811787 41.000000
v -30.471556 -42.383354 41.000000
v -28.321041 -43.849548 41.000000
v -26.100117 -45.206726 41.000000
v -23.814302 -46.451515 41.000000
v -21.469282 -47.580818 41.000000
v -19.070887 -48.591827 41.000000
v -16.625078 -49.482029 41.000000
v -14.137936 -50.249210 41.000000
v -11.615644 -50.891464 41.000000
v -9.064475 -51.407196 41.000000
v -6.490770 -51.795116 41.000000
v -3.900928 -52.054272 41.000000
v -1.301388 -52.184010 41.000000
v 1.301388 -52.184010 41.000000
v 3.900928 -52.054272 41.000000
v 6.490770 -51.795116 41.000000
v 9.064475 -51.407196 41.000000
v 11.615644 -50.891464 41.000000
v 14.137936 -50.249210 41.000000
v 16.625078 -49.482029 41.000000
v 19.070887 -48.591827 41.000000
v 21.469282 -47.580818 41.000000
v 23.814302 -46.451515 41.000000
v 26.100117 -45.206726 41.000000
v 28.321041 -43.849548 41.000000
v 30.471556 -42.383354 41.000000
v 32.546314 -40.811787 41.000000
v 34.540154 -39.138752 41.000000
v 36.448124 -37.368416 41.000000
v 38.265480 -35.505177 41.000000
v 39.987698 -33.553661 41.000000
v 41.610504 -31.518730 41.000000
v 43.129856 -29.405437 41.000000
v 44.541985 -27.219040 41.000000
v 45.843372 -24.964970 41.000000
v 47.030785 -22.648832 41.000000
v 48.101273 -20.276386 41.000000
v 49.052174 -17.853531 41.000000
v 49.881123 -15.386289 41.000000
v 50.586060 -12.880794 41.000000
v 51.165234 -10.343275 41.000000
v 51.617199 -7.780041 41.000000
v 51.940838 -5.197465 41.000000
v 52.135345 -2.601967 41.000000
v -37.218983 -38.158737 28.000000
v -40.833416 -34.263302 28.000000
v -39.074772 -36.256088 28.000000
v -35.270660 -39.966515 28.000000
v -42.490540 -32.185333 28.000000
v -33.234650 -41.674931 28.000000
v -31.116013 -43.279736 28.000000
v -28.920015 -44.776943 28.000000
v -44.042027 -30.027346 28.000000
v -45.484020 -27.794706 28.000000
v -26.652119 -46.162823 28.000000
v -46.812931 -25.492964 28.000000
v -24.317961 -47.433937 28.000000
v -21.923346 -48.587124 28.000000
v -48.025459 -23.127842 28.000000
v -49.118587 -20.705221 28.000000
v -19.474224 -49.619514 28.000000
v -16.976688 -50.528545 28.000000
v -50.089600 -18.231123 28.000000
v -14.436945 -51.311951 28.000000
v -50.936081 -15.711700 28.000000
v -51.655926 -13.153215 28.000000
v -11.861309 -51.967789 28.000000
v -52.247349 -10.562029 28.000000
v -52.708874 -7.944584 28.000000
v -9.256184 -52.494427 28.000000
v -6.628047 -52.890556 28.000000
v -3.983431 -53.155190 28.000000
v -53.039356 -5.307388 28.000000
v -53.237976 -2.656997 28.000000
v -1.328912 -53.287670 28.000000
v -53.304237 -0.000000 28.000000
v 1.328912 -53.287670 28.000000
v -53.237976 2.656997 28.000000
v 3.983431 -53.155190 28.000000
v -53.039356 5.307388 28.000000
v 6.628047 -52.890556 28.000000
v -52.708874 7.944584 28.000000
v 9.256184 -52.494427 28.000000
v -52.247349 10.562029 28.000000
v 11.861309 -51.967789 28.000000
v -51.655926 13.153215 28.000000
v 14.436945 -51.311951 28.000000
v -50.936081 15.711700 28.000000
v 16.976688 -50.528545 28.000000
v -50.089600 18.231123 28.000000
v 19.474224 -49.619514 28.000000
v -49.118587 20.705221 28.000000
v 21.923346 -48.587124 28.000000
v -48.025459 23.127842 28.000000
v 24.317961 -47.433937 28.000000
v -46.812931 25.492964 28.000000
v 26.652119 -46.162823 28.000000
v -45.484020 27.794706 28.000000
v 28.920015 -44.776943 28.000000
v -44.042027 30.027346 28.000000
v 31.116013 -43.279736 28.000000
v -42.490540 32.185333 28.000000
v 33.234650 -41.674931 28.000000
v -40.833416 34.263302 28.000000
v 35.270660 -39.966515 28.000000
v -39.074772 36.256088 28.000000
v 37.218983 -38.158737 28.000000
v -37.218983 38.158737 28.000000
v 39.074772 -36.256088 28.000000
v -35.270660 39.966515 28.000000
v 40.833416 -34.263302 28.000000
v -33.234650 41.674931 28.000000
v 42.490540 -32.185333 28.000000
v -31.116013 43.279736 28.000000
v 44.042027 -30.027346 28.000000
v -28.920015 44.776943 28.000000
v 45.484020 -27.794706 28.000000
v -26.652119 46.162823 28.000000
v 46.812931 -25.492964 28.000000
v -24.317961 47.433937 28.000000
v 48.025459 -23.127842 28.000000
v -21.923346 48.587124 28.000000
v 49.118587 -20.705221 28.000000
v -19.474224 49.619514 28.000000
v 50.089600 -18.231123 28.000000
v -16.976688 50.528545 28.000000
v 50.936081 -15.711700 28.000000
v -14.436945 51.311951 28.000000
v 51.655926 -13.153215 28.000000
v -11.861309 51.967789 28.000000
v 52.247349 -10.562029 28.000000
v -9.256184 52.494427 28.000000
v 52.708874 -7.944584 28.000000
v -6.628047 52.890556 28.000000
v 53.039356 -5.307388 28.000000
v -3.983431 53.155190 28.000000
v 53.237976 -2.656997 28.000000
v -1.328912 53.287670 28.000000
v 53.304237 0.000000 28.000000
v 1.328912 53.287670 28.000000
v 53.237976 2.656997 28.000000
v 3.983431 53.155190 28.000000
v 53.039356 5.307388 28.000000
v 6.628047 52.890556 28.000000
v 52.708874 7.944584 28.000000
v 9.256184 52.494427 28.000000
v 52.247349 10.562029 28.000000
v 11.861309 51.967789 28.000000
v 51.655926 13.153215 28.000000
v 14.436945 51.311951 28.000000
v 50.936081 15.711700 28.000000
v 16.976688 50.528545 28.000000
v 50.089600 18.231123 28.000000
v 19.474224 49.619514 28.000000
v 49.118587 20.705221 28.000000
v 21.923346 48.587124 28.000000
v 48.025459 23.127842 28.000000
v 24.317961 47.433937 28.000000
v 46.812931 25.492964 28.000000
v 26.652119 46.162823 28.000000
v 45.484020 27.794706 28.000000
v 28.920015 44.776943 28.000000
v 44.042027 30.027346 28.000000
v 31.116013 43.279736 28.000000
v 42.490540 32.185333 28.000000
v 33.234650 41.674931 28.000000
v 40.833416 34.263302 28.000000
v 35.270660 39.966515 28.000000
v 39.074772 36.256088 28.000000
v 37.218983 38.158737 28.000000
v -37.218983 -38.158737 41.000000
v -40.833416 -34.263302 41.000000
v -39.074772 -36.256088 41.000000
v -35.270660 -39.966515 41.000000
v -42.490540 -32.185333 41.000000
v -33.234650 -41.674931 41.000000
v -31.116013 -43.279736 41.000000
v -28.920015 -44.776943 41.000000
v -44.042027 -30.027346 41.000000
v -45.484020 -27.794706 41.000000
v -26.652119 -46.162823 41.000000
v -46.812931 -25.492964 41.000000
v -24.317961 -47.433937 41.000000
v -21.923346 -48.587124 41.000000
v -48.025459 -23.127842 41.000000
v -49.118587 -20.705221 41.000000
v -19.474224 -49.619514 41.000000
v -16.976688 -50.528545 41.000000
v -50.089600 -18.231123 41.000000
v -14.436945 -51.311951 41.000000
v -50.936081 -15.711700 41.000000
v -51.655926 -13.153215 41.000000
v -11.861309 -51.967789 41.000000
v -52.247349 -10.562029 41.000000
v -52.708874 -7.944584 41.000000
v -9.256184 -52.494427 41.000000
v -6.628047 -52.890556 41.000000
v -3.983431 -53.155190 41.000000
v -53.039356 -5.307388 41.000000
v -53.237976 -2.656997 41.000000
v -1.328912 -53.287670 41.000000
v -53.304237 -0.000000 41.000000
v 1.328912 -53.287670 41.000000
v -53.237976 2.656997 41.000000
v 3.983431 -53.155190 41.000000
v -53.039356 5.307388 41.000000
v 6.628047 -52.890556 41.000000
v -52.708874 7.944584 41.000000
v 9.256184 -52.494427 41.000000
v -52.247349 10.562029 41.000000
v 11.861309 -51.967789 41.000000
v -51.655926 13.153215 41.000000
v 14.436945 -51.311951 41.000000
v -50.936081 15.711700 41.000000
v 16.976688 -50.528545 41.000000
v -50.089600 18.231123 41.000000
v 19.474224 -49.619514 41.000000
v -49.118587 20.705221 41.000000
v 21.923346 -48.587124 41.000000
v -48.025459 23.127842 41.000000
v 24.317961 -47.433937 41.000000
v -46.812931 25.492964 41.000000
v 26.652119 -46.162823 41.000000
v -45.484020 27.794706 41.000000
v 28.920015 -44.776943 41.000000
v -44.042027 30.027346 41.000000
v 31.116013 -43.279736 41.000000
v -42.490540 32.185333 41.000000
v 33.234650 -41.674931 41.000000
v -40.833416 34.263302 41.000000
v 35.270660 -39.966515 41.000000
v -39.074772 36.256088 41.000000
v 37.218983 -38.158737 41.000000
v -37.218983 38.158737 41.000000
v 39.074772 -36.256088 41.000000
v -35.270660 39.966515 41.000000
v 40.833416 -34.263302 41.000000
v -33.234650 41.674931 41.000000
v 42.490540 -32.185333 41.000000
v -31.116013 43.279736 41.000000
v 44.042027 -30.027346 41.000000
v -28.920015 44.776943 41.000000
v 45.484020 -27.794706 41.000000
v -26.652119 46.162823 41.000000
v 46.812931 -25.492964 41.000000
v -24.317961 47.433937 41.000000
v 48.025459 -23.127842 41.000000
v -21.923346 48.587124 41.000000
v 49.118587 -20.705221 41.000000
v -19.474224 49.619514 41.000000
v 50.089600 -18.231123 41.000000
v -16.976688 50.528545 41.000000
v 50.936081 -15.711700 41.000000
v -14.436945 51.311951 41.000000
v 51.655926 -13.153215 41.000000
v -11.861309 51.967789 41.000000
v 52.247349 -10.562029 41.000000
v -9.256184 52.494427 41.000000
v 52.708874 -7.944584 41.000000
v -6.628047 52.890556 41.000000
v 53.039356 -5.307388 41.000000
v -3.983431 53.155190 41.000000
v 53.237976 -2.656997 41.000000
v -1.328912 53.287670 41.000000
v 53.304237 0.000000 41.000000
v 1.328912 53.287670 41.000000
v 53.237976 2.656997 41.000000
v 3.983431 53.155190 41.000000
v 53.039356 5.307388 41.000000
v 6.628047 52.890556 41.000000
v 52.708874 7.944584 41.000000
v 9.256184 52.494427 41.000000
v 52.247349 10.562029 41.000000
v 11.861309 51.967789 41.000000
v 51.655926 13.153215 41.000000
v 14.436945 51.311951 41.000000
v 50.936081 15.711700 41.000000
v 16.976688 50.528545 41.000000
v 50.089600 18.231123 41.000000
v 19.474224 49.619514 41.000000
v 49.118587 20.705221 41.000000
v 21.923346 48.587124 41.000000
v 48.025459 23.127842 41.000000
v 24.317961 47.433937 41.000000
v 46.812931 25.492964 41.000000
v 26.652119 46.162823 41.000000
v 45.484020 27.794706 41.000000
v 28.920015 44.776943 41.000000
v 44.042027 30.027346 41.000000
v 31.116013 43.279736 41.000000
v 42.490540 32.185333 41.000000
v 33.234650 41.674931 41.000000
v 40.833416 34.263302 41.000000
v 35.270660 39.966515 41.000000
v 39.074772 36.256088 41.000000
v 37.218983 38.158737 41.000000
v 57.221153 -1.000000 -1.983636
v 53.200001 -1.000000 -1.983636
v 53.200001 1.000000 -1.983636
v 57.221153 1.000000 -1.983636
v 57.221153 -1.000000 50.095352
v 57.221153 1.000000 50.095352
v 53.200001 -1.000000 50.095352
v 53.200001 1.000000 50.095352
v 56.862144 6.477414 -1.983636
v 52.875393 5.952549 -1.983636
v 52.614342 7.935438 -1.983636
v 56.601093 8.460304 -1.983636
v 56.862144 6.477414 50.095352
v 56.601093 8.460304 50.095352
v 52.875393 5.952549 50.095352
v 52.614342 7.935438 50.095352
v 55.530209 13.843998 -1.983636
v 51.646072 12.803247 -1.983636
v 51.128433 14.735099 -1.983636
v 55.012569 15.775850 -1.983636
v 55.530209 13.843998 50.095352
v 55.012569 15.775850 50.095352
v 51.646072 12.803247 50.095352
v 51.128433 14.735099 50.095352
v 53.248135 20.973707 -1.983636
v 49.533073 19.434879 -1.983636
v 48.767708 21.282639 -1.983636
v 52.482769 22.821466 -1.983636
v 53.248135 20.973707 50.095352
v 52.482769 22.821466 50.095352
v 49.533073 19.434879 50.095352
v 48.767708 21.282639 50.095352
v 50.054974 27.744551 -1.983636
v 46.572552 25.733974 -1.983636
v 45.572552 27.466026 -1.983636
v 49.054974 29.476603 -1.983636
v 50.054974 27.744551 50.095352
v 49.054974 29.476603 50.095352
v 46.572552 25.733974 50.095352
v 45.572552 27.466026 50.095352
v 46.005356 34.040676 -1.983636
v 42.815159 31.592754 -1.983636
v 41.597637 33.179462 -1.983636
v 44.787830 35.627384 -1.983636
v 46.005356 34.040676 50.095352
v 44.787830 35.627384 50.095352
v 42.815159 31.592754 50.095352
v 41.597637 33.179462 50.095352
v 41.168571 39.754360 -1.983636
v 38.325188 36.910973 -1.983636
v 36.910973 38.325188 -1.983636
v 39.754360 41.168571 -1.983636
v 41.168571 39.754360 50.095352
v 39.754360 41.168571 50.095352
v 38.325188 36.910973 50.095352
v 36.910973 38.325188 50.095352
v 35.627384 44.787830 -1.983636
v 33.179462 41.597637 -1.983636
v 31.592754 42.815159 -1.983636
v 34.040676 46.005356 -1.983636
v 35.627384 44.787830 50.095352
v 34.040676 46.005356 50.095352
v 33.179462 41.597637 50.095352
v 31.592754 42.815159 50.095352
v 29.476603 49.054974 -1.983636
v 27.466026 45.572552 -1.983636
v 25.733974 46.572552 -1.983636
v 27.744551 50.054974 -1.983636
v 29.476603 49.054974 50.095352
v 27.744551 50.054974 50.095352
v 27.466026 45.572552 50.095352
v 25.733974 46.572552 50.095352
v 22.821466 52.482769 -1.983636
v 21.282639 48.767708 -1.983636
v 19.434879 49.533073 -1.983636
v 20.973707 53.248135 -1.983636
v 22.821466 52.482769 50.095352
v 20.973707 53.248135 50.095352
v 21.282639 48.767708 50.095352
v 19.434879 49.533073 50.095352
v 15.775850 55.012569 -1.983636
v 14.735099 51.128433 -1.983636
v 12.803247 51.646072 -1.983636
v 13.843998 55.530209 -1.983636
v 15.775850 55.012569 50.095352
v 13.843998 55.530209 50.095352
v 14.735099 51.128433 50.095352
v 12.803247 51.646072 50.095352
v 8.460304 56.601093 -1.983636
v 7.935438 52.614342 -1.983636
v 5.952549 52.875393 -1.983636
v 6.477414 56.862144 -1.983636
v 8.460304 56.601093 50.095352
v 6.477414 56.862144 50.095352
v 7.935438 52.614342 50.095352
v 5.952549 52.875393 50.095352
v 1.000000 57.221153 -1.983636
v 1.000000 53.200001 -1.983636
v -1.000000 53.200001 -1.983636
v -1.000000 57.221153 -1.983636
v 1.000000 57.221153 50.095352
v -1.000000 57.221153 50.095352
v 1.000000 53.200001 50.095352
v -1.000000 53.200001 50.095352
v -6.477414 56.862144 -1.983636
v -5.952549 52.875393 -1.983636
v -7.935438 52.614342 -1.983636
v -8.460304 56.601093 -1.983636
v -6.477414 56.862144 50.095352
v -8.460304 56.601093 50.095352
v -5.952549 52.875393 50.095352
v -7.935438 52.614342 50.095352
v -13.843998 55.530209 -1.983636
v -12.803247 51.646072 -1.983636
v -14.735099 51.128433 -1.983636
v -15.775850 55.012569 -1.983636
v -13.843998 55.530209 50.095352
v -15.775850 55.012569 50.095352
v -12.803247 51.646072 50.095352
v -14.735099 51.128433 50.095352
v -20.973707 53.248135 -1.983636
v -19.434879 49.533073 -1.983636
v -21.282639 48.767708 -1.983636
v -22.821466 52.482769 -1.983636
v -20.973707 53.248135 50.095352
v -22.821466 52.482769 50.095352
v -19.434879 49.533073 50.095352
v -21.282639 48.767708 50.095352
v -27.744551 50.054974 -1.983636
v -25.733974 46.572552 -1.983636
v -27.466026 45.572552 -1.983636
v -29.476603 49.054974 -1.983636
v -27.744551 50.054974 50.095352
v -29.476603 49.054974 50.095352
v -25.733974 46.572552 50.095352
v -27.466026 45.572552 50.095352
v -34.040676 46.005356 -1.983636
v -31.592754 42.815159 -1.983636
v -33.179462 41.597637 -1.983636
v -35.627384 44.787830 -1.983636
v -34.040676 46.005356 50.095352
v -35.627384 44.787830 50.095352
v -31.592754 42.815159 50.095352
v -33.179462 41.597637 50.095352
v -39.754360 41.168571 -1.983636
v -36.910973 38.325188 -1.983636
v -38.325188 36.910973 -1.983636
v -41.168571 39.754360 -1.983636
v -39.754360 41.168571 50.095352
v -41.168571 39.754360 50.095352
v -36.910973 38.325188 50.095352
v -38.325188 36.910973 50.095352
v -44.787830 35.627384 -1.983636
v -41.597637 33.179462 -1.983636
v -42.815159 31.592754 -1.983636
v -46.005356 34.040676 -1.983636
v -44.787830 35.627384 50.095352
v -46.005356 34.040676 50.095352
v -41.597637 33.179462 50.095352
v -42.815159 31.592754 50.095352
v -49.054974 29.476603 -1.983636
v -45.572552 27.466026 -1.983636
v -46.572552 25.733974 -1.983636
v -50.054974 27.744551 -1.983636
v -49.054974 29.476603 50.095352
v -50.054974 27.744551 50.095352
v -45.572552 27.466026 50.095352
v -46.572552 25.733974 50.095352
v -52.482769 22.821466 -1.983636
v -48.767708 21.282639 -1.983636
v -49.533073 19.434879 -1.983636
v -53.248135 20.973707 -1.983636
v -52.482769 22.821466 50.095352
v -53.248135 20.973707 50.095352
v -48.767708 21.282639 50.095352
v -49.533073 19.434879 50.095352
v -55.012569 15.775850 -1.983636
v -51.128433 14.735099 -1.983636
v -51.646072 12.803247 -1.983636
v -55.530209 13.843998 -1.983636
v -55.012569 15.775850 50.095352
v -55.530209 13.843998 50.095352
v -51.128433 14.735099 50.095352
v -51.646072 12.803247 50.095352
v -56.601093 8.460304 -1.983636
v -52.614342 7.935438 -1.983636
v -52.875393 5.952549 -1.983636
v -56.862144 6.477414 -1.983636
v -56.601093 8.460304 50.095352
v -56.862144 6.477414 50.095352
v -52.614342 7.935438 50.095352
v -52.875393 5.952549 50.095352
v -57.221153 1.000000 -1.983636
v -53.200001 1.000000 -1.983636
v -53.200001 -1.000000 -1.983636
v -57.221153 -1.000000 -1.983636
v -57.221153 1.000000 50.095352
v -57.221153 -1.000000 50.095352
v -53.200001 1.000000 50.095352
v -53.200001 -1.000000 50.095352
v -56.862144 -6.477414 -1.983636
v -52.875393 -5.952549 -1.983636
v -52.614342 -7.935438 -1.983636
v -56.601093 -8.460304 -1.983636
v -56.862144 -6.477414 50.095352
v -56.601093 -8.460304 50.095352
v -52.875393 -5.952549 50.095352
v -52.614342 -7.935438 50.095352
v -55.530209 -13.843998 -1.983636
v -51.646072 -12.803247 -1.983636
v -51.128433 -14.735099 -1.983636
v -55.012569 -15.775850 -1.983636
v -55.530209 -13.843998 50.095352
v -55.012569 -15.775850 50.095352
v -51.646072 -12.803247 50.095352
v -51.128433 -14.735099 50.095352
v -53.248135 -20.973707 -1.983636
v -49.533073 -19.434879 -1.983636
v -48.767708 -21.282639 -1.983636
v -52.482769 -22.821466 -1.983636
v -53.248135 -20.973707 50.095352
v -52.482769 -22.821466 50.095352
v -49.533073 -19.434879 50.095352
v -48.767708 -21.282639 50.095352
v -50.054974 -27.744551 -1.983636
v -46.572552 -25.733974 -1.983636
v -45.572552 -27.466026 -1.983636
v -49.054974 -29.476603 -1.983636
v -50.054974 -27.744551 50.095352
v -49.054974 -29.476603 50.095352
v -46.572552 -25.733974 50.095352
v -45.572552 -27.466026 50.095352
v -46.005356 -34.040676 -1.983636
v -42.815159 -31.592754 -1.983636
v -41.597637 -33.179462 -1.983636
v -44.787830 -35.627384 -1.983636
v -46.005356 -34.040676 50.095352
v -44.787830 -35.627384 50.095352
v -42.815159 -31.592754 50.095352
v -41.597637 -33.179462 50.095352
v -41.168571 -39.754360 -1.983636
v -38.325188 -36.910973 -1.983636
v -36.910973 -38.325188 -1.983636
v -39.754360 -41.168571 -1.983636
v -41.168571 -39.754360 50.095352
v -39.754360 -41.168571 50.095352
v -38.325188 -36.910973 50.095352
v -36.910973 -38.325188 50.095352
v -35.627384 -44.787830 -1.983636
v -33.179462 -41.597637 -1.983636
v -31.592754 -42.815159 -1.983636
v -34.040676 -46.005356 -1.983636
v -35.627384 -44.787830 50.095352
v -34.040676 -46.005356 50.095352
v -33.179462 -41.597637 50.095352
v -31.592754 -42.815159 50.095352
v -29.476603 -49.054974 -1.983636
v -27.466026 -45.572552 -1.983636
v -25.733974 -46.572552 -1.983636
v -27.744551 -50.054974 -1.983636
v -29.476603 -49.054974 50.095352
v -27.744551 -50.054974 50.095352
v -27.466026 -45.572552 50.095352
v -25.733974 -46.572552 50.095352
v -22.821466 -52.482769 -1.983636
v -21.282639 -48.767708 -1.983636
v -19.434879 -49.533073 -1.983636
v -20.973707 -53.248135 -1.983636
v -22.821466 -52.482769 50.095352
v -20.973707 -53.248135 50.095352
v -21.282639 -48.767708 50.095352
v -19.434879 -49.533073 50.095352
v -15.775850 -55.012569 -1.983636
v -14.735099 -51.128433 -1.983636
v -12.803247 -51.646072 -1.983636
v -13.843998 -55.530209 -1.983636
v -15.775850 -55.012569 50.095352
v -13.843998 -55.530209 50.095352
v -14.735099 -51.128433 50.095352
v -12.803247 -51.646072 50.095352
v -8.460304 -56.601093 -1.983636
v -7.935438 -52.614342 -1.983636
v -5.952549 -52.875393 -1.983636
v -6.477414 -56.862144 -1.983636
v -8.460304 -56.601093 50.095352
v -6.477414 -56.862144 50.095352
v -7.935438 -52.614342 50.095352
v -5.952549 -52.875393 50.095352
v -1.000000 -57.221153 -1.983636
v -1.000000 -53.200001 -1.983636
v 1.000000 -53.200001 -1.983636
v 1.000000 -57.221153 -1.983636
v -1.000000 -57.221153 50.095352
v 1.000000 -57.221153 50.095352
v -1.000000 -53.200001 50.095352
v 1.000000 -53.200001 50.095352
v 6.477414 -56.862144 -1.983636
v 5.952549 -52.875393 -1.983636
v 7.935438 -52.614342 -1.983636
v 8.460304 -56.601093 -1.983636
v 6.477414 -56.862144 50.095352
v 8.460304 -56.601093 50.095352
v 5.952549 -52.875393 50.095352
v 7.935438 -52.614342 50.095352
v 13.843998 -55.530209 -1.983636
v 12.803247 -51.646072 -1.983636
v 14.735099 -51.128433 -1.983636
v 15.775850 -55.012569 -1.983636
v 13.843998 -55.530209 50.095352
v 15.775850 -55.012569 50.095352
v 12.803247 -51.646072 50.095352
v 14.735099 -51.128433 50.095352
v 20.973707 -53.248135 -1.983636
v 19.434879 -49.533073 -1.983636
v 21.282639 -48.767708 -1.983636
v 22.821466 -52.482769 -1.983636
v 20.973707 -53.248135 50.095352
v 22.821466 -52.482769 50.095352
v 19.434879 -49.533073 50.095352
v 21.282639 -48.767708 50.095352
v 27.744551 -50.054974 -1.983636
v 25.733974 -46.572552 -1.983636
v 27.466026 -45.572552 -1.983636
v 29.476603 -49.054974 -1.983636
v 27.744551 -50.054974 50.095352
v 29.476603 -49.054974 50.095352
v 25.733974 -46.572552 50.095352
v 27.466026 -45.572552 50.095352
v 34.040676 -46.005356 -1.983636
v 31.592754 -42.815159 -1.983636
v 33.179462 -41.597637 -1.983636
v 35.627384 -44.787830 -1.983636
v 34.040676 -46.005356 50.095352
v 35.627384 -44.787830 50.095352
v 31.592754 -42.815159 50.095352
v 33.179462 -41.597637 50.095352
v 39.754360 -41.168571 -1.983636
v 36.910973 -38.325188 -1.983636
v 38.325188 -36.910973 -1.983636
v 41.168571 -39.754360 -1.983636
v 39.754360 -41.168571 50.095352
v 41.168571 -39.754360 50.095352
v 36.910973 -38.325188 50.095352
v 38.325188 -36.910973 50.095352
v 44.787830 -35.627384 -1.983636
v 41.597637 -33.179462 -1.983636
v 42.815159 -31.592754 -1.983636
v 46.005356 -34.040676 -1.983636
v 44.787830 -35.627384 50.095352
v 46.005356 -34.040676 50.095352
v 41.597637 -33.179462 50.095352
v 42.815159 -31.592754 50.095352
v 49.054974 -29.476603 -1.983636
v 45.572552 -27.466026 -1.983636
v 46.572552 -25.733974 -1.983636
v 50.054974 -27.744551 -1.983636
v 49.054974 -29.476603 50.095352
v 50.054974 -27.744551 50.095352
v 45.572552 -27.466026 50.095352
v 46.572552 -25.733974 50.095352
v 52.482769 -22.821466 -1.983636
v 48.767708 -21.282639 -1.983636
v 49.533073 -19.434879 -1.983636
v 53.248135 -20.973707 -1.983636
v 52.482769 -22.821466 50.095352
v 53.248135 -20.973707 50.095352
v 48.767708 -21.282639 50.095352
v 49.533073 -19.434879 50.095352
v 55.012569 -15.775850 -1.983636
v 51.128433 -14.735099 -1.983636
v 51.646072 -12.803247 -1.983636
v 55.530209 -13.843998 -1.983636
v 55.012569 -15.775850 50.095352
v 55.530209 -13.843998 50.095352
v 51.128433 -14.735099 50.095352
v 51.646072 -12.803247 50.095352
v 56.601093 -8.460304 -1.983636
v 52.614342 -7.935438 -1.983636
v 52.875393 -5.952549 -1.983636
v 56.862144 -6.477414 -1.983636
v 56.601093 -8.460304 50.095352
v 56.862144 -6.477414 50.095352
v 52.614342 -7.935438 50.095352
v 52.875393 -5.952549 50.095352
vn 0.999689 0.024931 -0.000000
vn 0.999689 0.024931 0.000000
vn 0.997204 0.074731 0.000000
vn 0.992239 0.124343 0.000000
vn 0.997204 0.074731 -0.000000
vn 0.992239 0.124343 0.000000
vn 0.984808 0.173648 0.000000
vn 0.974928 0.222522 0.000000
vn 0.984808 0.173648 -0.000000
vn 0.962624 0.270840 0.000000
vn 0.974928 0.222522 0.000000
vn 0.962624 0.270840 0.000000
vn 0.947927 0.318487 0.000000
vn 0.947927 0.318487 -0.000000
vn 0.930874 0.365341 0.000000
vn 0.911506 0.411287 0.000000
vn 0.930874 0.365341 -0.000000
vn 0.911506 0.411287 0.000000
vn 0.889871 0.456211 0.000000
vn 0.889871 0.456211 -0.000000
vn 0.866026 0.499999 -0.000000
vn 0.866026 0.499999 0.000000
vn 0.840025 0.542547 -0.000000
vn 0.840025 0.542547 0.000000
vn 0.811938 0.583744 -0.000000
vn 0.811938 0.583744 0.000000
vn 0.781832 0.623489 -0.000000
vn 0.781832 0.623489 0.000000
vn 0.749781 0.661686 0.000000
vn 0.749781 0.661686 -0.000000
vn 0.715867 0.698237 0.000000
vn 0.715867 0.698237 -0.000000
vn 0.680173 0.733051 0.000000
vn 0.680173 0.733051 -0.000000
vn 0.642787 0.766045 0.000000
vn 0.642787 0.766045 -0.000000
vn 0.603805 0.797132 0.000000
vn 0.603805 0.797132 -0.000000
vn 0.563320 0.826239 0.000000
vn 0.521436 0.853291 0.000000
vn 0.563320 0.826239 -0.000000
vn 0.521436 0.853291 0.000000
vn 0.478253 0.878222 0.000000
vn 0.433885 0.900968 0.000000
vn 0.478253 0.878222 -0.000000
vn 0.433885 0.900968 0.000000
vn 0.388434 0.921476 0.000000
vn 0.342020 0.939693 0.000000
vn 0.388434 0.921476 -0.000000
vn 0.342020 0.939693 0.000000
vn 0.294756 0.955573 0.000000
vn 0.294756 0.955573 -0.000000
vn 0.246757 0.969077 0.000000
vn 0.198147 0.980172 0.000000
vn 0.246757 0.969077 -0.000000
vn 0.149041 0.988831 0.000000
vn 0.198147 0.980172 0.000000
vn 0.149041 0.988831 0.000000
vn 0.099569 0.995031 0.000000
vn 0.049845 0.998757 0.000000
vn 0.099569 0.995031 -0.000000
vn 0.049845 0.998757 0.000000
vn 0.000000 1.000000 0.000000
vn -0.049845 0.998757 0.000000
vn 0.000000 1.000000 -0.000000
vn -0.049845 0.998757 0.000000
vn -0.099569 0.995031 0.000000
vn -0.149041 0.988831 0.000000
vn -0.099569 0.995031 0.000000
vn -0.149041 0.988831 0.000000
vn -0.198147 0.980172 0.000000
vn -0.198147 0.980172 0.000000
vn -0.246757 0.969077 0.000000
vn -0.246757 0.969077 0.000000
vn -0.294756 0.955573 0.000000
vn -0.294756 0.955573 0.000000
vn -0.342020 0.939693 0.000000
vn -0.342020 0.939693 0.000000
vn -0.388434 0.921476 0.000000
vn -0.388434 0.921476 0.000000
vn -0.433885 0.900968 0.000000
vn -0.433885 0.900968 0.000000
vn -0.478253 0.878222 0.000000
vn -0.478253 0.878222 0.000000
vn -0.521436 0.853291 0.000000
vn -0.521436 0.853291 0.000000
vn -0.563320 0.826239 0.000000
vn -0.563320 0.826239 0.000000
vn -0.603805 0.797132 0.000000
vn -0.603805 0.797132 0.000000
vn -0.642787 0.766045 0.000000
vn -0.642787 0.766045 0.000000
vn -0.680173 0.733051 0.000000
vn -0.680173 0.733051 0.000000
vn -0.715867 0.698237 0.000000
vn -0.715867 0.698237 0.000000
vn -0.749781 0.661686 0.000000
vn -0.749781 0.661686 0.000000
vn -0.781832 0.623489 0.000000
vn -0.781832 0.623489 0.000000
vn -0.811938 0.583744 0.000000
vn -0.811938 0.583744 0.000000
vn -0.840025 0.542547 0.000000
vn -0.840025 0.542547 0.000000
vn -0.866026 0.499999 0.000000
vn -0.866026 0.499999 0.000000
vn -0.889871 0.456211 0.000000
vn -0.889871 0.456211 0.000000
vn -0.911506 0.411287 0.000000
vn -0.911506 0.411287 0.000000
vn -0.930874 0.365341 0.000000
vn -0.930874 0.365341 0.000000
vn -0.947927 0.318487 0.000000
vn -0.947927 0.318487 0.000000
vn -0.962624 0.270840 0.000000
vn -0.962624 0.270840 0.000000
vn -0.974928 0.222522 0.000000
vn -0.974928 0.222522 0.000000
vn -0.984808 0.173648 0.000000
vn -0.984808 0.173648 0.000000
vn -0.992239 0.124343 0.000000
vn -0.992239 0.124343 0.000000
vn -0.997204 0.074731 0.000000
vn -0.997204 0.074731 0.000000
vn -0.999689 0.024931 0.000000
vn -0.999689 0.024931 0.000000
vn -0.999689 -0.024931 0.000000
vn -0.999689 -0.024931 0.000000
vn -0.997204 -0.074731 0.000000
vn -0.997204 -0.074731 0.000000
vn -0.992239 -0.124343 0.000000
vn -0.992239 -0.124343 0.000000
vn -0.984808 -0.173648 0.000000
vn -0.984808 -0.173648 0.000000
vn -0.974928 -0.222522 0.000000
vn -0.974928 -0.222522 0.000000
vn -0.962624 -0.270840 0.000000
vn -0.962624 -0.270840 0.000000
vn -0.947927 -0.318487 0.000000
vn -0.947927 -0.318487 0.000000
vn -0.930874 -0.365341 0.000000
vn -0.930874 -0.365341 0.000000
vn -0.911506 -0.411287 0.000000
vn -0.911506 -0.411287 0.000000
vn -0.889871 -0.456211 0.000000
vn -0.889871 -0.456211 0.000000
vn -0.866026 -0.499999 0.000000
vn -0.866026 -0.499999 0.000000
vn -0.840025 -0.542547 0.000000
vn -0.840025 -0.542547 0.000000
vn -0.811938 -0.583744 0.000000
vn -0.811938 -0.583744 0.000000
vn -0.781832 -0.623489 0.000000
vn -0.781832 -0.623489 0.000000
vn -0.749781 -0.661686 0.000000
vn -0.749781 -0.661686 0.000000
vn -0.715867 -0.698237 0.000000
vn -0.715867 -0.698237 0.000000
vn -0.680173 -0.733051 0.000000
vn -0.680173 -0.733051 0.000000
vn -0.642787 -0.766045 0.000000
vn -0.642787 -0.766045 0.000000
vn -0.603805 -0.797132 0.000000
vn -0.603805 -0.797132 0.000000
vn -0.563320 -0.826239 0.000000
vn -0.563320 -0.826239 0.000000
vn -0.521436 -0.853291 0.000000
vn -0.521436 -0.853291 0.000000
vn -0.478253 -0.878222 0.000000
vn -0.478253 -0.878222 0.000000
vn -0.433885 -0.900968 0.000000
vn -0.433885 -0.900968 0.000000
vn -0.388434 -0.921476 0.000000
vn -0.388434 -0.921476 0.000000
vn -0.342020 -0.939693 0.000000
vn -0.342020 -0.939693 0.000000
vn -0.294756 -0.955573 0.000000
vn -0.294756 -0.955573 0.000000
vn -0.246757 -0.969077 0.000000
vn -0.246757 -0.969077 0.000000
vn -0.198147 -0.980172 0.000000
vn -0.198147 -0.980172 0.000000
vn -0.149041 -0.988831 0.000000
vn -0.149041 -0.988831 0.000000
vn -0.099569 -0.995031 0.000000
vn -0.099569 -0.995031 0.000000
vn -0.049845 -0.998757 -0.000000
vn -0.049845 -0.998757 0.000000
vn 0.000000 -1.000000 0.000000
vn 0.000000 -1.000000 0.000000
vn 0.049845 -0.998757 0.000000
vn 0.049845 -0.998757 0.000000
vn 0.099569 -0.995031 0.000000
vn 0.099569 -0.995031 0.000000
vn 0.149041 -0.988831 0.000000
vn 0.149041 -0.988831 0.000000
vn 0.246757 -0.969077 0.000000
vn 0.198147 -0.980172 0.000000
vn 0.198147 -0.980172 0.000000
vn 0.246757 -0.969077 0.000000
vn 0.294756 -0.955573 0.000000
vn 0.294756 -0.955573 0.000000
vn 0.342020 -0.939693 0.000000
vn 0.342020 -0.939693 0.000000
vn 0.388434 -0.921476 0.000000
vn 0.433885 -0.900968 0.000000
vn 0.388434 -0.921476 0.000000
vn 0.433885 -0.900968 0.000000
vn 0.478253 -0.878222 0.000000
vn 0.478253 -0.878222 0.000000
vn 0.521436 -0.853291 0.000000
vn 0.521436 -0.853291 0.000000
vn 0.563320 -0.826239 0.000000
vn 0.603805 -0.797132 0.000000
vn 0.563320 -0.826239 0.000000
vn 0.603805 -0.797132 0.000000
vn 0.642787 -0.766045 0.000000
vn 0.680173 -0.733051 0.000000
vn 0.642787 -0.766045 0.000000
vn 0.680173 -0.733051 0.000000
vn 0.715867 -0.698237 0.000000
vn 0.715867 -0.698237 0.000000
vn 0.749781 -0.661686 0.000000
vn 0.749781 -0.661686 0.000000
vn 0.781832 -0.623489 0.000000
vn 0.781832 -0.623489 0.000000
vn 0.811938 -0.583744 0.000000
vn 0.811938 -0.583744 0.000000
vn 0.840025 -0.542547 0.000000
vn 0.840025 -0.542547 0.000000
vn 0.866026 -0.499999 0.000000
vn 0.866026 -0.499999 0.000000
vn 0.889871 -0.456211 0.000000
vn 0.889871 -0.456211 0.000000
vn 0.911506 -0.411287 0.000000
vn 0.911506 -0.411287 0.000000
vn 0.930874 -0.365341 0.000000
vn 0.930874 -0.365341 0.000000
vn 0.947927 -0.318487 0.000000
vn 0.947927 -0.318487 0.000000
vn 0.962624 -0.270840 0.000000
vn 0.962624 -0.270840 0.000000
vn 0.974928 -0.222522 0.000000
vn 0.974928 -0.222522 0.000000
vn 0.984808 -0.173648 0.000000
vn 0.984808 -0.173648 0.000000
vn 0.992239 -0.124343 0.000000
vn 0.992239 -0.124343 0.000000
vn 0.997204 -0.074731 0.000000
vn 0.997204 -0.074731 0.000000
vn 0.999689 -0.024931 0.000000
vn 0.999689 -0.024931 0.000000
vn 0.000000 0.000000 -1.000000
vn 0.000000 0.000000 -1.000000
vn 0.000000 0.000000 -1.000000
vn 0.000000 -0.000000 -1.000000
vn 0.000000 0.000000 -1.000000
vn 0.000000 0.000000 -1.000000
vn 0.000000 0.000000 -1.000000
vn 0.000000 -0.000000 -1.000000
vn 0.000000 0.000000 -1.000000
vn 0.000000 0.000000 -1.000000
vn 0.000000 -0.000000 -1.000000
vn 0.000000 0.000000 -1.000000
vn 0.000000 0.000000 -1.000000
vn 0.000000 0.000000 -1.000000
vn 0.000000 0.000000 -1.000000
vn 0.000000 0.000000 -1.000000
vn 0.000000 -0.000000 -1.000000
vn 0.000000 0.000000 -1.000000
vn 0.000000 0.000000 -1.000000
vn 0.000000 0.000000 -1.000000
vn 0.000000 0.000000 -1.000000
vn 0.000000 0.000000 -1.000000
vn 0.000000 0.000000 -1.000000
vn 0.000000 0.000000 -1.000000
vn 0.000000 0.000000 -1.000000
vn 0.000000 0.000000 -1.000000
vn 0.000000 0.000000 -1.000000
vn 0.000000 0.000000 -1.000000
vn 0.000000 -0.000000 -1.000000
vn 0.000000 0.000000 -1.000000
vn 0.000000 0.000000 -1.000000
vn 0.000000 0.000000 -1.000000
vn 0.000000 0.000000 -1.000000
vn 0.000000 0.000000 -1.000000
vn 0.000000 -0.000000 -1.000000
vn 0.000000 0.000000 -1.000000
vn 0.000000 0.000000 -1.000000
vn 0.000000 0.000000 -1.000000
vn 0.000000 -0.000000 -1.000000
vn 0.000000 0.000000 -1.000000
vn 0.000000 0.000000 -1.000000
vn 0.000000 0.000000 -1.000000
vn 0.000000 0.000000 -1.000000
vn 0.000000 0.000000 -1.000000
vn 0.000000 0.000000 -1.000000
vn 0.000000 0.000000 -1.000000
vn 0.000000 -0.000000 -1.000000
vn 0.000000 0.000000 -1.000000
vn 0.000000 0.000000 -1.000000
vn 0.000000 0.000000 -1.000000
vn 0.000000 0.000000 -1.000000
vn 0.000000 0.000000 -1.000000
vn 0.000000 0.000000 -1.000000
vn 0.000000 0.000000 -1.000000
vn 0.000000 -0.000000 -1.000000
vn 0.000000 0.000000 -1.000000
vn 0.000000 0.000000 -1.000000
vn 0.000000 0.000000 -1.000000
vn 0.000000 -0.000000 -1.000000
vn 0.000000 0.000000 -1.000000
vn 0.000000 0.000000 -1.000000
vn 0.000000 0.000000 -1.000000
vn 0.000000 -0.000000 -1.000000
vn 0.000000 0.000000 -1.000000
vn 0.000000 -0.000000 -1.000000
vn 0.000000 0.000000 -1.000000
vn 0.000000 0.000000 -1.000000
vn 0.000000 0.000000 -1.000000
vn 0.000000 -0.000000 -1.000000
vn 0.000000 0.000000 -1.000000
vn 0.000000 0.000000 -1.000000
vn 0.000000 0.000000 -1.000000
vn 0.000000 -0.000000 -1.000000
vn 0.000000 0.000000 -1.000000
vn 0.000000 0.000000 -1.000000
vn 0.000000 0.000000 -1.000000
vn 0.000000 0.000000 -1.000000
vn 0.000000 -0.000000 -1.000000
vn 0.000000 0.000000 -1.000000
vn 0.000000 0.000000 -1.000000
vn 0.000000 0.000000 -1.000000
vn 0.000000 0.000000 -1.000000
vn 0.000000 0.000000 -1.000000
vn 0.000000 0.000000 -1.000000
vn 0.000000 0.000000 -1.000000
vn 0.000000 -0.000000 -1.000000
vn 0.000000 0.000000 -1.000000
vn 0.000000 0.000000 -1.000000
vn 0.000000 0.000000 -1.000000
vn 0.000000 -0.000000 -1.000000
vn 0.000000 0.000000 -1.000000
vn 0.000000 0.000000 -1.000000
vn 0.000000 0.000000 -1.000000
vn 0.000000 -0.000000 -1.000000
vn 0.000000 0.000000 -1.000000
vn 0.000000 0.000000 -1.000000
vn 0.000000 0.000000 -1.000000
vn 0.000000 0.000000 -1.000000
vn 0.000000 0.000000 -1.000000
vn 0.000000 0.000000 -1.000000
vn 0.000000 0.000000 -1.000000
vn 0.000000 -0.000000 -1.000000
vn 0.000000 0.000000 -1.000000
vn 0.000000 0.000000 -1.000000
vn 0.000000 0.000000 -1.000000
vn 0.000000 -0.000000 -1.000000
vn 0.000000 0.000000 -1.000000
vn 0.000000 0.000000 -1.000000
vn 0.000000 -0.000000 -1.000000
vn 0.000000 0.000000 -1.000000
vn 0.000000 0.000000 -1.000000
vn 0.000000 0.000000 -1.000000
vn 0.000000 0.000000 -1.000000
vn 0.000000 0.000000 -1.000000
vn 0.000000 0.000000 -1.000000
vn 0.000000 0.000000 -1.000000
vn 0.000000 0.000000 -1.000000
vn 0.000000 0.000000 -1.000000
vn 0.000000 0.000000 -1.000000
vn 0.000000 0.000000 -1.000000
vn 0.000000 -0.000000 -1.000000
vn 0.000000 0.000000 -1.000000
vn 0.000000 0.000000 -1.000000
vn 0.000000 0.000000 -1.000000
vn 0.000000 0.000000 -1.000000
vn 0.000000 0.000000 -1.000000
vn 0.000000 -0.000000 -1.000000
vn 0.000000 0.000000 -1.000000
vn 0.000000 0.000000 -1.000000
vn 0.000000 0.000000 -1.000000
vn 0.000000 0.000000 -1.000000
vn 0.000000 -0.000000 -1.000000
vn 0.000000 0.000000 -1.000000
vn 0.000000 0.000000 -1.000000
vn 0.000000 0.000000 -1.000000
vn 0.000000 0.000000 -1.000000
vn 0.000000 0.000000 -1.000000
vn 0.000000 0.000000 -1.000000
vn 0.000000 0.000000 -1.000000
vn 0.000000 -0.000000 -1.000000
vn 0.000000 0.000000 -1.000000
vn 0.000000 0.000000 -1.000000
vn 0.000000 0.000000 -1.000000
vn 0.000000 0.000000 -1.000000
vn 0.000000 0.000000 -1.000000
vn 0.000000 0.000000 -1.000000
vn 0.000000 -0.000000 -1.000000
vn 0.000000 0.000000 -1.000000
vn 0.000000 0.000000 -1.000000
vn 0.000000 0.000000 -1.000000
vn 0.000000 -0.000000 -1.000000
vn 0.000000 0.000000 -1.000000
vn 0.000000 0.000000 -1.000000
vn 0.000000 0.000000 -1.000000
vn 0.000000 -0.000000 -1.000000
vn 0.000000 0.000000 -1.000000
vn 0.000000 0.000000 -1.000000
vn 0.000000 0.000000 -1.000000
vn 0.000000 0.000000 -1.000000
vn 0.000000 0.000000 -1.000000
vn 0.000000 0.000000 -1.000000
vn 0.000000 0.000000 -1.000000
vn 0.000000 -0.000000 -1.000000
vn 0.000000 0.000000 -1.000000
vn 0.000000 0.000000 -1.000000
vn 0.000000 0.000000 -1.000000
vn 0.000000 0.000000 -1.000000
vn 0.000000 -0.000000 -1.000000
vn 0.000000 0.000000 -1.000000
vn 0.000000 0.000000 -1.000000
vn 0.000000 0.000000 -1.000000
vn 0.000000 -0.000000 -1.000000
vn 0.000000 0.000000 -1.000000
vn 0.000000 0.000000 -1.000000
vn 0.000000 0.000000 -1.000000
vn 0.000000 -0.000000 -1.000000
vn 0.000000 0.000000 -1.000000
vn 0.000000 0.000000 -1.000000
vn 0.000000 0.000000 -1.000000
vn 0.000000 0.000000 -1.000000
vn 0.000000 -0.000000 -1.000000
vn 0.000000 0.000000 -1.000000
vn 0.000000 -0.000000 -1.000000
vn 0.000000 0.000000 -1.000000
vn 0.000000 0.000000 -1.000000
vn 0.000000 0.000000 -1.000000
vn 0.000000 0.000000 -1.000000
vn 0.000000 0.000000 -1.000000
vn 0.000000 -0.000000 -1.000000
vn 0.000000 0.000000 -1.000000
vn 0.000000 0.000000 -1.000000
vn 0.000000 0.000000 -1.000000
vn 0.000000 0.000000 -1.000000
vn 0.000000 0.000000 -1.000000
vn 0.000000 0.000000 -1.000000
vn 0.000000 0.000000 -1.000000
vn 0.000000 -0.000000 -1.000000
vn 0.000000 0.000000 -1.000000
vn 0.000000 0.000000 -1.000000
vn 0.000000 0.000000 -1.000000
vn 0.000000 0.000000 -1.000000
vn 0.000000 -0.000000 -1.000000
vn 0.000000 0.000000 -1.000000
vn 0.000000 0.000000 -1.000000
vn 0.000000 -0.000000 -1.000000
vn 0.000000 0.000000 -1.000000
vn 0.000000 0.000000 -1.000000
vn 0.000000 0.000000 -1.000000
vn 0.000000 0.000000 -1.000000
vn 0.000000 -0.000000 -1.000000
vn 0.000000 0.000000 -1.000000
vn 0.000000 0.000000 -1.000000
vn 0.000000 0.000000 -1.000000
vn 0.000000 0.000000 -1.000000
vn 0.000000 -0.000000 -1.000000
vn 0.000000 0.000000 -1.000000
vn 0.000000 0.000000 -1.000000
vn 0.000000 0.000000 -1.000000
vn 0.000000 -0.000000 -1.000000
vn 0.000000 0.000000 -1.000000
vn 0.000000 0.000000 -1.000000
vn 0.000000 0.000000 -1.000000
vn 0.000000 0.000000 -1.000000
vn 0.000000 0.000000 -1.000000
vn 0.000000 0.000000 -1.000000
vn 0.000000 -0.000000 -1.000000
vn 0.000000 0.000000 -1.000000
vn 0.000000 0.000000 -1.000000
vn 0.000000 0.000000 -1.000000
vn 0.000000 -0.000000 -1.000000
vn 0.000000 0.000000 -1.000000
vn 0.000000 0.000000 -1.000000
vn 0.000000 0.000000 -1.000000
vn 0.000000 -0.000000 -1.000000
vn 0.000000 0.000000 -1.000000
vn 0.000000 0.000000 -1.000000
vn 0.000000 0.000000 -1.000000
vn 0.000000 -0.000000 -1.000000
vn 0.000000 0.000000 -1.000000
vn 0.000000 0.000000 -1.000000
vn 0.000000 0.000000 -1.000000
vn 0.000000 0.000000 -1.000000
vn 0.000000 0.000000 -1.000000
vn 0.000000 0.000000 -1.000000
vn 0.000000 0.000000 -1.000000
vn 0.000000 0.000000 -1.000000
vn 0.000000 -0.000000 -1.000000
vn 0.000000 0.000000 -1.000000
vn 0.000000 0.000000 -1.000000
vn 0.000000 0.000000 -1.000000
vn 0.000000 -0.000000 -1.000000
vn 0.000000 0.000000 -1.000000
vn 0.000000 0.000000 1.000000
vn 0.000000 0.000000 1.000000
vn 0.000000 0.000000 1.000000
vn 0.000000 0.000000 1.000000
vn 0.000000 0.000000 1.000000
vn 0.000000 0.000000 1.000000
vn 0.000000 0.000000 1.000000
vn 0.000000 0.000000 1.000000
vn 0.000000 0.000000 1.000000
vn 0.000000 0.000000 1.000000
vn 0.000000 0.000000 1.000000
vn 0.000000 0.000000 1.000000
vn 0.000000 0.000000 1.000000
vn 0.000000 0.000000 1.000000
vn 0.000000 0.000000 1.000000
vn 0.000000 0.000000 1.000000
vn 0.000000 0.000000 1.000000
vn 0.000000 0.000000 1.000000
vn 0.000000 0.000000 1.000000
vn 0.000000 0.000000 1.000000
vn 0.000000 0.000000 1.000000
vn 0.000000 0.000000 1.000000
vn 0.000000 0.000000 1.000000
vn 0.000000 0.000000 1.000000
vn 0.000000 0.000000 1.000000
vn 0.000000 0.000000 1.000000
vn 0.000000 0.000000 1.000000
vn 0.000000 0.000000 1.000000
vn 0.000000 0.000000 1.000000
vn 0.000000 0.000000 1.000000
vn 0.000000 0.000000 1.000000
vn 0.000000 0.000000 1.000000
vn 0.000000 0.000000 1.000000
vn 0.000000 0.000000 1.000000
vn 0.000000 0.000000 1.000000
vn 0.000000 0.000000 1.000000
vn 0.000000 0.000000 1.000000
vn 0.000000 0.000000 1.000000
vn 0.000000 0.000000 1.000000
vn 0.000000 0.000000 1.000000
vn 0.000000 0.000000 1.000000
vn 0.000000 0.000000 1.000000
vn 0.000000 0.000000 1.000000
vn 0.000000 0.000000 1.000000
vn 0.000000 0.000000 1.000000
vn 0.000000 0.000000 1.000000
vn 0.000000 0.000000 1.000000
vn 0.000000 0.000000 1.000000
vn 0.000000 0.000000 1.000000
vn 0.000000 0.000000 1.000000
vn 0.000000 0.000000 1.000000
vn 0.000000 0.000000 1.000000
vn 0.000000 0.000000 1.000000
vn 0.000000 0.000000 1.000000
vn 0.000000 0.000000 1.000000
vn 0.000000 0.000000 1.000000
vn 0.000000 0.000000 1.000000
vn 0.000000 0.000000 1.000000
vn 0.000000 0.000000 1.000000
vn 0.000000 0.000000 1.000000
vn 0.000000 0.000000 1.000000
vn 0.000000 0.000000 1.000000
vn 0.000000 0.000000 1.000000
vn 0.000000 0.000000 1.000000
vn 0.000000 0.000000 1.000000
vn 0.000000 0.000000 1.000000
vn 0.000000 0.000000 1.000000
vn 0.000000 0.000000 1.000000
vn 0.000000 0.000000 1.000000
vn 0.000000 0.000000 1.000000
vn 0.000000 0.000000 1.000000
vn 0.000000 0.000000 1.000000
vn 0.000000 0.000000 1.000000
vn 0.000000 0.000000 1.000000
vn 0.000000 0.000000 1.000000
vn 0.000000 0.000000 1.000000
vn 0.000000 0.000000 1.000000
vn 0.000000 0.000000 1.000000
vn 0.000000 0.000000 1.000000
vn 0.000000 0.000000 1.000000
vn 0.000000 0.000000 1.000000
vn 0.000000 0.000000 1.000000
vn 0.000000 0.000000 1.000000
vn 0.000000 0.000000 1.000000
vn 0.000000 0.000000 1.000000
vn 0.000000 0.000000 1.000000
vn 0.000000 0.000000 1.000000
vn 0.000000 0.000000 1.000000
vn 0.000000 0.000000 1.000000
vn 0.000000 0.000000 1.000000
vn 0.000000 0.000000 1.000000
vn 0.000000 0.000000 1.000000
vn 0.000000 0.000000 1.000000
vn 0.000000 0.000000 1.000000
vn 0.000000 0.000000 1.000000
vn 0.000000 0.000000 1.000000
vn 0.000000 0.000000 1.000000
vn 0.000000 0.000000 1.000000
vn 0.000000 0.000000 1.000000
vn 0.000000 0.000000 1.000000
vn 0.000000 0.000000 1.000000
vn 0.000000 0.000000 1.000000
vn 0.000000 0.000000 1.000000
vn 0.000000 0.000000 1.000000
vn 0.000000 0.000000 1.000000
vn 0.000000 0.000000 1.000000
vn 0.000000 0.000000 1.000000
vn 0.000000 0.000000 1.000000
vn 0.000000 0.000000 1.000000
vn 0.000000 0.000000 1.000000
vn 0.000000 0.000000 1.000000
vn 0.000000 0.000000 1.000000
vn 0.000000 0.000000 1.000000
vn 0.000000 0.000000 1.000000
vn 0.000000 0.000000 1.000000
vn 0.000000 0.000000 1.000000
vn 0.000000 0.000000 1.000000
vn 0.000000 0.000000 1.000000
vn 0.000000 0.000000 1.000000
vn 0.000000 0.000000 1.000000
vn 0.000000 0.000000 1.000000
vn 0.000000 0.000000 1.000000
vn 0.000000 0.000000 1.000000
vn 0.000000 0.000000 1.000000
vn 0.000000 0.000000 1.000000
vn 0.000000 0.000000 1.000000
vn 0.000000 0.000000 1.000000
vn 0.000000 0.000000 1.000000
vn 0.000000 0.000000 1.000000
vn 0.000000 0.000000 1.000000
vn 0.000000 0.000000 1.000000
vn 0.000000 0.000000 1.000000
vn 0.000000 0.000000 1.000000
vn 0.000000 0.000000 1.000000
vn 0.000000 0.000000 1.000000
vn 0.000000 0.000000 1.000000
vn 0.000000 0.000000 1.000000
vn 0.000000 0.000000 1.000000
vn 0.000000 0.000000 1.000000
vn 0.000000 0.000000 1.000000
vn 0.000000 0.000000 1.000000
vn 0.000000 0.000000 1.000000
vn 0.000000 0.000000 1.000000
vn 0.000000 0.000000 1.000000
vn 0.000000 0.000000 1.000000
vn 0.000000 0.000000 1.000000
vn 0.000000 0.000000 1.000000
vn 0.000000 0.000000 1.000000
vn 0.000000 0.000000 1.000000
vn 0.000000 0.000000 1.000000
vn 0.000000 0.000000 1.000000
vn 0.000000 0.000000 1.000000
vn 0.000000 0.000000 1.000000
vn 0.000000 0.000000 1.000000
vn 0.000000 0.000000 1.000000
vn 0.000000 0.000000 1.000000
vn 0.000000 0.000000 1.000000
vn 0.000000 0.000000 1.000000
vn 0.000000 0.000000 1.000000
vn 0.000000 0.000000 1.000000
vn 0.000000 0.000000 1.000000
vn 0.000000 0.000000 1.000000
vn 0.000000 0.000000 1.000000
vn 0.000000 0.000000 1.000000
vn 0.000000 0.000000 1.000000
vn 0.000000 0.000000 1.000000
vn 0.000000 0.000000 1.000000
vn 0.000000 0.000000 1.000000
vn 0.000000 0.000000 1.000000
vn 0.000000 0.000000 1.000000
vn 0.000000 0.000000 1.000000
vn 0.000000 0.000000 1.000000
vn 0.000000 0.000000 1.000000
vn 0.000000 0.000000 1.000000
vn 0.000000 0.000000 1.000000
vn 0.000000 0.000000 1.000000
vn 0.000000 0.000000 1.000000
vn 0.000000 0.000000 1.000000
vn 0.000000 0.000000 1.000000
vn 0.000000 0.000000 1.000000
vn 0.000000 0.000000 1.000000
vn 0.000000 0.000000 1.000000
vn 0.000000 0.000000 1.000000
vn 0.000000 0.000000 1.000000
vn 0.000000 0.000000 1.000000
vn 0.000000 0.000000 1.000000
vn 0.000000 0.000000 1.000000
vn 0.000000 0.000000 1.000000
vn 0.000000 0.000000 1.000000
vn 0.000000 0.000000 1.000000
vn 0.000000 0.000000 1.000000
vn 0.000000 0.000000 1.000000
vn 0.000000 0.000000 1.000000
vn 0.000000 0.000000 1.000000
vn 0.000000 0.000000 1.000000
vn 0.000000 0.000000 1.000000
vn 0.000000 0.000000 1.000000
vn 0.000000 0.000000 1.000000
vn 0.000000 0.000000 1.000000
vn 0.000000 0.000000 1.000000
vn 0.000000 0.000000 1.000000
vn 0.000000 0.000000 1.000000
vn 0.000000 0.000000 1.000000
vn 0.000000 0.000000 1.000000
vn 0.000000 0.000000 1.000000
vn 0.000000 0.000000 1.000000
vn 0.000000 0.000000 1.000000
vn 0.000000 0.000000 1.000000
vn 0.000000 0.000000 1.000000
vn 0.000000 0.000000 1.000000
vn 0.000000 0.000000 1.000000
vn 0.000000 0.000000 1.000000
vn 0.000000 0.000000 1.000000
vn 0.000000 0.000000 1.000000
vn 0.000000 0.000000 1.000000
vn 0.000000 0.000000 1.000000
vn 0.000000 0.000000 1.000000
vn 0.000000 0.000000 1.000000
vn 0.000000 0.000000 1.000000
vn 0.000000 0.000000 1.000000
vn 0.000000 0.000000 1.000000
vn 0.000000 0.000000 1.000000
vn 0.000000 0.000000 1.000000
vn 0.000000 0.000000 1.000000
vn 0.000000 0.000000 1.000000
vn 0.000000 0.000000 1.000000
vn 0.000000 0.000000 1.000000
vn 0.000000 0.000000 1.000000
vn 0.000000 0.000000 1.000000
vn 0.000000 0.000000 1.000000
vn 0.000000 0.000000 1.000000
vn 0.000000 0.000000 1.000000
vn 0.000000 0.000000 1.000000
vn 0.000000 0.000000 1.000000
vn 0.000000 0.000000 1.000000
vn 0.000000 0.000000 1.000000
vn 0.000000 0.000000 1.000000
vn 0.000000 0.000000 1.000000
vn 0.000000 0.000000 1.000000
vn 0.000000 0.000000 1.000000
vn 0.000000 0.000000 1.000000
vn 0.000000 0.000000 1.000000
vn 0.000000 0.000000 1.000000
vn 0.000000 0.000000 1.000000
vn 0.000000 0.000000 1.000000
vn 0.000000 0.000000 1.000000
vn 0.000000 0.000000 1.000000
vn 0.000000 0.000000 1.000000
vn 0.000000 0.000000 1.000000
vn 0.000000 0.000000 1.000000
vn 0.000000 0.000000 1.000000
vn 0.000000 0.000000 1.000000
vn -0.999689 -0.024930 0.000000
vn -0.997204 -0.074731 0.000000
vn -0.999689 -0.024930 0.000000
vn -0.997204 -0.074731 0.000000
vn -0.992239 -0.124344 0.000000
vn -0.992239 -0.124344 -0.000000
vn -0.984808 -0.173647 0.000000
vn -0.984808 -0.173647 -0.000000
vn -0.974928 -0.222522 0.000000
vn -0.974928 -0.222522 -0.000000
vn -0.962624 -0.270840 0.000000
vn -0.947927 -0.318487 0.000000
vn -0.962624 -0.270840 -0.000000
vn -0.947927 -0.318487 0.000000
vn -0.930874 -0.365341 0.000000
vn -0.930874 -0.365341 -0.000000
vn -0.911506 -0.411287 0.000000
vn -0.889872 -0.456210 0.000000
vn -0.911506 -0.411287 -0.000000
vn -0.866025 -0.500000 0.000000
vn -0.889872 -0.456210 0.000000
vn -0.866025 -0.500000 0.000000
vn -0.840025 -0.542547 -0.000000
vn -0.840025 -0.542547 0.000000
vn -0.811938 -0.583743 -0.000000
vn -0.811938 -0.583743 0.000000
vn -0.781831 -0.623491 0.000000
vn -0.781831 -0.623491 0.000000
vn -0.749782 -0.661685 -0.000000
vn -0.749782 -0.661685 0.000000
vn -0.715866 -0.698238 -0.000000
vn -0.715866 -0.698238 0.000000
vn -0.680172 -0.733052 0.000000
vn -0.680172 -0.733052 0.000000
vn -0.642789 -0.766043 -0.000000
vn -0.642789 -0.766043 0.000000
vn -0.603804 -0.797133 -0.000000
vn -0.603804 -0.797133 0.000000
vn -0.563320 -0.826239 -0.000000
vn -0.563320 -0.826239 0.000000
vn -0.521435 -0.853291 -0.000000
vn -0.521435 -0.853291 0.000000
vn -0.478254 -0.878221 -0.000000
vn -0.478254 -0.878221 0.000000
vn -0.433884 -0.900969 0.000000
vn -0.433884 -0.900969 -0.000000
vn -0.388435 -0.921476 0.000000
vn -0.388435 -0.921476 -0.000000
vn -0.342020 -0.939693 0.000000
vn -0.342020 -0.939693 0.000000
vn -0.294755 -0.955573 0.000000
vn -0.294755 -0.955573 -0.000000
vn -0.246757 -0.969077 0.000000
vn -0.246757 -0.969077 -0.000000
vn -0.198147 -0.980172 0.000000
vn -0.198147 -0.980172 -0.000000
vn -0.149041 -0.988831 0.000000
vn -0.149041 -0.988831 -0.000000
vn -0.099569 -0.995031 0.000000
vn -0.099569 -0.995031 -0.000000
vn -0.049846 -0.998757 0.000000
vn -0.049846 -0.998757 -0.000000
vn 0.000000 -1.000000 0.000000
vn -0.000000 -1.000000 -0.000000
vn 0.049846 -0.998757 0.000000
vn 0.049846 -0.998757 0.000000
vn 0.099569 -0.995031 0.000000
vn 0.099569 -0.995031 0.000000
vn 0.149041 -0.988831 0.000000
vn 0.149041 -0.988831 0.000000
vn 0.198147 -0.980172 0.000000
vn 0.198147 -0.980172 0.000000
vn 0.246757 -0.969077 0.000000
vn 0.246757 -0.969077 0.000000
vn 0.294755 -0.955573 0.000000
vn 0.294755 -0.955573 0.000000
vn 0.342020 -0.939693 0.000000
vn 0.342020 -0.939693 0.000000
vn 0.388435 -0.921476 0.000000
vn 0.388435 -0.921476 0.000000
vn 0.433884 -0.900969 0.000000
vn 0.433884 -0.900969 0.000000
vn 0.478254 -0.878221 0.000000
vn 0.478254 -0.878221 0.000000
vn 0.521435 -0.853291 0.000000
vn 0.521435 -0.853291 0.000000
vn 0.563320 -0.826239 0.000000
vn 0.563320 -0.826239 0.000000
vn 0.603804 -0.797133 0.000000
vn 0.603804 -0.797133 0.000000
vn 0.642789 -0.766043 0.000000
vn 0.642789 -0.766043 0.000000
vn 0.680172 -0.733052 0.000000
vn 0.680172 -0.733052 0.000000
vn 0.715866 -0.698238 0.000000
vn 0.715866 -0.698238 0.000000
vn 0.749782 -0.661685 0.000000
vn 0.749782 -0.661685 0.000000
vn 0.781831 -0.623491 0.000000
vn 0.781831 -0.623491 0.000000
vn 0.811938 -0.583743 0.000000
vn 0.811938 -0.583743 0.000000
vn 0.840025 -0.542547 0.000000
vn 0.840025 -0.542547 0.000000
vn 0.866025 -0.500000 0.000000
vn 0.866025 -0.500000 0.000000
vn 0.889872 -0.456210 0.000000
vn 0.889872 -0.456210 0.000000
vn 0.911506 -0.411287 0.000000
vn 0.911506 -0.411287 0.000000
vn 0.930874 -0.365341 0.000000
vn 0.930874 -0.365341 0.000000
vn 0.947927 -0.318487 0.000000
vn 0.947927 -0.318487 0.000000
vn 0.962624 -0.270840 0.000000
vn 0.962624 -0.270840 0.000000
vn 0.974928 -0.222522 0.000000
vn 0.984808 -0.173647 0.000000
vn 0.974928 -0.222522 0.000000
vn 0.984808 -0.173647 0.000000
vn 0.992239 -0.124344 0.000000
vn 0.997204 -0.074731 0.000000
vn 0.992239 -0.124344 0.000000
vn 0.997204 -0.074731 0.000000
vn 0.999689 -0.024930 0.000000
vn 0.999689 -0.024930 0.000000
vn 0.999689 0.024930 0.000000
vn 0.999689 0.024930 0.000000
vn 0.997204 0.074731 0.000000
vn 0.997204 0.074731 0.000000
vn 0.992239 0.124344 0.000000
vn 0.992239 0.124344 0.000000
vn 0.984808 0.173647 -0.000000
vn 0.984808 0.173647 0.000000
vn 0.974928 0.222522 -0.000000
vn 0.974928 0.222522 0.000000
vn 0.962624 0.270840 0.000000
vn 0.962624 0.270840 0.000000
vn 0.947927 0.318487 0.000000
vn 0.947927 0.318487 0.000000
vn 0.930874 0.365341 -0.000000
vn 0.930874 0.365341 0.000000
vn 0.911506 0.411287 0.000000
vn 0.911506 0.411287 0.000000
vn 0.889872 0.456210 0.000000
vn 0.889872 0.456210 0.000000
vn 0.866025 0.500000 -0.000000
vn 0.840025 0.542547 -0.000000
vn 0.866025 0.500000 0.000000
vn 0.840025 0.542547 0.000000
vn 0.811938 0.583743 0.000000
vn 0.781831 0.623491 -0.000000
vn 0.811938 0.583743 0.000000
vn 0.781831 0.623491 0.000000
vn 0.749782 0.661685 0.000000
vn 0.749782 0.661685 0.000000
vn 0.715866 0.698238 0.000000
vn 0.680172 0.733052 -0.000000
vn 0.715866 0.698238 0.000000
vn 0.680172 0.733052 0.000000
vn 0.642789 0.766043 0.000000
vn 0.603804 0.797133 -0.000000
vn 0.642789 0.766043 0.000000
vn 0.603804 0.797133 0.000000
vn 0.563320 0.826239 0.000000
vn 0.563320 0.826239 0.000000
vn 0.521435 0.853291 0.000000
vn 0.521435 0.853291 0.000000
vn 0.478254 0.878221 0.000000
vn 0.478254 0.878221 0.000000
vn 0.433884 0.900969 0.000000
vn 0.388435 0.921476 -0.000000
vn 0.433884 0.900969 0.000000
vn 0.388435 0.921476 0.000000
vn 0.342020 0.939693 0.000000
vn 0.342020 0.939693 0.000000
vn 0.294755 0.955573 0.000000
vn 0.294755 0.955573 0.000000
vn 0.246757 0.969077 0.000000
vn 0.246757 0.969077 0.000000
vn 0.198147 0.980172 0.000000
vn 0.198147 0.980172 0.000000
vn 0.149041 0.988831 0.000000
vn 0.099569 0.995031 -0.000000
vn 0.149041 0.988831 0.000000
vn 0.099569 0.995031 0.000000
vn 0.049846 0.998757 0.000000
vn 0.049846 0.998757 0.000000
vn 0.000000 1.000000 0.000000
vn -0.000000 1.000000 0.000000
vn -0.049846 0.998757 0.000000
vn -0.049846 0.998757 0.000000
vn -0.099569 0.995031 0.000000
vn -0.099569 0.995031 0.000000
vn -0.149041 0.988831 0.000000
vn -0.149041 0.988831 0.000000
vn -0.198147 0.980172 0.000000
vn -0.198147 0.980172 0.000000
vn -0.246757 0.969077 0.000000
vn -0.246757 0.969077 0.000000
vn -0.294755 0.955573 0.000000
vn -0.294755 0.955573 0.000000
vn -0.342020 0.939693 0.000000
vn -0.388435 0.921476 0.000000
vn -0.342020 0.939693 0.000000
vn -0.388435 0.921476 0.000000
vn -0.433884 0.900969 0.000000
vn -0.433884 0.900969 0.000000
vn -0.478254 0.878221 0.000000
vn -0.478254 0.878221 0.000000
vn -0.521435 0.853291 0.000000
vn -0.563320 0.826239 0.000000
vn -0.521435 0.853291 0.000000
vn -0.563320 0.826239 0.000000
vn -0.603804 0.797133 0.000000
vn -0.603804 0.797133 0.000000
vn -0.642789 0.766043 0.000000
vn -0.642789 0.766043 0.000000
vn -0.680172 0.733052 0.000000
vn -0.715866 0.698238 0.000000
vn -0.680172 0.733052 0.000000
vn -0.715866 0.698238 0.000000
vn -0.749782 0.661685 0.000000
vn -0.749782 0.661685 0.000000
vn -0.781831 0.623491 0.000000
vn -0.781831 0.623491 0.000000
vn -0.811938 0.583743 0.000000
vn -0.811938 0.583743 0.000000
vn -0.840025 0.542547 0.000000
vn -0.840025 0.542547 0.000000
vn -0.866025 0.500000 0.000000
vn -0.866025 0.500000 0.000000
vn -0.889872 0.456210 0.000000
vn -0.889872 0.456210 0.000000
vn -0.911506 0.411287 0.000000
vn -0.911506 0.411287 0.000000
vn -0.930874 0.365341 0.000000
vn -0.930874 0.365341 0.000000
vn -0.947927 0.318487 0.000000
vn -0.947927 0.318487 0.000000
vn -0.962624 0.270840 0.000000
vn -0.962624 0.270840 0.000000
vn -0.974928 0.222522 0.000000
vn -0.974928 0.222522 0.000000
vn -0.984808 0.173647 0.000000
vn -0.984808 0.173647 0.000000
vn -0.992239 0.124344 0.000000
vn -0.992239 0.124344 0.000000
vn -0.997204 0.074731 0.000000
vn -0.997204 0.074731 0.000000
vn -0.999689 0.024930 0.000000
vn -0.999689 0.024930 0.000000
vn -0.999689 -0.024930 -0.000000
vn -0.999689 -0.024930 0.000000
vn -0.997204 -0.074731 0.000000
vn -0.997204 -0.074731 0.000000
vn -0.992239 -0.124344 0.000000
vn -0.992239 -0.124344 -0.000000
vn -0.984808 -0.173647 0.000000
vn -0.984808 -0.173647 -0.000000
vn -0.974928 -0.222522 0.000000
vn -0.974928 -0.222522 -0.000000
vn -0.962624 -0.270840 0.000000
vn -0.947927 -0.318487 0.000000
vn -0.962624 -0.270840 -0.000000
vn -0.947927 -0.318487 0.000000
vn -0.930874 -0.365341 0.000000
vn -0.930874 -0.365341 -0.000000
vn -0.911506 -0.411287 0.000000
vn -0.889872 -0.456210 0.000000
vn -0.911506 -0.411287 -0.000000
vn -0.866025 -0.500000 0.000000
vn -0.889872 -0.456210 0.000000
vn -0.866025 -0.500000 0.000000
vn -0.840025 -0.542547 -0.000000
vn -0.840025 -0.542547 0.000000
vn -0.811938 -0.583743 -0.000000
vn -0.811938 -0.583743 0.000000
vn -0.781831 -0.623491 0.000000
vn -0.781831 -0.623491 0.000000
vn -0.749782 -0.661685 -0.000000
vn -0.749782 -0.661685 0.000000
vn -0.715866 -0.698238 -0.000000
vn -0.715866 -0.698238 0.000000
vn -0.680172 -0.733052 0.000000
vn -0.680172 -0.733052 0.000000
vn -0.642789 -0.766043 -0.000000
vn -0.642789 -0.766043 0.000000
vn -0.603804 -0.797133 -0.000000
vn -0.603804 -0.797133 0.000000
vn -0.563320 -0.826239 -0.000000
vn -0.563320 -0.826239 0.000000
vn -0.521435 -0.853291 -0.000000
vn -0.521435 -0.853291 0.000000
vn -0.478254 -0.878221 -0.000000
vn -0.478254 -0.878221 0.000000
vn -0.433884 -0.900969 0.000000
vn -0.433884 -0.900969 -0.000000
vn -0.388435 -0.921476 0.000000
vn -0.342020 -0.939693 0.000000
vn -0.388435 -0.921476 -0.000000
vn -0.342020 -0.939693 0.000000
vn -0.294755 -0.955573 0.000000
vn -0.294755 -0.955573 -0.000000
vn -0.246757 -0.969077 0.000000
vn -0.246757 -0.969077 -0.000000
vn -0.198147 -0.980172 0.000000
vn -0.198147 -0.980172 -0.000000
vn -0.149041 -0.988831 0.000000
vn -0.149041 -0.988831 -0.000000
vn -0.099569 -0.995031 0.000000
vn -0.099569 -0.995031 -0.000000
vn -0.049846 -0.998757 0.000000
vn -0.049846 -0.998757 -0.000000
vn 0.000000 -1.000000 0.000000
vn -0.000000 -1.000000 -0.000000
vn 0.049846 -0.998757 0.000000
vn 0.049846 -0.998757 0.000000
vn 0.099569 -0.995031 0.000000
vn 0.099569 -0.995031 0.000000
vn 0.149041 -0.988831 0.000000
vn 0.149041 -0.988831 0.000000
vn 0.198147 -0.980172 0.000000
vn 0.198147 -0.980172 0.000000
vn 0.246757 -0.969077 0.000000
vn 0.246757 -0.969077 0.000000
vn 0.294755 -0.955573 0.000000
vn 0.294755 -0.955573 0.000000
vn 0.342020 -0.939693 0.000000
vn 0.342020 -0.939693 0.000000
vn 0.388435 -0.921476 0.000000
vn 0.388435 -0.921476 0.000000
vn 0.433884 -0.900969 0.000000
vn 0.433884 -0.900969 0.000000
vn 0.478254 -0.878221 0.000000
vn 0.478254 -0.878221 0.000000
vn 0.521435 -0.853291 0.000000
vn 0.521435 -0.853291 0.000000
vn 0.563320 -0.826239 0.000000
vn 0.563320 -0.826239 0.000000
vn 0.603804 -0.797133 0.000000
vn 0.603804 -0.797133 0.000000
vn 0.642789 -0.766043 0.000000
vn 0.642789 -0.766043 0.000000
vn 0.680172 -0.733052 0.000000
vn 0.680172 -0.733052 0.000000
vn 0.715866 -0.698238 0.000000
vn 0.715866 -0.698238 0.000000
vn 0.749782 -0.661685 0.000000
vn 0.749782 -0.661685 0.000000
vn 0.781831 -0.623491 0.000000
vn 0.781831 -0.623491 0.000000
vn 0.811938 -0.583743 0.000000
vn 0.811938 -0.583743 0.000000
vn 0.840025 -0.542547 0.000000
vn 0.840025 -0.542547 0.000000
vn 0.866025 -0.500000 0.000000
vn 0.866025 -0.500000 0.000000
vn 0.889872 -0.456210 0.000000
vn 0.889872 -0.456210 0.000000
vn 0.911506 -0.411287 0.000000
vn 0.911506 -0.411287 0.000000
vn 0.930874 -0.365341 0.000000
vn 0.930874 -0.365341 0.000000
vn 0.947927 -0.318487 0.000000
vn 0.947927 -0.318487 0.000000
vn 0.962624 -0.270840 0.000000
vn 0.962624 -0.270840 0.000000
vn 0.974928 -0.222522 0.000000
vn 0.984808 -0.173647 0.000000
vn 0.974928 -0.222522 0.000000
vn 0.992239 -0.124344 0.000000
vn 0.984808 -0.173647 0.000000
vn 0.997204 -0.074731 0.000000
vn 0.992239 -0.124344 0.000000
vn 0.997204 -0.074731 0.000000
vn 0.999689 -0.024930 0.000000
vn 0.999689 -0.024930 0.000000
vn 0.999689 0.024930 0.000000
vn 0.999689 0.024930 0.000000
vn 0.997204 0.074731 0.000000
vn 0.997204 0.074731 0.000000
vn 0.992239 0.124344 0.000000
vn 0.992239 0.124344 0.000000
vn 0.984808 0.173647 -0.000000
vn 0.984808 0.173647 0.000000
vn 0.974928 0.222522 -0.000000
vn 0.974928 0.222522 0.000000
vn 0.962624 0.270840 0.000000
vn 0.962624 0.270840 0.000000
vn 0.947927 0.318487 0.000000
vn 0.947927 0.318487 0.000000
vn 0.930874 0.365341 -0.000000
vn 0.930874 0.365341 0.000000
vn 0.911506 0.411287 0.000000
vn 0.911506 0.411287 0.000000
vn 0.866025 0.500000 -0.000000
vn 0.889872 0.456210 0.000000
vn 0.889872 0.456210 0.000000
vn 0.840025 0.542547 -0.000000
vn 0.866025 0.500000 0.000000
vn 0.840025 0.542547 0.000000
vn 0.811938 0.583743 0.000000
vn 0.781831 0.623491 -0.000000
vn 0.811938 0.583743 0.000000
vn 0.781831 0.623491 0.000000
vn 0.749782 0.661685 0.000000
vn 0.749782 0.661685 0.000000
vn 0.715866 0.698238 0.000000
vn 0.680172 0.733052 -0.000000
vn 0.715866 0.698238 0.000000
vn 0.680172 0.733052 0.000000
vn 0.642789 0.766043 0.000000
vn 0.603804 0.797133 -0.000000
vn 0.642789 0.766043 0.000000
vn 0.603804 0.797133 0.000000
vn 0.563320 0.826239 0.000000
vn 0.563320 0.826239 0.000000
vn 0.521435 0.853291 0.000000
vn 0.521435 0.853291 0.000000
vn 0.478254 0.878221 0.000000
vn 0.478254 0.878221 0.000000
vn 0.433884 0.900969 0.000000
vn 0.388435 0.921476 -0.000000
vn 0.433884 0.900969 0.000000
vn 0.388435 0.921476 0.000000
vn 0.342020 0.939693 0.000000
vn 0.342020 0.939693 0.000000
vn 0.294755 0.955573 0.000000
vn 0.294755 0.955573 0.000000
vn 0.246757 0.969077 0.000000
vn 0.246757 0.969077 0.000000
vn 0.198147 0.980172 0.000000
vn 0.198147 0.980172 0.000000
vn 0.149041 0.988831 0.000000
vn 0.099569 0.995031 -0.000000
vn 0.149041 0.988831 0.000000
vn 0.099569 0.995031 0.000000
vn 0.049846 0.998757 0.000000
vn 0.049846 0.998757 0.000000
vn 0.000000 1.000000 0.000000
vn -0.000000 1.000000 0.000000
vn -0.049846 0.998757 0.000000
vn -0.049846 0.998757 0.000000
vn -0.099569 0.995031 0.000000
vn -0.099569 0.995031 0.000000
vn -0.149041 0.988831 0.000000
vn -0.149041 0.988831 0.000000
vn -0.198147 0.980172 0.000000
vn -0.198147 0.980172 0.000000
vn -0.246757 0.969077 0.000000
vn -0.246757 0.969077 0.000000
vn -0.294755 0.955573 0.000000
vn -0.294755 0.955573 0.000000
vn -0.342020 0.939693 0.000000
vn -0.388435 0.921476 0.000000
vn -0.342020 0.939693 0.000000
vn -0.388435 0.921476 0.000000
vn -0.433884 0.900969 0.000000
vn -0.433884 0.900969 0.000000
vn -0.478254 0.878221 0.000000
vn -0.478254 0.878221 0.000000
vn -0.521435 0.853291 0.000000
vn -0.563320 0.826239 0.000000
vn -0.521435 0.853291 0.000000
vn -0.563320 0.826239 0.000000
vn -0.603804 0.797133 0.000000
vn -0.603804 0.797133 0.000000
vn -0.642789 0.766043 0.000000
vn -0.642789 0.766043 0.000000
vn -0.680172 0.733052 0.000000
vn -0.715866 0.698238 0.000000
vn -0.680172 0.733052 0.000000
vn -0.715866 0.698238 0.000000
vn -0.749782 0.661685 0.000000
vn -0.749782 0.661685 0.000000
vn -0.781831 0.623491 0.000000
vn -0.781831 0.623491 0.000000
vn -0.811938 0.583743 0.000000
vn -0.811938 0.583743 0.000000
vn -0.840025 0.542547 0.000000
vn -0.840025 0.542547 0.000000
vn -0.866025 0.500000 0.000000
vn -0.866025 0.500000 0.000000
vn -0.889872 0.456210 0.000000
vn -0.889872 0.456210 0.000000
vn -0.911506 0.411287 0.000000
vn -0.911506 0.411287 0.000000
vn -0.930874 0.365341 0.000000
vn -0.930874 0.365341 0.000000
vn -0.947927 0.318487 0.000000
vn -0.947927 0.318487 0.000000
vn -0.962624 0.270840 0.000000
vn -0.962624 0.270840 0.000000
vn -0.974928 0.222522 0.000000
vn -0.974928 0.222522 0.000000
vn -0.984808 0.173647 0.000000
vn -0.984808 0.173647 0.000000
vn -0.992239 0.124344 0.000000
vn -0.992239 0.124344 0.000000
vn -0.997204 0.074731 0.000000
vn -0.997204 0.074731 0.000000
vn -0.999689 0.024930 0.000000
vn -0.999689 0.024930 0.000000
vn 0.000000 0.000000 1.000000
vn 0.000000 0.000000 1.000000
vn 0.000000 0.000000 1.000000
vn 0.000000 0.000000 1.000000
vn 0.000000 0.000000 1.000000
vn 0.000000 0.000000 1.000000
vn 0.000000 0.000000 1.000000
vn 0.000000 0.000000 1.000000
vn 0.000000 0.000000 1.000000
vn 0.000000 0.000000 1.000000
vn 0.000000 0.000000 1.000000
vn 0.000000 0.000000 1.000000
vn 0.000000 0.000000 1.000000
vn 0.000000 0.000000 1.000000
vn 0.000000 0.000000 1.000000
vn 0.000000 0.000000 1.000000
vn 0.000000 0.000000 1.000000
vn 0.000000 0.000000 1.000000
vn 0.000000 0.000000 1.000000
vn 0.000000 0.000000 1.000000
vn 0.000000 0.000000 1.000000
vn 0.000000 0.000000 1.000000
vn 0.000000 0.000000 1.000000
vn 0.000000 0.000000 1.000000
vn 0.000000 0.000000 1.000000
vn 0.000000 0.000000 1.000000
vn 0.000000 0.000000 1.000000
vn 0.000000 0.000000 1.000000
vn 0.000000 0.000000 1.000000
vn 0.000000 0.000000 1.000000
vn 0.000000 0.000000 1.000000
vn 0.000000 0.000000 1.000000
vn 0.000000 0.000000 1.000000
vn 0.000000 0.000000 1.000000
vn 0.000000 0.000000 1.000000
vn 0.000000 0.000000 1.000000
vn 0.000000 0.000000 1.000000
vn 0.000000 0.000000 1.000000
vn 0.000000 0.000000 1.000000
vn 0.000000 0.000000 1.000000
vn 0.000000 0.000000 1.000000
vn 0.000000 0.000000 1.000000
vn 0.000000 0.000000 1.000000
vn 0.000000 0.000000 1.000000
vn 0.000000 0.000000 1.000000
vn 0.000000 0.000000 1.000000
vn 0.000000 0.000000 1.000000
vn 0.000000 0.000000 1.000000
vn 0.000000 0.000000 1.000000
vn 0.000000 0.000000 1.000000
vn 0.000000 0.000000 1.000000
vn 0.000000 0.000000 1.000000
vn 0.000000 0.000000 1.000000
vn 0.000000 0.000000 1.000000
vn 0.000000 0.000000 1.000000
vn 0.000000 0.000000 1.000000
vn 0.000000 0.000000 1.000000
vn 0.000000 0.000000 1.000000
vn 0.000000 0.000000 1.000000
vn 0.000000 0.000000 1.000000
vn 0.000000 0.000000 1.000000
vn 0.000000 0.000000 1.000000
vn 0.000000 0.000000 1.000000
vn 0.000000 0.000000 1.000000
vn 0.000000 0.000000 1.000000
vn 0.000000 0.000000 1.000000
vn 0.000000 0.000000 1.000000
vn 0.000000 0.000000 1.000000
vn 0.000000 0.000000 1.000000
vn 0.000000 0.000000 1.000000
vn 0.000000 0.000000 1.000000
vn 0.000000 0.000000 1.000000
vn 0.000000 0.000000 1.000000
vn 0.000000 0.000000 1.000000
vn 0.000000 0.000000 1.000000
vn 0.000000 0.000000 1.000000
vn 0.000000 0.000000 1.000000
vn 0.000000 0.000000 1.000000
vn 0.000000 0.000000 1.000000
vn 0.000000 0.000000 1.000000
vn 0.000000 0.000000 1.000000
vn 0.000000 0.000000 1.000000
vn 0.000000 0.000000 1.000000
vn 0.000000 0.000000 1.000000
vn 0.000000 0.000000 1.000000
vn 0.000000 0.000000 1.000000
vn 0.000000 0.000000 1.000000
vn 0.000000 0.000000 1.000000
vn 0.000000 0.000000 1.000000
vn 0.000000 0.000000 1.000000
vn 0.000000 0.000000 1.000000
vn 0.000000 0.000000 1.000000
vn 0.000000 0.000000 1.000000
vn 0.000000 0.000000 1.000000
vn 0.000000 0.000000 1.000000
vn 0.000000 0.000000 1.000000
vn 0.000000 0.000000 1.000000
vn 0.000000 0.000000 1.000000
vn 0.000000 0.000000 1.000000
vn 0.000000 0.000000 1.000000
vn 0.000000 0.000000 1.000000
vn 0.000000 0.000000 1.000000
vn 0.000000 0.000000 1.000000
vn 0.000000 0.000000 1.000000
vn 0.000000 0.000000 1.000000
vn 0.000000 0.000000 1.000000
vn 0.000000 0.000000 1.000000
vn 0.000000 0.000000 1.000000
vn 0.000000 0.000000 1.000000
vn 0.000000 0.000000 1.000000
vn 0.000000 0.000000 1.000000
vn 0.000000 0.000000 1.000000
vn 0.000000 0.000000 1.000000
vn 0.000000 0.000000 1.000000
vn 0.000000 0.000000 1.000000
vn 0.000000 0.000000 1.000000
vn 0.000000 0.000000 1.000000
vn 0.000000 0.000000 1.000000
vn 0.000000 0.000000 1.000000
vn 0.000000 0.000000 1.000000
vn 0.000000 0.000000 1.000000
vn 0.000000 0.000000 1.000000
vn 0.000000 0.000000 1.000000
vn 0.000000 0.000000 1.000000
vn 0.000000 0.000000 1.000000
vn 0.000000 0.000000 1.000000
vn 0.000000 0.000000 1.000000
vn 0.000000 0.000000 1.000000
vn 0.000000 0.000000 1.000000
vn 0.000000 0.000000 1.000000
vn 0.000000 0.000000 1.000000
vn 0.000000 0.000000 1.000000
vn 0.000000 0.000000 1.000000
vn 0.000000 0.000000 1.000000
vn 0.000000 0.000000 1.000000
vn 0.000000 0.000000 1.000000
vn 0.000000 0.000000 1.000000
vn 0.000000 0.000000 1.000000
vn 0.000000 0.000000 1.000000
vn 0.000000 0.000000 1.000000
vn 0.000000 0.000000 1.000000
vn 0.000000 0.000000 1.000000
vn 0.000000 0.000000 1.000000
vn 0.000000 0.000000 1.000000
vn 0.000000 0.000000 1.000000
vn 0.000000 0.000000 1.000000
vn 0.000000 0.000000 1.000000
vn 0.000000 0.000000 1.000000
vn 0.000000 0.000000 1.000000
vn 0.000000 0.000000 1.000000
vn 0.000000 0.000000 1.000000
vn 0.000000 0.000000 1.000000
vn 0.000000 0.000000 1.000000
vn 0.000000 0.000000 1.000000
vn 0.000000 0.000000 1.000000
vn 0.000000 0.000000 1.000000
vn 0.000000 0.000000 1.000000
vn 0.000000 0.000000 1.000000
vn 0.000000 0.000000 1.000000
vn 0.000000 0.000000 1.000000
vn 0.000000 0.000000 1.000000
vn 0.000000 0.000000 1.000000
vn 0.000000 0.000000 1.000000
vn 0.000000 0.000000 1.000000
vn 0.000000 0.000000 1.000000
vn 0.000000 0.000000 1.000000
vn 0.000000 0.000000 1.000000
vn 0.000000 0.000000 1.000000
vn 0.000000 0.000000 1.000000
vn 0.000000 0.000000 1.000000
vn 0.000000 0.000000 1.000000
vn 0.000000 0.000000 1.000000
vn 0.000000 0.000000 1.000000
vn 0.000000 0.000000 1.000000
vn 0.000000 0.000000 1.000000
vn 0.000000 0.000000 1.000000
vn 0.000000 0.000000 1.000000
vn 0.000000 0.000000 1.000000
vn 0.000000 0.000000 1.000000
vn 0.000000 0.000000 1.000000
vn 0.000000 0.000000 1.000000
vn 0.000000 0.000000 1.000000
vn 0.000000 0.000000 1.000000
vn 0.000000 0.000000 1.000000
vn 0.000000 0.000000 1.000000
vn 0.000000 0.000000 1.000000
vn 0.000000 0.000000 1.000000
vn 0.000000 0.000000 1.000000
vn 0.000000 0.000000 1.000000
vn 0.000000 0.000000 1.000000
vn 0.000000 0.000000 1.000000
vn 0.000000 0.000000 1.000000
vn 0.000000 0.000000 1.000000
vn 0.000000 0.000000 1.000000
vn 0.000000 0.000000 1.000000
vn 0.000000 0.000000 1.000000
vn 0.000000 0.000000 1.000000
vn 0.000000 0.000000 1.000000
vn 0.000000 0.000000 1.000000
vn 0.000000 0.000000 1.000000
vn 0.000000 0.000000 1.000000
vn 0.000000 0.000000 1.000000
vn 0.000000 0.000000 1.000000
vn 0.000000 0.000000 1.000000
vn 0.000000 0.000000 1.000000
vn 0.000000 0.000000 1.000000
vn 0.000000 0.000000 1.000000
vn 0.000000 0.000000 1.000000
vn 0.000000 0.000000 1.000000
vn 0.000000 0.000000 1.000000
vn 0.000000 0.000000 1.000000
vn 0.000000 0.000000 1.000000
vn 0.000000 0.000000 1.000000
vn 0.000000 0.000000 1.000000
vn 0.000000 0.000000 1.000000
vn 0.000000 0.000000 1.000000
vn 0.000000 0.000000 1.000000
vn 0.000000 0.000000 1.000000
vn 0.000000 0.000000 1.000000
vn 0.000000 0.000000 1.000000
vn 0.000000 0.000000 1.000000
vn 0.000000 0.000000 1.000000
vn 0.000000 0.000000 1.000000
vn 0.000000 0.000000 1.000000
vn 0.000000 0.000000 1.000000
vn 0.000000 0.000000 1.000000
vn 0.000000 0.000000 1.000000
vn 0.000000 0.000000 1.000000
vn 0.000000 0.000000 1.000000
vn 0.000000 0.000000 1.000000
vn 0.000000 0.000000 1.000000
vn 0.000000 0.000000 1.000000
vn 0.000000 0.000000 1.000000
vn 0.000000 0.000000 1.000000
vn 0.000000 0.000000 1.000000
vn 0.000000 0.000000 1.000000
vn 0.000000 0.000000 1.000000
vn 0.000000 0.000000 1.000000
vn 0.000000 0.000000 1.000000
vn 0.000000 0.000000 1.000000
vn 0.000000 0.000000 1.000000
vn 0.000000 0.000000 1.000000
vn 0.000000 0.000000 1.000000
vn 0.000000 0.000000 1.000000
vn 0.000000 0.000000 1.000000
vn 0.000000 0.000000 1.000000
vn 0.000000 0.000000 1.000000
vn 0.000000 0.000000 1.000000
vn 0.000000 0.000000 1.000000
vn 0.000000 0.000000 1.000000
vn 0.000000 0.000000 1.000000
vn 0.000000 0.000000 1.000000
vn 0.000000 0.000000 -1.000000
vn 0.000000 0.000000 -1.000000
vn 0.000000 0.000000 -1.000000
vn 0.000000 -0.000000 -1.000000
vn 0.000000 0.000000 -1.000000
vn 0.000000 0.000000 -1.000000
vn 0.000000 0.000000 -1.000000
vn 0.000000 -0.000000 -1.000000
vn 0.000000 0.000000 -1.000000
vn 0.000000 0.000000 -1.000000
vn 0.000000 0.000000 -1.000000
vn 0.000000 -0.000000 -1.000000
vn 0.000000 0.000000 -1.000000
vn 0.000000 0.000000 -1.000000
vn 0.000000 0.000000 -1.000000
vn 0.000000 0.000000 -1.000000
vn 0.000000 0.000000 -1.000000
vn 0.000000 0.000000 -1.000000
vn 0.000000 0.000000 -1.000000
vn 0.000000 -0.000000 -1.000000
vn 0.000000 0.000000 -1.000000
vn 0.000000 0.000000 -1.000000
vn 0.000000 -0.000000 -1.000000
vn 0.000000 0.000000 -1.000000
vn 0.000000 0.000000 -1.000000
vn 0.000000 0.000000 -1.000000
vn 0.000000 0.000000 -1.000000
vn 0.000000 0.000000 -1.000000
vn 0.000000 0.000000 -1.000000
vn 0.000000 0.000000 -1.000000
vn 0.000000 -0.000000 -1.000000
vn 0.000000 0.000000 -1.000000
vn 0.000000 -0.000000 -1.000000
vn 0.000000 0.000000 -1.000000
vn 0.000000 0.000000 -1.000000
vn 0.000000 0.000000 -1.000000
vn 0.000000 -0.000000 -1.000000
vn 0.000000 0.000000 -1.000000
vn 0.000000 0.000000 -1.000000
vn 0.000000 0.000000 -1.000000
vn 0.000000 0.000000 -1.000000
vn 0.000000 0.000000 -1.000000
vn 0.000000 -0.000000 -1.000000
vn 0.000000 0.000000 -1.000000
vn 0.000000 0.000000 -1.000000
vn 0.000000 0.000000 -1.000000
vn 0.000000 0.000000 -1.000000
vn 0.000000 -0.000000 -1.000000
vn 0.000000 0.000000 -1.000000
vn 0.000000 0.000000 -1.000000
vn 0.000000 -0.000000 -1.000000
vn 0.000000 0.000000 -1.000000
vn 0.000000 -0.000000 -1.000000
vn 0.000000 0.000000 -1.000000
vn 0.000000 0.000000 -1.000000
vn 0.000000 0.000000 -1.000000
vn 0.000000 0.000000 -1.000000
vn 0.000000 0.000000 -1.000000
vn 0.000000 -0.000000 -1.000000
vn 0.000000 0.000000 -1.000000
vn 0.000000 0.000000 -1.000000
vn 0.000000 0.000000 -1.000000
vn 0.000000 -0.000000 -1.000000
vn 0.000000 0.000000 -1.000000
vn 0.000000 0.000000 -1.000000
vn 0.000000 0.000000 -1.000000
vn 0.000000 0.000000 -1.000000
vn 0.000000 0.000000 -1.000000
vn 0.000000 -0.000000 -1.000000
vn 0.000000 0.000000 -1.000000
vn 0.000000 0.000000 -1.000000
vn 0.000000 0.000000 -1.000000
vn 0.000000 0.000000 -1.000000
vn 0.000000 0.000000 -1.000000
vn 0.000000 0.000000 -1.000000
vn 0.000000 0.000000 -1.000000
vn 0.000000 0.000000 -1.000000
vn 0.000000 0.000000 -1.000000
vn 0.000000 0.000000 -1.000000
vn 0.000000 0.000000 -1.000000
vn 0.000000 -0.000000 -1.000000
vn 0.000000 0.000000 -1.000000
vn 0.000000 0.000000 -1.000000
vn 0.000000 0.000000 -1.000000
vn 0.000000 0.000000 -1.000000
vn 0.000000 -0.000000 -1.000000
vn 0.000000 0.000000 -1.000000
vn 0.000000 0.000000 -1.000000
vn 0.000000 0.000000 -1.000000
vn 0.000000 -0.000000 -1.000000
vn 0.000000 0.000000 -1.000000
vn 0.000000 0.000000 -1.000000
vn 0.000000 0.000000 -1.000000
vn 0.000000 0.000000 -1.000000
vn 0.000000 0.000000 -1.000000
vn 0.000000 0.000000 -1.000000
vn 0.000000 0.000000 -1.000000
vn 0.000000 -0.000000 -1.000000
vn 0.000000 0.000000 -1.000000
vn 0.000000 0.000000 -1.000000
vn 0.000000 0.000000 -1.000000
vn 0.000000 -0.000000 -1.000000
vn 0.000000 0.000000 -1.000000
vn 0.000000 0.000000 -1.000000
vn 0.000000 -0.000000 -1.000000
vn 0.000000 0.000000 -1.000000
vn 0.000000 0.000000 -1.000000
vn 0.000000 0.000000 -1.000000
vn 0.000000 0.000000 -1.000000
vn 0.000000 -0.000000 -1.000000
vn 0.000000 0.000000 -1.000000
vn 0.000000 0.000000 -1.000000
vn 0.000000 -0.000000 -1.000000
vn 0.000000 0.000000 -1.000000
vn 0.000000 0.000000 -1.000000
vn 0.000000 0.000000 -1.000000
vn 0.000000 -0.000000 -1.000000
vn 0.000000 0.000000 -1.000000
vn 0.000000 0.000000 -1.000000
vn 0.000000 0.000000 -1.000000
vn 0.000000 -0.000000 -1.000000
vn 0.000000 0.000000 -1.000000
vn 0.000000 0.000000 -1.000000
vn 0.000000 0.000000 -1.000000
vn 0.000000 0.000000 -1.000000
vn 0.000000 0.000000 -1.000000
vn 0.000000 -0.000000 -1.000000
vn 0.000000 0.000000 -1.000000
vn 0.000000 0.000000 -1.000000
vn 0.000000 0.000000 -1.000000
vn 0.000000 0.000000 -1.000000
vn 0.000000 -0.000000 -1.000000
vn 0.000000 0.000000 -1.000000
vn 0.000000 0.000000 -1.000000
vn 0.000000 0.000000 -1.000000
vn 0.000000 -0.000000 -1.000000
vn 0.000000 0.000000 -1.000000
vn 0.000000 0.000000 -1.000000
vn 0.000000 0.000000 -1.000000
vn 0.000000 -0.000000 -1.000000
vn 0.000000 0.000000 -1.000000
vn 0.000000 0.000000 -1.000000
vn 0.000000 0.000000 -1.000000
vn 0.000000 -0.000000 -1.000000
vn 0.000000 0.000000 -1.000000
vn 0.000000 0.000000 -1.000000
vn 0.000000 -0.000000 -1.000000
vn 0.000000 0.000000 -1.000000
vn 0.000000 0.000000 -1.000000
vn 0.000000 0.000000 -1.000000
vn 0.000000 0.000000 -1.000000
vn 0.000000 -0.000000 -1.000000
vn 0.000000 0.000000 -1.000000
vn 0.000000 0.000000 -1.000000
vn 0.000000 -0.000000 -1.000000
vn 0.000000 0.000000 -1.000000
vn 0.000000 0.000000 -1.000000
vn 0.000000 0.000000 -1.000000
vn 0.000000 0.000000 -1.000000
vn 0.000000 0.000000 -1.000000
vn 0.000000 0.000000 -1.000000
vn 0.000000 0.000000 -1.000000
vn 0.000000 -0.000000 -1.000000
vn 0.000000 0.000000 -1.000000
vn 0.000000 0.000000 -1.000000
vn 0.000000 0.000000 -1.000000
vn 0.000000 0.000000 -1.000000
vn 0.000000 0.000000 -1.000000
vn 0.000000 0.000000 -1.000000
vn 0.000000 0.000000 -1.000000
vn 0.000000 0.000000 -1.000000
vn 0.000000 0.000000 -1.000000
vn 0.000000 0.000000 -1.000000
vn 0.000000 0.000000 -1.000000
vn 0.000000 0.000000 -1.000000
vn 0.000000 0.000000 -1.000000
vn 0.000000 0.000000 -1.000000
vn 0.000000 0.000000 -1.000000
vn 0.000000 -0.000000 -1.000000
vn 0.000000 0.000000 -1.000000
vn 0.000000 0.000000 -1.000000
vn 0.000000 0.000000 -1.000000
vn 0.000000 0.000000 -1.000000
vn 0.000000 -0.000000 -1.000000
vn 0.000000 0.000000 -1.000000
vn 0.000000 0.000000 -1.000000
vn 0.000000 0.000000 -1.000000
vn 0.000000 -0.000000 -1.000000
vn 0.000000 0.000000 -1.000000
vn 0.000000 0.000000 -1.000000
vn 0.000000 0.000000 -1.000000
vn 0.000000 0.000000 -1.000000
vn 0.000000 -0.000000 -1.000000
vn 0.000000 0.000000 -1.000000
vn 0.000000 -0.000000 -1.000000
vn 0.000000 0.000000 -1.000000
vn 0.000000 0.000000 -1.000000
vn 0.000000 0.000000 -1.000000
vn 0.000000 0.000000 -1.000000
vn 0.000000 0.000000 -1.000000
vn 0.000000 -0.000000 -1.000000
vn 0.000000 0.000000 -1.000000
vn 0.000000 0.000000 -1.000000
vn 0.000000 0.000000 -1.000000
vn 0.000000 0.000000 -1.000000
vn 0.000000 0.000000 -1.000000
vn 0.000000 -0.000000 -1.000000
vn 0.000000 0.000000 -1.000000
vn 0.000000 0.000000 -1.000000
vn 0.000000 -0.000000 -1.000000
vn 0.000000 -0.000000 -1.000000
vn 0.000000 0.000000 -1.000000
vn 0.000000 0.000000 -1.000000
vn 0.000000 0.000000 -1.000000
vn 0.000000 0.000000 -1.000000
vn 0.000000 0.000000 -1.000000
vn 0.000000 0.000000 -1.000000
vn 0.000000 -0.000000 -1.000000
vn 0.000000 0.000000 -1.000000
vn 0.000000 0.000000 -1.000000
vn 0.000000 0.000000 -1.000000
vn 0.000000 -0.000000 -1.000000
vn 0.000000 0.000000 -1.000000
vn 0.000000 0.000000 -1.000000
vn 0.000000 -0.000000 -1.000000
vn 0.000000 0.000000 -1.000000
vn 0.000000 0.000000 -1.000000
vn 0.000000 0.000000 -1.000000
vn 0.000000 0.000000 -1.000000
vn 0.000000 -0.000000 -1.000000
vn 0.000000 0.000000 -1.000000
vn 0.000000 0.000000 -1.000000
vn 0.000000 0.000000 -1.000000
vn 0.000000 0.000000 -1.000000
vn 0.000000 0.000000 -1.000000
vn 0.000000 0.000000 -1.000000
vn 0.000000 -0.000000 -1.000000
vn 0.000000 0.000000 -1.000000
vn 0.000000 0.000000 -1.000000
vn 0.000000 0.000000 -1.000000
vn 0.000000 0.000000 -1.000000
vn 0.000000 0.000000 -1.000000
vn 0.000000 0.000000 -1.000000
vn 0.000000 0.000000 -1.000000
vn 0.000000 -0.000000 -1.000000
vn 0.000000 0.000000 -1.000000
vn 0.000000 0.000000 -1.000000
vn 0.000000 0.000000 -1.000000
vn 0.000000 0.000000 -1.000000
vn 0.000000 0.000000 -1.000000
vn 0.000000 -0.000000 -1.000000
vn 0.000000 0.000000 -1.000000
vn -0.999689 -0.024931 -0.000000
vn -0.999689 -0.024931 0.000000
vn -0.997204 -0.074730 0.000000
vn -0.997204 -0.074730 -0.000000
vn -0.992239 -0.124343 0.000000
vn -0.992239 -0.124343 -0.000000
vn -0.984808 -0.173648 0.000000
vn -0.974928 -0.222522 0.000000
vn -0.984808 -0.173648 -0.000000
vn -0.962624 -0.270840 0.000000
vn -0.974928 -0.222522 0.000000
vn -0.947927 -0.318487 0.000000
vn -0.962624 -0.270840 0.000000
vn -0.947927 -0.318487 0.000000
vn -0.930874 -0.365341 0.000000
vn -0.930874 -0.365341 -0.000000
vn -0.911506 -0.411287 0.000000
vn -0.911506 -0.411287 -0.000000
vn -0.889872 -0.456211 0.000000
vn -0.889872 -0.456211 -0.000000
vn -0.866026 -0.500000 -0.000000
vn -0.866026 -0.500000 0.000000
vn -0.840026 -0.542547 -0.000000
vn -0.840026 -0.542547 0.000000
vn -0.811938 -0.583744 -0.000000
vn -0.811938 -0.583744 0.000000
vn -0.781832 -0.623490 0.000000
vn -0.781832 -0.623490 0.000000
vn -0.749781 -0.661686 0.000000
vn -0.715867 -0.698236 0.000000
vn -0.749781 -0.661686 -0.000000
vn -0.715867 -0.698236 0.000000
vn -0.680172 -0.733052 0.000000
vn -0.680172 -0.733052 -0.000000
vn -0.642788 -0.766044 0.000000
vn -0.642788 -0.766044 -0.000000
vn -0.603804 -0.797133 0.000000
vn -0.603804 -0.797133 -0.000000
vn -0.563321 -0.826238 0.000000
vn -0.521434 -0.853291 0.000000
vn -0.563321 -0.826238 -0.000000
vn -0.521434 -0.853291 0.000000
vn -0.478254 -0.878222 0.000000
vn -0.478254 -0.878222 -0.000000
vn -0.433884 -0.900969 0.000000
vn -0.433884 -0.900969 -0.000000
vn -0.388435 -0.921476 0.000000
vn -0.388435 -0.921476 -0.000000
vn -0.342021 -0.939692 0.000000
vn -0.294755 -0.955573 0.000000
vn -0.342021 -0.939692 -0.000000
vn -0.294755 -0.955573 0.000000
vn -0.246758 -0.969077 0.000000
vn -0.246758 -0.969077 -0.000000
vn -0.198146 -0.980173 0.000000
vn -0.198146 -0.980173 -0.000000
vn -0.149043 -0.988831 0.000000
vn -0.149043 -0.988831 -0.000000
vn -0.099568 -0.995031 0.000000
vn -0.099568 -0.995031 -0.000000
vn -0.049846 -0.998757 0.000000
vn -0.049846 -0.998757 -0.000000
vn 0.000000 -1.000000 0.000000
vn -0.000000 -1.000000 -0.000000
vn 0.049846 -0.998757 0.000000
vn 0.049846 -0.998757 0.000000
vn 0.099568 -0.995031 0.000000
vn 0.099568 -0.995031 0.000000
vn 0.149043 -0.988831 0.000000
vn 0.149043 -0.988831 0.000000
vn 0.198146 -0.980173 0.000000
vn 0.198146 -0.980173 0.000000
vn 0.246758 -0.969077 0.000000
vn 0.246758 -0.969077 0.000000
vn 0.294755 -0.955573 0.000000
vn 0.294755 -0.955573 0.000000
vn 0.342021 -0.939692 0.000000
vn 0.342021 -0.939692 0.000000
vn 0.388435 -0.921476 0.000000
vn 0.388435 -0.921476 0.000000
vn 0.433884 -0.900969 0.000000
vn 0.433884 -0.900969 0.000000
vn 0.478254 -0.878222 0.000000
vn 0.478254 -0.878222 0.000000
vn 0.521434 -0.853291 0.000000
vn 0.521434 -0.853291 0.000000
vn 0.563321 -0.826238 0.000000
vn 0.563321 -0.826238 0.000000
vn 0.603804 -0.797133 0.000000
vn 0.603804 -0.797133 0.000000
vn 0.642788 -0.766044 0.000000
vn 0.642788 -0.766044 0.000000
vn 0.680172 -0.733052 0.000000
vn 0.680172 -0.733052 0.000000
vn 0.715867 -0.698236 0.000000
vn 0.715867 -0.698236 0.000000
vn 0.749781 -0.661686 0.000000
vn 0.749781 -0.661686 0.000000
vn 0.781832 -0.623490 0.000000
vn 0.781832 -0.623490 0.000000
vn 0.811938 -0.583744 0.000000
vn 0.811938 -0.583744 0.000000
vn 0.840026 -0.542547 0.000000
vn 0.866026 -0.500000 0.000000
vn 0.840026 -0.542547 0.000000
vn 0.866026 -0.500000 0.000000
vn 0.889872 -0.456211 0.000000
vn 0.889872 -0.456211 0.000000
vn 0.911506 -0.411287 0.000000
vn 0.930874 -0.365341 0.000000
vn 0.911506 -0.411287 0.000000
vn 0.930874 -0.365341 0.000000
vn 0.947927 -0.318487 0.000000
vn 0.947927 -0.318487 0.000000
vn 0.962624 -0.270840 0.000000
vn 0.974928 -0.222522 0.000000
vn 0.962624 -0.270840 0.000000
vn 0.974928 -0.222522 0.000000
vn 0.984808 -0.173648 0.000000
vn 0.992239 -0.124343 0.000000
vn 0.984808 -0.173648 0.000000
vn 0.992239 -0.124343 0.000000
vn 0.997204 -0.074730 0.000000
vn 0.997204 -0.074730 0.000000
vn 0.999689 -0.024931 0.000000
vn 0.999689 -0.024931 0.000000
vn 0.999689 0.024931 0.000000
vn 0.999689 0.024931 0.000000
vn 0.997204 0.074730 0.000000
vn 0.997204 0.074730 0.000000
vn 0.992239 0.124343 -0.000000
vn 0.992239 0.124343 0.000000
vn 0.984808 0.173648 0.000000
vn 0.984808 0.173648 0.000000
vn 0.974928 0.222522 0.000000
vn 0.974928 0.222522 0.000000
vn 0.962624 0.270840 -0.000000
vn 0.962624 0.270840 0.000000
vn 0.947927 0.318487 0.000000
vn 0.947927 0.318487 0.000000
vn 0.930874 0.365341 -0.000000
vn 0.930874 0.365341 0.000000
vn 0.911506 0.411287 0.000000
vn 0.911506 0.411287 0.000000
vn 0.889872 0.456211 0.000000
vn 0.889872 0.456211 0.000000
vn 0.866026 0.500000 -0.000000
vn 0.866026 0.500000 0.000000
vn 0.840026 0.542547 0.000000
vn 0.840026 0.542547 0.000000
vn 0.811938 0.583744 -0.000000
vn 0.811938 0.583744 0.000000
vn 0.781832 0.623490 0.000000
vn 0.781832 0.623490 0.000000
vn 0.749781 0.661686 0.000000
vn 0.749781 0.661686 0.000000
vn 0.715867 0.698236 -0.000000
vn 0.715867 0.698236 0.000000
vn 0.680172 0.733052 0.000000
vn 0.680172 0.733052 0.000000
vn 0.642788 0.766044 0.000000
vn 0.642788 0.766044 0.000000
vn 0.603804 0.797133 -0.000000
vn 0.603804 0.797133 0.000000
vn 0.563321 0.826238 0.000000
vn 0.563321 0.826238 0.000000
vn 0.521434 0.853291 0.000000
vn 0.521434 0.853291 0.000000
vn 0.478254 0.878222 0.000000
vn 0.478254 0.878222 0.000000
vn 0.433884 0.900969 0.000000
vn 0.433884 0.900969 0.000000
vn 0.388435 0.921476 0.000000
vn 0.388435 0.921476 0.000000
vn 0.342021 0.939692 0.000000
vn 0.342021 0.939692 0.000000
vn 0.294755 0.955573 0.000000
vn 0.294755 0.955573 0.000000
vn 0.246758 0.969077 0.000000
vn 0.246758 0.969077 0.000000
vn 0.198146 0.980173 0.000000
vn 0.198146 0.980173 0.000000
vn 0.149043 0.988831 0.000000
vn 0.149043 0.988831 0.000000
vn 0.099568 0.995031 0.000000
vn 0.099568 0.995031 0.000000
vn 0.049846 0.998757 0.000000
vn 0.049846 0.998757 0.000000
vn 0.000000 1.000000 0.000000
vn -0.000000 1.000000 0.000000
vn -0.049846 0.998757 0.000000
vn -0.049846 0.998757 0.000000
vn -0.099568 0.995031 0.000000
vn -0.099568 0.995031 0.000000
vn -0.149043 0.988831 0.000000
vn -0.149043 0.988831 0.000000
vn -0.246758 0.969077 0.000000
vn -0.198146 0.980173 0.000000
vn -0.198146 0.980173 0.000000
vn -0.246758 0.969077 0.000000
vn -0.294755 0.955573 0.000000
vn -0.294755 0.955573 0.000000
vn -0.342021 0.939692 0.000000
vn -0.388435 0.921476 0.000000
vn -0.342021 0.939692 0.000000
vn -0.388435 0.921476 0.000000
vn -0.433884 0.900969 0.000000
vn -0.433884 0.900969 0.000000
vn -0.478254 0.878222 0.000000
vn -0.521434 0.853291 0.000000
vn -0.478254 0.878222 0.000000
vn -0.521434 0.853291 0.000000
vn -0.563321 0.826238 0.000000
vn -0.603804 0.797133 0.000000
vn -0.563321 0.826238 0.000000
vn -0.642788 0.766044 0.000000
vn -0.603804 0.797133 0.000000
vn -0.642788 0.766044 0.000000
vn -0.680172 0.733052 0.000000
vn -0.680172 0.733052 0.000000
vn -0.715867 0.698236 0.000000
vn -0.749781 0.661686 0.000000
vn -0.715867 0.698236 0.000000
vn -0.749781 0.661686 0.000000
vn -0.781832 0.623490 0.000000
vn -0.781832 0.623490 0.000000
vn -0.811938 0.583744 0.000000
vn -0.811938 0.583744 0.000000
vn -0.840026 0.542547 0.000000
vn -0.840026 0.542547 0.000000
vn -0.866026 0.500000 0.000000
vn -0.866026 0.500000 0.000000
vn -0.889872 0.456211 0.000000
vn -0.889872 0.456211 0.000000
vn -0.911506 0.411287 0.000000
vn -0.930874 0.365341 0.000000
vn -0.911506 0.411287 0.000000
vn -0.930874 0.365341 0.000000
vn -0.947927 0.318487 0.000000
vn -0.947927 0.318487 0.000000
vn -0.962624 0.270840 0.000000
vn -0.974928 0.222522 0.000000
vn -0.962624 0.270840 0.000000
vn -0.974928 0.222522 0.000000
vn -0.984808 0.173648 0.000000
vn -0.984808 0.173648 0.000000
vn -0.992239 0.124343 0.000000
vn -0.997204 0.074730 0.000000
vn -0.992239 0.124343 0.000000
vn -0.997204 0.074730 0.000000
vn -0.999689 0.024931 0.000000
vn -0.999689 0.024931 0.000000
vn 0.000000 0.000000 -1.000000
vn 0.000000 0.000000 -1.000000
vn 1.000000 0.000000 0.000000
vn 1.000000 -0.000000 0.000000
vn 0.000000 0.000000 1.000000
vn 0.000000 0.000000 1.000000
vn -1.000000 0.000000 0.000000
vn -1.000000 0.000000 0.000000
vn 0.000000 -1.000000 0.000000
vn 0.000000 -1.000000 0.000000
vn 0.000000 1.000000 0.000000
vn 0.000000 1.000000 0.000000
vn -0.000000 0.000000 -1.000000
vn 0.000000 0.000000 -1.000000
vn 0.991445 0.130526 0.000000
vn 0.991445 0.130526 0.000000
vn 0.000000 0.000000 1.000000
vn 0.000000 -0.000000 1.000000
vn -0.991445 -0.130526 0.000000
vn -0.991445 -0.130526 0.000000
vn 0.130526 -0.991445 0.000000
vn 0.130526 -0.991445 0.000000
vn -0.130526 0.991445 0.000000
vn -0.130526 0.991445 0.000000
vn -0.000000 0.000000 -1.000000
vn 0.000000 0.000000 -1.000000
vn 0.965926 0.258819 0.000000
vn 0.965926 0.258819 0.000000
vn 0.000000 0.000000 1.000000
vn 0.000000 -0.000000 1.000000
vn -0.965926 -0.258820 0.000000
vn -0.965926 -0.258820 0.000000
vn 0.258819 -0.965926 0.000000
vn 0.258819 -0.965926 0.000000
vn -0.258819 0.965926 0.000000
vn -0.258819 0.965926 0.000000
vn -0.000000 0.000000 -1.000000
vn 0.000000 0.000000 -1.000000
vn 0.923880 0.382683 0.000000
vn 0.923880 0.382683 0.000000
vn 0.000000 0.000000 1.000000
vn 0.000000 -0.000000 1.000000
vn -0.923880 -0.382683 0.000000
vn -0.923880 -0.382683 0.000000
vn 0.382683 -0.923880 0.000000
vn 0.382683 -0.923880 0.000000
vn -0.382683 0.923880 0.000000
vn -0.382683 0.923880 0.000000
vn 0.000000 0.000000 -1.000000
vn -0.000000 0.000000 -1.000000
vn 0.866026 0.500000 0.000000
vn 0.866026 0.500000 0.000000
vn 0.000000 0.000000 1.000000
vn 0.000000 -0.000000 1.000000
vn -0.866026 -0.500000 0.000000
vn -0.866026 -0.500000 0.000000
vn 0.500000 -0.866026 0.000000
vn 0.500000 -0.866026 0.000000
vn -0.500000 0.866026 0.000000
vn -0.500000 0.866026 0.000000
vn 0.000000 0.000000 -1.000000
vn -0.000000 0.000000 -1.000000
vn 0.793353 0.608762 0.000000
vn 0.793353 0.608762 0.000000
vn 0.000000 0.000000 1.000000
vn 0.000000 -0.000000 1.000000
vn -0.793354 -0.608761 0.000000
vn -0.793354 -0.608761 0.000000
vn 0.608761 -0.793354 0.000000
vn 0.608761 -0.793354 0.000000
vn -0.608761 0.793353 0.000000
vn -0.608761 0.793353 0.000000
vn 0.000000 0.000000 -1.000000
vn -0.000000 0.000000 -1.000000
vn 0.707107 0.707107 0.000000
vn 0.707107 0.707107 0.000000
vn 0.000000 0.000000 1.000000
vn 0.000000 -0.000000 1.000000
vn -0.707107 -0.707107 0.000000
vn -0.707107 -0.707107 0.000000
vn 0.707107 -0.707106 0.000000
vn 0.707107 -0.707106 0.000000
vn -0.707106 0.707107 0.000000
vn -0.707106 0.707107 0.000000
vn 0.000000 0.000000 -1.000000
vn -0.000000 0.000000 -1.000000
vn 0.608762 0.793353 0.000000
vn 0.608762 0.793353 0.000000
vn 0.000000 0.000000 1.000000
vn 0.000000 -0.000000 1.000000
vn -0.608761 -0.793354 0.000000
vn -0.608761 -0.793354 0.000000
vn 0.793353 -0.608761 0.000000
vn 0.793353 -0.608761 0.000000
vn -0.793354 0.608761 0.000000
vn -0.793354 0.608761 0.000000
vn 0.000000 0.000000 -1.000000
vn -0.000000 0.000000 -1.000000
vn 0.500000 0.866026 0.000000
vn 0.500000 0.866026 0.000000
vn 0.000000 0.000000 1.000000
vn 0.000000 -0.000000 1.000000
vn -0.500000 -0.866026 0.000000
vn -0.500000 -0.866026 0.000000
vn 0.866026 -0.500000 0.000000
vn 0.866026 -0.500000 0.000000
vn -0.866026 0.500000 0.000000
vn -0.866026 0.500000 0.000000
vn 0.000000 0.000000 -1.000000
vn -0.000000 0.000000 -1.000000
vn 0.382683 0.923880 0.000000
vn 0.382683 0.923880 0.000000
vn 0.000000 -0.000000 1.000000
vn 0.000000 0.000000 1.000000
vn -0.382683 -0.923880 0.000000
vn -0.382683 -0.923880 0.000000
vn 0.923880 -0.382683 0.000000
vn 0.923880 -0.382683 0.000000
vn -0.923880 0.382683 0.000000
vn -0.923880 0.382683 0.000000
vn 0.000000 0.000000 -1.000000
vn -0.000000 0.000000 -1.000000
vn 0.258819 0.965926 0.000000
vn 0.258819 0.965926 0.000000
vn 0.000000 -0.000000 1.000000
vn 0.000000 0.000000 1.000000
vn -0.258820 -0.965926 0.000000
vn -0.258820 -0.965926 0.000000
vn 0.965926 -0.258819 0.000000
vn 0.965926 -0.258819 0.000000
vn -0.965926 0.258819 0.000000
vn -0.965926 0.258819 0.000000
vn 0.000000 0.000000 -1.000000
vn -0.000000 0.000000 -1.000000
vn 0.130526 0.991445 0.000000
vn 0.130526 0.991445 0.000000
vn 0.000000 -0.000000 1.000000
vn 0.000000 0.000000 1.000000
vn -0.130526 -0.991445 0.000000
vn -0.130526 -0.991445 0.000000
vn 0.991445 -0.130526 0.000000
vn 0.991445 -0.130526 0.000000
vn -0.991445 0.130526 0.000000
vn -0.991445 0.130526 0.000000
vn 0.000000 -0.000000 -1.000000
vn -0.000000 0.000000 -1.000000
vn 0.000000 1.000000 0.000000
vn 0.000000 1.000000 0.000000
vn 0.000000 -0.000000 1.000000
vn 0.000000 0.000000 1.000000
vn 0.000000 -1.000000 0.000000
vn 0.000000 -1.000000 0.000000
vn 1.000000 0.000000 0.000000
vn 1.000000 0.000000 -0.000000
vn -1.000000 -0.000000 0.000000
vn -1.000000 0.000000 -0.000000
vn 0.000000 -0.000000 -1.000000
vn 0.000000 0.000000 -1.000000
vn -0.130526 0.991445 0.000000
vn -0.130526 0.991445 0.000000
vn 0.000000 0.000000 1.000000
vn 0.000000 0.000000 1.000000
vn 0.130526 -0.991445 0.000000
vn 0.130526 -0.991445 0.000000
vn 0.991445 0.130526 -0.000000
vn 0.991445 0.130526 -0.000000
vn -0.991445 -0.130526 0.000000
vn -0.991445 -0.130526 -0.000000
vn 0.000000 -0.000000 -1.000000
vn 0.000000 0.000000 -1.000000
vn -0.258819 0.965926 0.000000
vn -0.258819 0.965926 0.000000
vn 0.000000 0.000000 1.000000
vn 0.000000 0.000000 1.000000
vn 0.258820 -0.965926 0.000000
vn 0.258820 -0.965926 0.000000
vn 0.965926 0.258819 -0.000000
vn 0.965926 0.258819 -0.000000
vn -0.965926 -0.258819 0.000000
vn -0.965926 -0.258819 -0.000000
vn 0.000000 -0.000000 -1.000000
vn 0.000000 0.000000 -1.000000
vn -0.382683 0.923880 0.000000
vn -0.382683 0.923880 0.000000
vn 0.000000 0.000000 1.000000
vn 0.000000 0.000000 1.000000
vn 0.382683 -0.923880 0.000000
vn 0.382683 -0.923880 0.000000
vn 0.923880 0.382683 -0.000000
vn 0.923880 0.382683 -0.000000
vn -0.923880 -0.382683 0.000000
vn -0.923880 -0.382683 -0.000000
vn 0.000000 0.000000 -1.000000
vn 0.000000 -0.000000 -1.000000
vn -0.500000 0.866026 0.000000
vn -0.500000 0.866026 0.000000
vn 0.000000 0.000000 1.000000
vn 0.000000 0.000000 1.000000
vn 0.500000 -0.866026 0.000000
vn 0.500000 -0.866026 0.000000
vn 0.866026 0.500000 -0.000000
vn 0.866026 0.500000 -0.000000
vn -0.866026 -0.500000 0.000000
vn -0.866026 -0.500000 -0.000000
vn 0.000000 0.000000 -1.000000
vn 0.000000 -0.000000 -1.000000
vn -0.608762 0.793353 0.000000
vn -0.608762 0.793353 0.000000
vn 0.000000 0.000000 1.000000
vn 0.000000 0.000000 1.000000
vn 0.608761 -0.793354 0.000000
vn 0.608761 -0.793354 0.000000
vn 0.793354 0.608761 -0.000000
vn 0.793354 0.608761 -0.000000
vn -0.793353 -0.608761 0.000000
vn -0.793353 -0.608761 -0.000000
vn 0.000000 0.000000 -1.000000
vn 0.000000 -0.000000 -1.000000
vn -0.707107 0.707107 0.000000
vn -0.707107 0.707107 0.000000
vn 0.000000 0.000000 1.000000
vn 0.000000 0.000000 1.000000
vn 0.707107 -0.707107 0.000000
vn 0.707107 -0.707107 0.000000
vn 0.707106 0.707107 -0.000000
vn 0.707106 0.707107 -0.000000
vn -0.707107 -0.707106 0.000000
vn -0.707107 -0.707106 -0.000000
vn 0.000000 0.000000 -1.000000
vn 0.000000 -0.000000 -1.000000
vn -0.793353 0.608762 0.000000
vn -0.793353 0.608762 0.000000
vn 0.000000 0.000000 1.000000
vn 0.000000 0.000000 1.000000
vn 0.793354 -0.608761 0.000000
vn 0.793354 -0.608761 0.000000
vn 0.608761 0.793353 -0.000000
vn 0.608761 0.793353 -0.000000
vn -0.608761 -0.793354 0.000000
vn -0.608761 -0.793354 -0.000000
vn 0.000000 0.000000 -1.000000
vn 0.000000 -0.000000 -1.000000
vn -0.866026 0.500000 0.000000
vn -0.866026 0.500000 0.000000
vn 0.000000 0.000000 1.000000
vn 0.000000 0.000000 1.000000
vn 0.866026 -0.500000 0.000000
vn 0.866026 -0.500000 0.000000
vn 0.500000 0.866026 -0.000000
vn 0.500000 0.866026 -0.000000
vn -0.500000 -0.866026 0.000000
vn -0.500000 -0.866026 -0.000000
vn 0.000000 0.000000 -1.000000
vn 0.000000 -0.000000 -1.000000
vn -0.923880 0.382683 0.000000
vn -0.923880 0.382683 0.000000
vn 0.000000 0.000000 1.000000
vn 0.000000 0.000000 1.000000
vn 0.923880 -0.382683 0.000000
vn 0.923880 -0.382683 0.000000
vn 0.382683 0.923880 -0.000000
vn 0.382683 0.923880 -0.000000
vn -0.382683 -0.923880 0.000000
vn -0.382683 -0.923880 -0.000000
vn 0.000000 0.000000 -1.000000
vn 0.000000 -0.000000 -1.000000
vn -0.965926 0.258819 0.000000
vn -0.965926 0.258819 0.000000
vn 0.000000 0.000000 1.000000
vn 0.000000 0.000000 1.000000
vn 0.965926 -0.258820 0.000000
vn 0.965926 -0.258820 0.000000
vn 0.258819 0.965926 -0.000000
vn 0.258819 0.965926 -0.000000
vn -0.258819 -0.965926 0.000000
vn -0.258819 -0.965926 -0.000000
vn 0.000000 0.000000 -1.000000
vn 0.000000 -0.000000 -1.000000
vn -0.991445 0.130526 0.000000
vn -0.991445 0.130526 0.000000
vn 0.000000 0.000000 1.000000
vn 0.000000 0.000000 1.000000
vn 0.991445 -0.130526 0.000000
vn 0.991445 -0.130526 0.000000
vn 0.130526 0.991445 -0.000000
vn 0.130526 0.991445 -0.000000
vn -0.130526 -0.991445 0.000000
vn -0.130526 -0.991445 -0.000000
vn 0.000000 0.000000 -1.000000
vn 0.000000 0.000000 -1.000000
vn -1.000000 0.000000 -0.000000
vn -1.000000 -0.000000 0.000000
vn 0.000000 0.000000 1.000000
vn 0.000000 0.000000 1.000000
vn 1.000000 0.000000 -0.000000
vn 1.000000 0.000000 0.000000
vn 0.000000 1.000000 -0.000000
vn 0.000000 1.000000 0.000000
vn 0.000000 -1.000000 0.000000
vn 0.000000 -1.000000 0.000000
vn 0.000000 0.000000 -1.000000
vn 0.000000 0.000000 -1.000000
vn -0.991445 -0.130526 -0.000000
vn -0.991445 -0.130526 0.000000
vn 0.000000 0.000000 1.000000
vn 0.000000 0.000000 1.000000
vn 0.991445 0.130526 -0.000000
vn 0.991445 0.130526 -0.000000
vn -0.130526 0.991445 0.000000
vn -0.130526 0.991445 0.000000
vn 0.130526 -0.991445 0.000000
vn 0.130526 -0.991445 0.000000
vn 0.000000 0.000000 -1.000000
vn 0.000000 0.000000 -1.000000
vn -0.965926 -0.258819 -0.000000
vn -0.965926 -0.258819 0.000000
vn 0.000000 0.000000 1.000000
vn 0.000000 0.000000 1.000000
vn 0.965926 0.258820 -0.000000
vn 0.965926 0.258820 -0.000000
vn -0.258819 0.965926 0.000000
vn -0.258819 0.965926 0.000000
vn 0.258819 -0.965926 0.000000
vn 0.258819 -0.965926 0.000000
vn 0.000000 0.000000 -1.000000
vn 0.000000 0.000000 -1.000000
vn -0.923880 -0.382683 -0.000000
vn -0.923880 -0.382683 0.000000
vn 0.000000 0.000000 1.000000
vn 0.000000 0.000000 1.000000
vn 0.923880 0.382683 -0.000000
vn 0.923880 0.382683 -0.000000
vn -0.382683 0.923880 0.000000
vn -0.382683 0.923880 0.000000
vn 0.382683 -0.923880 0.000000
vn 0.382683 -0.923880 0.000000
vn 0.000000 0.000000 -1.000000
vn 0.000000 0.000000 -1.000000
vn -0.866026 -0.500000 -0.000000
vn -0.866026 -0.500000 0.000000
vn 0.000000 0.000000 1.000000
vn 0.000000 0.000000 1.000000
vn 0.866026 0.500000 -0.000000
vn 0.866026 0.500000 -0.000000
vn -0.500000 0.866026 0.000000
vn -0.500000 0.866026 0.000000
vn 0.500000 -0.866026 0.000000
vn 0.500000 -0.866026 0.000000
vn 0.000000 0.000000 -1.000000
vn 0.000000 0.000000 -1.000000
vn -0.793353 -0.608762 -0.000000
vn -0.793353 -0.608762 0.000000
vn 0.000000 0.000000 1.000000
vn 0.000000 0.000000 1.000000
vn 0.793354 0.608761 -0.000000
vn 0.793354 0.608761 -0.000000
vn -0.608761 0.793354 0.000000
vn -0.608761 0.793354 0.000000
vn 0.608761 -0.793353 0.000000
vn 0.608761 -0.793353 0.000000
vn 0.000000 0.000000 -1.000000
vn 0.000000 0.000000 -1.000000
vn -0.707107 -0.707107 -0.000000
vn -0.707107 -0.707107 0.000000
vn 0.000000 0.000000 1.000000
vn 0.000000 0.000000 1.000000
vn 0.707107 0.707107 -0.000000
vn 0.707107 0.707107 -0.000000
vn -0.707107 0.707106 0.000000
vn -0.707107 0.707106 0.000000
vn 0.707106 -0.707107 0.000000
vn 0.707106 -0.707107 0.000000
vn 0.000000 0.000000 -1.000000
vn 0.000000 0.000000 -1.000000
vn -0.608762 -0.793353 -0.000000
vn -0.608762 -0.793353 0.000000
vn 0.000000 0.000000 1.000000
vn 0.000000 0.000000 1.000000
vn 0.608761 0.793354 -0.000000
vn 0.608761 0.793354 -0.000000
vn -0.793353 0.608761 0.000000
vn -0.793353 0.608761 0.000000
vn 0.793354 -0.608761 0.000000
vn 0.793354 -0.608761 0.000000
vn 0.000000 0.000000 -1.000000
vn 0.000000 0.000000 -1.000000
vn -0.500000 -0.866026 -0.000000
vn -0.500000 -0.866026 0.000000
vn 0.000000 0.000000 1.000000
vn 0.000000 0.000000 1.000000
vn 0.500000 0.866026 -0.000000
vn 0.500000 0.866026 -0.000000
vn -0.866026 0.500000 0.000000
vn -0.866026 0.500000 0.000000
vn 0.866026 -0.500000 0.000000
vn 0.866026 -0.500000 0.000000
vn 0.000000 0.000000 -1.000000
vn 0.000000 0.000000 -1.000000
vn -0.382683 -0.923880 -0.000000
vn -0.382683 -0.923880 0.000000
vn 0.000000 0.000000 1.000000
vn 0.000000 0.000000 1.000000
vn 0.382683 0.923880 -0.000000
vn 0.382683 0.923880 -0.000000
vn -0.923880 0.382683 0.000000
vn -0.923880 0.382683 0.000000
vn 0.923880 -0.382683 0.000000
vn 0.923880 -0.382683 0.000000
vn 0.000000 0.000000 -1.000000
vn 0.000000 0.000000 -1.000000
vn -0.258819 -0.965926 -0.000000
vn -0.258819 -0.965926 0.000000
vn 0.000000 0.000000 1.000000
vn 0.000000 0.000000 1.000000
vn 0.258820 0.965926 -0.000000
vn 0.258820 0.965926 -0.000000
vn -0.965926 0.258819 0.000000
vn -0.965926 0.258819 0.000000
vn 0.965926 -0.258819 0.000000
vn 0.965926 -0.258819 0.000000
vn 0.000000 0.000000 -1.000000
vn 0.000000 0.000000 -1.000000
vn -0.130526 -0.991445 -0.000000
vn -0.130526 -0.991445 0.000000
vn 0.000000 0.000000 1.000000
vn 0.000000 0.000000 1.000000
vn 0.130526 0.991445 -0.000000
vn 0.130526 0.991445 -0.000000
vn -0.991445 0.130526 0.000000
vn -0.991445 0.130526 0.000000
vn 0.991445 -0.130526 0.000000
vn 0.991445 -0.130526 0.000000
vn 0.000000 0.000000 -1.000000
vn 0.000000 0.000000 -1.000000
vn 0.000000 -1.000000 0.000000
vn 0.000000 -1.000000 0.000000
vn 0.000000 0.000000 1.000000
vn -0.000000 0.000000 1.000000
vn 0.000000 1.000000 0.000000
vn 0.000000 1.000000 -0.000000
vn -1.000000 0.000000 0.000000
vn -1.000000 0.000000 0.000000
vn 1.000000 -0.000000 0.000000
vn 1.000000 0.000000 0.000000
vn 0.000000 0.000000 -1.000000
vn 0.000000 0.000000 -1.000000
vn 0.130526 -0.991445 0.000000
vn 0.130526 -0.991445 0.000000
vn 0.000000 0.000000 1.000000
vn -0.000000 0.000000 1.000000
vn -0.130526 0.991445 0.000000
vn -0.130526 0.991445 0.000000
vn -0.991445 -0.130526 0.000000
vn -0.991445 -0.130526 0.000000
vn 0.991445 0.130526 0.000000
vn 0.991445 0.130526 0.000000
vn 0.000000 0.000000 -1.000000
vn 0.000000 0.000000 -1.000000
vn 0.258819 -0.965926 0.000000
vn 0.258819 -0.965926 0.000000
vn 0.000000 0.000000 1.000000
vn -0.000000 0.000000 1.000000
vn -0.258820 0.965926 0.000000
vn -0.258820 0.965926 0.000000
vn -0.965926 -0.258819 0.000000
vn -0.965926 -0.258819 0.000000
vn 0.965926 0.258819 0.000000
vn 0.965926 0.258819 0.000000
vn 0.000000 0.000000 -1.000000
vn 0.000000 0.000000 -1.000000
vn 0.382683 -0.923880 0.000000
vn 0.382683 -0.923880 0.000000
vn 0.000000 0.000000 1.000000
vn -0.000000 0.000000 1.000000
vn -0.382683 0.923880 0.000000
vn -0.382683 0.923880 0.000000
vn -0.923880 -0.382683 0.000000
vn -0.923880 -0.382683 0.000000
vn 0.923880 0.382683 0.000000
vn 0.923880 0.382683 0.000000
vn 0.000000 0.000000 -1.000000
vn 0.000000 0.000000 -1.000000
vn 0.500000 -0.866026 0.000000
vn 0.500000 -0.866026 0.000000
vn 0.000000 0.000000 1.000000
vn -0.000000 0.000000 1.000000
vn -0.500000 0.866026 0.000000
vn -0.500000 0.866026 0.000000
vn -0.866026 -0.500000 0.000000
vn -0.866026 -0.500000 0.000000
vn 0.866026 0.500000 0.000000
vn 0.866026 0.500000 0.000000
vn 0.000000 0.000000 -1.000000
vn 0.000000 0.000000 -1.000000
vn 0.608762 -0.793353 0.000000
vn 0.608762 -0.793353 0.000000
vn 0.000000 0.000000 1.000000
vn -0.000000 0.000000 1.000000
vn -0.608761 0.793354 0.000000
vn -0.608761 0.793354 0.000000
vn -0.793354 -0.608761 0.000000
vn -0.793354 -0.608761 0.000000
vn 0.793353 0.608761 0.000000
vn 0.793353 0.608761 0.000000
vn 0.000000 0.000000 -1.000000
vn 0.000000 0.000000 -1.000000
vn 0.707107 -0.707107 0.000000
vn 0.707107 -0.707107 0.000000
vn 0.000000 0.000000 1.000000
vn -0.000000 0.000000 1.000000
vn -0.707107 0.707107 0.000000
vn -0.707107 0.707107 0.000000
vn -0.707106 -0.707107 0.000000
vn -0.707106 -0.707107 0.000000
vn 0.707107 0.707106 0.000000
vn 0.707107 0.707106 0.000000
vn 0.000000 0.000000 -1.000000
vn 0.000000 0.000000 -1.000000
vn 0.793353 -0.608762 0.000000
vn 0.793353 -0.608762 0.000000
vn 0.000000 0.000000 1.000000
vn -0.000000 0.000000 1.000000
vn -0.793354 0.608761 0.000000
vn -0.793354 0.608761 0.000000
vn -0.608761 -0.793353 0.000000
vn -0.608761 -0.793353 0.000000
vn 0.608761 0.793354 0.000000
vn 0.608761 0.793354 0.000000
vn 0.000000 0.000000 -1.000000
vn 0.000000 0.000000 -1.000000
vn 0.866026 -0.500000 0.000000
vn 0.866026 -0.500000 0.000000
vn 0.000000 0.000000 1.000000
vn -0.000000 0.000000 1.000000
vn -0.866026 0.500000 0.000000
vn -0.866026 0.500000 0.000000
vn -0.500000 -0.866026 0.000000
vn -0.500000 -0.866026 0.000000
vn 0.500000 0.866026 0.000000
vn 0.500000 0.866026 0.000000
vn 0.000000 0.000000 -1.000000
vn 0.000000 0.000000 -1.000000
vn 0.923880 -0.382683 0.000000
vn 0.923880 -0.382683 0.000000
vn -0.000000 0.000000 1.000000
vn 0.000000 0.000000 1.000000
vn -0.923880 0.382683 0.000000
vn -0.923880 0.382683 0.000000
vn -0.382683 -0.923880 0.000000
vn -0.382683 -0.923880 0.000000
vn 0.382683 0.923880 0.000000
vn 0.382683 0.923880 0.000000
vn 0.000000 0.000000 -1.000000
vn 0.000000 0.000000 -1.000000
vn 0.965926 -0.258819 0.000000
vn 0.965926 -0.258819 0.000000
vn -0.000000 0.000000 1.000000
vn 0.000000 0.000000 1.000000
vn -0.965926 0.258820 0.000000
vn -0.965926 0.258820 0.000000
vn -0.258819 -0.965926 0.000000
vn -0.258819 -0.965926 0.000000
vn 0.258819 0.965926 0.000000
vn 0.258819 0.965926 0.000000
vn 0.000000 0.000000 -1.000000
vn 0.000000 0.000000 -1.000000
vn 0.991445 -0.130526 0.000000
vn 0.991445 -0.130526 0.000000
vn -0.000000 0.000000 1.000000
vn 0.000000 0.000000 1.000000
vn -0.991445 0.130526 0.000000
vn -0.991445 0.130526 0.000000
vn -0.130526 -0.991445 0.000000
vn -0.130526 -0.991445 0.000000
vn 0.130526 0.991445 0.000000
vn 0.130526 0.991445 0.000000
g \u0422\u0435\u043b\u043e
f 1//1 2//1 3//1
f 3//2 2//2 4//2
f 4//3 5//3 6//3
f 6//4 5//4 7//4
f 2//5 5//5 4//5
f 5//6 8//6 7//6
f 7//7 9//7 10//7
f 10//8 9//8 11//8
f 8//9 9//9 7//9
f 11//10 12//10 13//10
f 9//11 12//11 11//11
f 12//12 14//12 13//12
f 13//13 15//13 16//13
f 14//14 15//14 13//14
f 16//15 17//15 18//15
f 18//16 17//16 19//16
f 15//17 17//17 16//17
f 17//18 20//18 19//18
f 19//19 21//19 22//19
f 20//20 21//20 19//20
f 21//21 23//21 22//21
f 22//22 23//22 24//22
f 23//23 25//23 24//23
f 24//24 25//24 26//24
f 25//25 27//25 26//25
f 26//26 27//26 28//26
f 27//27 29//27 28//27
f 28//28 29//28 30//28
f 30//29 31//29 32//29
f 29//30 31//30 30//30
f 32//31 33//31 34//31
f 31//32 33//32 32//32
f 34//33 35//33 36//33
f 33//34 35//34 34//34
f 36//35 37//35 38//35
f 35//36 37//36 36//36
f 38//37 39//37 40//37
f 37//38 39//38 38//38
f 40//39 41//39 42//39
f 42//40 41//40 43//40
f 39//41 41//41 40//41
f 41//42 44//42 43//42
f 43//43 45//43 46//43
f 46//44 45//44 47//44
f 44//45 45//45 43//45
f 45//46 48//46 47//46
f 47//47 49//47 50//47
f 50//48 49//48 51//48
f 48//49 49//49 47//49
f 49//50 52//50 51//50
f 51//51 53//51 54//51
f 52//52 53//52 51//52
f 54//53 55//53 56//53
f 56//54 55//54 57//54
f 53//55 55//55 54//55
f 57//56 58//56 59//56
f 55//57 58//57 57//57
f 58//58 60//58 59//58
f 59//59 61//59 62//59
f 62//60 61//60 63//60
f 60//61 61//61 59//61
f 61//62 64//62 63//62
f 63//63 65//63 66//63
f 66//64 65//64 67//64
f 64//65 65//65 63//65
f 65//66 68//66 67//66
f 67//67 69//67 70//67
f 70//68 69//68 71//68
f 68//69 69//69 67//69
f 69//70 72//70 71//70
f 72//71 73//71 71//71
f 71//72 73//72 74//72
f 74//73 75//73 76//73
f 73//74 75//74 74//74
f 75//75 77//75 76//75
f 76//76 77//76 78//76
f 77//77 79//77 78//77
f 78//78 79//78 80//78
f 79//79 81//79 80//79
f 80//80 81//80 82//80
f 82//81 81//81 83//81
f 81//82 84//82 83//82
f 84//83 85//83 83//83
f 83//84 85//84 86//84
f 85//85 87//85 86//85
f 86//86 87//86 88//86
f 87//87 89//87 88//87
f 88//88 89//88 90//88
f 89//89 91//89 90//89
f 90//90 91//90 92//90
f 91//91 93//91 92//91
f 92//92 93//92 94//92
f 93//93 95//93 94//93
f 94//94 95//94 96//94
f 95//95 97//95 96//95
f 96//96 97//96 98//96
f 97//97 99//97 98//97
f 98//98 99//98 100//98
f 100//99 101//99 102//99
f 99//100 101//100 100//100
f 102//101 103//101 104//101
f 101//102 103//102 102//102
f 104//103 105//103 106//103
f 103//104 105//104 104//104
f 106//105 107//105 108//105
f 105//106 107//106 106//106
f 108//107 109//107 110//107
f 107//108 109//108 108//108
f 110//109 111//109 112//109
f 109//110 111//110 110//110
f 112//111 113//111 114//111
f 111//112 113//112 112//112
f 114//113 115//113 116//113
f 113//114 115//114 114//114
f 116//115 117//115 118//115
f 115//116 117//116 116//116
f 118//117 119//117 120//117
f 117//118 119//118 118//118
f 120//119 121//119 122//119
f 119//120 121//120 120//120
f 122//121 123//121 124//121
f 121//122 123//122 122//122
f 123//123 125//123 124//123
f 124//124 125//124 126//124
f 125//125 127//125 126//125
f 126//126 127//126 128//126
f 127//127 129//127 128//127
f 128//128 129//128 130//128
f 129//129 131//129 130//129
f 130//130 131//130 132//130
f 131//131 133//131 132//131
f 132//132 133//132 134//132
f 133//133 135//133 134//133
f 134//134 135//134 136//134
f 135//135 137//135 136//135
f 136//136 137//136 138//136
f 137//137 139//137 138//137
f 138//138 139//138 140//138
f 139//139 141//139 140//139
f 140//140 141//140 142//140
f 141//141 143//141 142//141
f 142//142 143//142 144//142
f 143//143 145//143 144//143
f 144//144 145//144 146//144
f 145//145 147//145 146//145
f 146//146 147//146 148//146
f 147//147 149//147 148//147
f 148//148 149//148 150//148
f 149//149 151//149 150//149
f 150//150 151//150 152//150
f 151//151 153//151 152//151
f 152//152 153//152 154//152
f 153//153 155//153 154//153
f 154//154 155//154 156//154
f 155//155 157//155 156//155
f 156//156 157//156 158//156
f 157//157 159//157 158//157
f 158//158 159//158 160//158
f 159//159 161//159 160//159
f 160//160 161//160 162//160
f 161//161 163//161 162//161
f 162//162 163//162 164//162
f 163//163 165//163 164//163
f 164//164 165//164 166//164
f 166//165 167//165 168//165
f 165//166 167//166 166//166
f 168//167 169//167 170//167
f 167//168 169//168 168//168
f 170//169 171//169 172//169
f 169//170 171//170 170//170
f 172//171 173//171 174//171
f 171//172 173//172 172//172
f 174//173 175//173 176//173
f 173//174 175//174 174//174
f 175//175 177//175 176//175
f 176//176 177//176 178//176
f 177//177 179//177 178//177
f 178//178 179//178 180//178
f 179//179 181//179 180//179
f 180//180 181//180 182//180
f 181//181 183//181 182//181
f 182//182 183//182 184//182
f 183//183 185//183 184//183
f 184//184 185//184 186//184
f 185//185 187//185 186//185
f 186//186 187//186 188//186
f 188//187 187//187 189//187
f 187//188 190//188 189//188
f 190//189 191//189 189//189
f 189//190 191//190 192//190
f 191//191 193//191 192//191
f 192//192 193//192 194//192
f 193//193 195//193 194//193
f 194//194 195//194 196//194
f 195//195 197//195 196//195
f 196//196 197//196 198//196
f 199//197 200//197 201//197
f 197//198 200//198 198//198
f 198//199 200//199 199//199
f 200//200 202//200 201//200
f 201//201 203//201 204//201
f 202//202 203//202 201//202
f 204//203 205//203 206//203
f 203//204 205//204 204//204
f 206//205 207//205 208//205
f 208//206 207//206 209//206
f 205//207 207//207 206//207
f 207//208 210//208 209//208
f 209//209 211//209 212//209
f 210//210 211//210 209//210
f 212//211 213//211 214//211
f 211//212 213//212 212//212
f 214//213 215//213 216//213
f 216//214 215//214 217//214
f 213//215 215//215 214//215
f 215//216 218//216 217//216
f 217//217 219//217 220//217
f 220//218 219//218 221//218
f 218//219 219//219 217//219
f 219//220 222//220 221//220
f 221//221 223//221 224//221
f 222//222 223//222 221//222
f 223//223 225//223 224//223
f 224//224 225//224 226//224
f 225//225 227//225 226//225
f 226//226 227//226 228//226
f 227//227 229//227 228//227
f 228//228 229//228 230//228
f 229//229 231//229 230//229
f 230//230 231//230 232//230
f 232//231 233//231 234//231
f 231//232 233//232 232//232
f 234//233 235//233 236//233
f 233//234 235//234 234//234
f 236//235 237//235 238//235
f 235//236 237//236 236//236
f 238//237 239//237 240//237
f 237//238 239//238 238//238
f 240//239 241//239 242//239
f 239//240 241//240 240//240
f 242//241 243//241 244//241
f 241//242 243//242 242//242
f 244//243 245//243 246//243
f 243//244 245//244 244//244
f 246//245 247//245 248//245
f 245//246 247//246 246//246
f 248//247 249//247 250//247
f 247//248 249//248 248//248
f 250//249 251//249 252//249
f 249//250 251//250 250//250
f 252//251 1//251 3//251
f 251//252 1//252 252//252
f 159//253 253//253 254//253
f 155//254 253//254 157//254
f 157//255 253//255 159//255
f 254//256 255//256 159//256
f 159//257 255//257 161//257
f 155//258 256//258 253//258
f 161//259 257//259 163//259
f 255//260 257//260 161//260
f 153//261 258//261 155//261
f 155//262 258//262 256//262
f 257//263 259//263 163//263
f 163//264 259//264 165//264
f 153//265 260//265 258//265
f 151//266 260//266 153//266
f 165//267 261//267 167//267
f 167//268 261//268 169//268
f 259//269 261//269 165//269
f 149//270 262//270 151//270
f 151//271 262//271 260//271
f 261//272 263//272 169//272
f 169//273 263//273 171//273
f 149//274 264//274 262//274
f 147//275 264//275 149//275
f 263//276 265//276 171//276
f 145//277 266//277 147//277
f 147//278 266//278 264//278
f 171//279 267//279 173//279
f 173//280 267//280 175//280
f 265//281 267//281 171//281
f 145//282 268//282 266//282
f 143//283 268//283 145//283
f 267//284 269//284 175//284
f 143//285 270//285 268//285
f 141//286 270//286 143//286
f 269//287 271//287 175//287
f 175//288 271//288 177//288
f 141//289 272//289 270//289
f 139//290 272//290 141//290
f 271//291 273//291 177//291
f 177//292 273//292 179//292
f 179//293 273//293 181//293
f 139//294 274//294 272//294
f 137//295 274//295 139//295
f 273//296 275//296 181//296
f 137//297 276//297 274//297
f 135//298 276//298 137//298
f 275//299 277//299 181//299
f 181//300 277//300 183//300
f 183//301 277//301 185//301
f 135//302 278//302 276//302
f 133//303 278//303 135//303
f 277//304 279//304 185//304
f 133//305 280//305 278//305
f 131//306 280//306 133//306
f 279//307 281//307 185//307
f 185//308 281//308 187//308
f 129//309 282//309 131//309
f 131//310 282//310 280//310
f 281//311 283//311 187//311
f 187//312 283//312 190//312
f 127//313 284//313 129//313
f 129//314 284//314 282//314
f 283//315 285//315 190//315
f 190//316 285//316 191//316
f 125//317 286//317 127//317
f 127//318 286//318 284//318
f 285//319 287//319 191//319
f 191//320 287//320 193//320
f 123//321 288//321 125//321
f 125//322 288//322 286//322
f 287//323 289//323 193//323
f 193//324 289//324 195//324
f 121//325 290//325 123//325
f 123//326 290//326 288//326
f 289//327 291//327 195//327
f 195//328 291//328 197//328
f 121//329 292//329 290//329
f 119//330 292//330 121//330
f 119//331 117//331 292//331
f 291//332 293//332 197//332
f 197//333 293//333 200//333
f 117//334 294//334 292//334
f 293//335 295//335 200//335
f 200//336 295//336 202//336
f 117//337 296//337 294//337
f 115//338 296//338 117//338
f 202//339 297//339 203//339
f 295//340 297//340 202//340
f 115//341 298//341 296//341
f 113//342 298//342 115//342
f 203//343 299//343 205//343
f 297//344 299//344 203//344
f 113//345 300//345 298//345
f 111//346 300//346 113//346
f 205//347 301//347 207//347
f 299//348 301//348 205//348
f 111//349 109//349 300//349
f 109//350 302//350 300//350
f 207//351 303//351 210//351
f 301//352 303//352 207//352
f 109//353 304//353 302//353
f 107//354 304//354 109//354
f 210//355 305//355 211//355
f 303//356 305//356 210//356
f 107//357 306//357 304//357
f 105//358 306//358 107//358
f 211//359 307//359 213//359
f 305//360 307//360 211//360
f 103//361 308//361 105//361
f 105//362 308//362 306//362
f 307//363 215//363 213//363
f 307//364 309//364 215//364
f 103//365 101//365 308//365
f 101//366 310//366 308//366
f 215//367 311//367 218//367
f 309//368 311//368 215//368
f 101//369 99//369 310//369
f 99//370 312//370 310//370
f 311//371 219//371 218//371
f 311//372 313//372 219//372
f 97//373 314//373 99//373
f 99//374 314//374 312//374
f 313//375 222//375 219//375
f 313//376 315//376 222//376
f 314//377 95//377 316//377
f 97//378 95//378 314//378
f 317//379 223//379 315//379
f 315//380 223//380 222//380
f 95//381 93//381 316//381
f 316//382 93//382 318//382
f 317//383 225//383 223//383
f 319//384 225//384 317//384
f 93//385 91//385 318//385
f 318//386 91//386 320//386
f 319//387 321//387 225//387
f 321//388 227//388 225//388
f 91//389 89//389 320//389
f 320//390 89//390 322//390
f 321//391 229//391 227//391
f 323//392 229//392 321//392
f 89//393 324//393 322//393
f 89//394 87//394 324//394
f 323//395 325//395 229//395
f 325//396 231//396 229//396
f 87//397 85//397 324//397
f 324//398 85//398 326//398
f 327//399 233//399 325//399
f 325//400 233//400 231//400
f 85//401 84//401 326//401
f 326//402 84//402 328//402
f 329//403 235//403 327//403
f 327//404 235//404 233//404
f 84//405 330//405 328//405
f 84//406 81//406 330//406
f 331//407 237//407 329//407
f 329//408 237//408 235//408
f 331//409 332//409 237//409
f 81//410 79//410 330//410
f 330//411 79//411 333//411
f 332//412 239//412 237//412
f 79//413 77//413 333//413
f 333//414 77//414 334//414
f 335//415 241//415 332//415
f 332//416 241//416 239//416
f 334//417 75//417 336//417
f 77//418 75//418 334//418
f 335//419 243//419 241//419
f 337//420 243//420 335//420
f 336//421 73//421 338//421
f 75//422 73//422 336//422
f 73//423 339//423 338//423
f 340//424 245//424 337//424
f 337//425 245//425 243//425
f 73//426 72//426 339//426
f 72//427 341//427 339//427
f 342//428 247//428 340//428
f 340//429 247//429 245//429
f 72//430 69//430 341//430
f 69//431 343//431 341//431
f 342//432 249//432 247//432
f 344//433 249//433 342//433
f 69//434 68//434 343//434
f 345//435 251//435 344//435
f 344//436 251//436 249//436
f 68//437 65//437 343//437
f 346//438 65//438 347//438
f 343//439 65//439 346//439
f 345//440 1//440 251//440
f 348//441 1//441 345//441
f 65//442 64//442 347//442
f 347//443 64//443 349//443
f 350//444 2//444 348//444
f 348//445 2//445 1//445
f 64//446 61//446 349//446
f 350//447 5//447 2//447
f 351//448 5//448 350//448
f 61//449 60//449 349//449
f 349//450 60//450 352//450
f 353//451 8//451 351//451
f 351//452 8//452 5//452
f 352//453 58//453 354//453
f 60//454 58//454 352//454
f 355//455 9//455 353//455
f 353//456 9//456 8//456
f 58//457 55//457 354//457
f 354//458 55//458 356//458
f 355//459 12//459 9//459
f 357//460 12//460 355//460
f 356//461 53//461 358//461
f 55//462 53//462 356//462
f 359//463 14//463 357//463
f 360//464 14//464 359//464
f 357//465 14//465 12//465
f 358//466 52//466 361//466
f 53//467 52//467 358//467
f 360//468 15//468 14//468
f 362//469 49//469 363//469
f 361//470 49//470 362//470
f 52//471 49//471 361//471
f 364//472 17//472 360//472
f 360//473 17//473 15//473
f 49//474 48//474 363//474
f 365//475 20//475 364//475
f 366//476 20//476 365//476
f 364//477 20//477 17//477
f 48//478 45//478 363//478
f 363//479 45//479 367//479
f 368//480 21//480 366//480
f 366//481 21//481 20//481
f 45//482 44//482 367//482
f 367//483 44//483 369//483
f 368//484 23//484 21//484
f 370//485 23//485 368//485
f 44//486 41//486 369//486
f 369//487 41//487 371//487
f 370//488 25//488 23//488
f 372//489 25//489 370//489
f 41//490 39//490 371//490
f 373//491 39//491 374//491
f 371//492 39//492 373//492
f 375//493 27//493 372//493
f 372//494 27//494 25//494
f 39//495 37//495 374//495
f 375//496 29//496 27//496
f 376//497 35//497 377//497
f 374//498 35//498 376//498
f 37//499 35//499 374//499
f 378//500 31//500 375//500
f 377//501 31//501 378//501
f 375//502 31//502 29//502
f 35//503 33//503 377//503
f 377//504 33//504 31//504
f 379//505 160//505 380//505
f 379//506 156//506 158//506
f 379//507 158//507 160//507
f 381//508 380//508 160//508
f 381//509 160//509 162//509
f 382//510 156//510 379//510
f 383//511 162//511 164//511
f 383//512 381//512 162//512
f 384//513 154//513 156//513
f 384//514 156//514 382//514
f 385//515 383//515 164//515
f 385//516 164//516 166//516
f 386//517 154//517 384//517
f 386//518 152//518 154//518
f 387//519 166//519 168//519
f 387//520 168//520 170//520
f 387//521 385//521 166//521
f 388//522 150//522 152//522
f 388//523 152//523 386//523
f 389//524 387//524 170//524
f 389//525 170//525 172//525
f 390//526 150//526 388//526
f 390//527 148//527 150//527
f 391//528 389//528 172//528
f 392//529 146//529 148//529
f 392//530 148//530 390//530
f 393//531 172//531 174//531
f 393//532 174//532 176//532
f 393//533 391//533 172//533
f 394//534 146//534 392//534
f 394//535 144//535 146//535
f 395//536 393//536 176//536
f 396//537 144//537 394//537
f 396//538 142//538 144//538
f 397//539 395//539 176//539
f 397//540 176//540 178//540
f 398//541 142//541 396//541
f 398//542 140//542 142//542
f 399//543 397//543 178//543
f 399//544 178//544 180//544
f 399//545 180//545 182//545
f 400//546 140//546 398//546
f 400//547 138//547 140//547
f 401//548 399//548 182//548
f 402//549 138//549 400//549
f 402//550 136//550 138//550
f 403//551 401//551 182//551
f 403//552 182//552 184//552
f 403//553 184//553 186//553
f 404//554 136//554 402//554
f 404//555 134//555 136//555
f 405//556 403//556 186//556
f 406//557 134//557 404//557
f 406//558 132//558 134//558
f 407//559 405//559 186//559
f 407//560 186//560 188//560
f 408//561 130//561 132//561
f 408//562 132//562 406//562
f 409//563 407//563 188//563
f 409//564 188//564 189//564
f 410//565 128//565 130//565
f 410//566 130//566 408//566
f 411//567 409//567 189//567
f 411//568 189//568 192//568
f 412//569 126//569 128//569
f 412//570 128//570 410//570
f 413//571 411//571 192//571
f 413//572 192//572 194//572
f 414//573 124//573 126//573
f 414//574 126//574 412//574
f 415//575 413//575 194//575
f 415//576 194//576 196//576
f 416//577 122//577 124//577
f 416//578 124//578 414//578
f 417//579 415//579 196//579
f 417//580 196//580 198//580
f 418//581 122//581 416//581
f 418//582 120//582 122//582
f 118//583 120//583 418//583
f 419//584 417//584 198//584
f 419//585 198//585 199//585
f 420//586 118//586 418//586
f 421//587 419//587 199//587
f 421//588 199//588 201//588
f 422//589 118//589 420//589
f 422//590 116//590 118//590
f 423//591 201//591 204//591
f 423//592 421//592 201//592
f 424//593 116//593 422//593
f 424//594 114//594 116//594
f 425//595 204//595 206//595
f 425//596 423//596 204//596
f 426//597 114//597 424//597
f 426//598 112//598 114//598
f 427//599 206//599 208//599
f 427//600 425//600 206//600
f 110//601 112//601 426//601
f 428//602 110//602 426//602
f 429//603 208//603 209//603
f 429//604 427//604 208//604
f 430//605 110//605 428//605
f 430//606 108//606 110//606
f 431//607 209//607 212//607
f 431//608 429//608 209//608
f 432//609 108//609 430//609
f 432//610 106//610 108//610
f 433//611 212//611 214//611
f 433//612 431//612 212//612
f 434//613 104//613 106//613
f 434//614 106//614 432//614
f 216//615 433//615 214//615
f 435//616 433//616 216//616
f 102//617 104//617 434//617
f 436//618 102//618 434//618
f 437//619 216//619 217//619
f 437//620 435//620 216//620
f 100//621 102//621 436//621
f 438//622 100//622 436//622
f 220//623 437//623 217//623
f 439//624 437//624 220//624
f 440//625 98//625 100//625
f 440//626 100//626 438//626
f 221//627 439//627 220//627
f 441//628 439//628 221//628
f 96//629 440//629 442//629
f 96//630 98//630 440//630
f 224//631 443//631 441//631
f 224//632 441//632 221//632
f 94//633 96//633 442//633
f 94//634 442//634 444//634
f 226//635 443//635 224//635
f 226//636 445//636 443//636
f 92//637 94//637 444//637
f 92//638 444//638 446//638
f 447//639 445//639 226//639
f 228//640 447//640 226//640
f 90//641 92//641 446//641
f 90//642 446//642 448//642
f 230//643 447//643 228//643
f 230//644 449//644 447//644
f 450//645 90//645 448//645
f 88//646 90//646 450//646
f 451//647 449//647 230//647
f 232//648 451//648 230//648
f 86//649 88//649 450//649
f 86//650 450//650 452//650
f 234//651 453//651 451//651
f 234//652 451//652 232//652
f 83//653 86//653 452//653
f 83//654 452//654 454//654
f 236//655 455//655 453//655
f 236//656 453//656 234//656
f 456//657 83//657 454//657
f 82//658 83//658 456//658
f 238//659 457//659 455//659
f 238//660 455//660 236//660
f 458//661 457//661 238//661
f 80//662 82//662 456//662
f 80//663 456//663 459//663
f 240//664 458//664 238//664
f 78//665 80//665 459//665
f 78//666 459//666 460//666
f 242//667 461//667 458//667
f 242//668 458//668 240//668
f 76//669 460//669 462//669
f 76//670 78//670 460//670
f 244//671 461//671 242//671
f 244//672 463//672 461//672
f 74//673 462//673 464//673
f 74//674 76//674 462//674
f 465//675 74//675 464//675
f 246//676 466//676 463//676
f 246//677 463//677 244//677
f 71//678 74//678 465//678
f 467//679 71//679 465//679
f 248//680 468//680 466//680
f 248//681 466//681 246//681
f 70//682 71//682 467//682
f 469//683 70//683 467//683
f 250//684 468//684 248//684
f 250//685 470//685 468//685
f 67//686 70//686 469//686
f 252//687 471//687 470//687
f 252//688 470//688 250//688
f 66//689 67//689 469//689
f 66//690 472//690 473//690
f 66//691 469//691 472//691
f 3//692 471//692 252//692
f 3//693 474//693 471//693
f 63//694 66//694 473//694
f 63//695 473//695 475//695
f 4//696 476//696 474//696
f 4//697 474//697 3//697
f 62//698 63//698 475//698
f 6//699 476//699 4//699
f 6//700 477//700 476//700
f 59//701 62//701 475//701
f 59//702 475//702 478//702
f 7//703 479//703 477//703
f 7//704 477//704 6//704
f 57//705 478//705 480//705
f 57//706 59//706 478//706
f 10//707 481//707 479//707
f 10//708 479//708 7//708
f 56//709 57//709 480//709
f 56//710 480//710 482//710
f 11//711 481//711 10//711
f 11//712 483//712 481//712
f 54//713 482//713 484//713
f 54//714 56//714 482//714
f 13//715 485//715 483//715
f 13//716 486//716 485//716
f 13//717 483//717 11//717
f 51//718 484//718 487//718
f 51//719 54//719 484//719
f 16//720 486//720 13//720
f 50//721 488//721 489//721
f 50//722 487//722 488//722
f 50//723 51//723 487//723
f 18//724 490//724 486//724
f 18//725 486//725 16//725
f 47//726 50//726 489//726
f 19//727 491//727 490//727
f 19//728 492//728 491//728
f 19//729 490//729 18//729
f 46//730 47//730 489//730
f 46//731 489//731 493//731
f 22//732 494//732 492//732
f 22//733 492//733 19//733
f 43//734 46//734 493//734
f 43//735 493//735 495//735
f 24//736 494//736 22//736
f 24//737 496//737 494//737
f 42//738 43//738 495//738
f 42//739 495//739 497//739
f 26//740 496//740 24//740
f 26//741 498//741 496//741
f 40//742 42//742 497//742
f 40//743 499//743 500//743
f 40//744 497//744 499//744
f 28//745 501//745 498//745
f 28//746 498//746 26//746
f 38//747 40//747 500//747
f 30//748 501//748 28//748
f 36//749 502//749 503//749
f 36//750 500//750 502//750
f 36//751 38//751 500//751
f 32//752 504//752 501//752
f 32//753 503//753 504//753
f 32//754 501//754 30//754
f 34//755 36//755 503//755
f 34//756 503//756 32//756
f 348//757 505//757 350//757
f 350//758 506//758 351//758
f 505//759 506//759 350//759
f 506//760 507//760 351//760
f 351//761 508//761 353//761
f 507//762 508//762 351//762
f 353//763 509//763 355//763
f 508//764 509//764 353//764
f 355//765 510//765 357//765
f 509//766 510//766 355//766
f 357//767 511//767 359//767
f 359//768 511//768 360//768
f 510//769 511//769 357//769
f 511//770 512//770 360//770
f 360//771 513//771 364//771
f 512//772 513//772 360//772
f 364//773 514//773 365//773
f 365//774 514//774 366//774
f 513//775 514//775 364//775
f 366//776 515//776 368//776
f 514//777 515//777 366//777
f 515//778 516//778 368//778
f 516//779 517//779 368//779
f 368//780 517//780 370//780
f 517//781 518//781 370//781
f 370//782 518//782 372//782
f 372//783 518//783 375//783
f 518//784 519//784 375//784
f 519//785 520//785 375//785
f 375//786 520//786 378//786
f 520//787 521//787 378//787
f 378//788 521//788 377//788
f 377//789 521//789 376//789
f 521//790 522//790 376//790
f 522//791 523//791 376//791
f 376//792 523//792 374//792
f 523//793 524//793 374//793
f 374//794 524//794 373//794
f 524//795 525//795 373//795
f 373//796 525//796 371//796
f 525//797 526//797 371//797
f 371//798 526//798 369//798
f 526//799 527//799 369//799
f 369//800 527//800 367//800
f 367//801 528//801 363//801
f 527//802 528//802 367//802
f 363//803 529//803 362//803
f 528//804 529//804 363//804
f 362//805 529//805 361//805
f 529//806 530//806 361//806
f 361//807 531//807 358//807
f 530//808 531//808 361//808
f 358//809 532//809 356//809
f 531//810 532//810 358//810
f 356//811 533//811 354//811
f 532//812 533//812 356//812
f 354//813 534//813 352//813
f 533//814 534//814 354//814
f 352//815 535//815 349//815
f 534//816 535//816 352//816
f 349//817 536//817 347//817
f 535//818 536//818 349//818
f 347//819 537//819 346//819
f 536//820 537//820 347//820
f 346//821 538//821 343//821
f 537//822 538//822 346//822
f 343//823 539//823 341//823
f 538//824 539//824 343//824
f 341//825 540//825 339//825
f 539//826 540//826 341//826
f 339//827 541//827 338//827
f 540//828 541//828 339//828
f 541//829 542//829 338//829
f 338//830 542//830 336//830
f 336//831 542//831 334//831
f 542//832 543//832 334//832
f 543//833 544//833 334//833
f 334//834 544//834 333//834
f 544//835 545//835 333//835
f 333//836 545//836 330//836
f 330//837 545//837 328//837
f 545//838 546//838 328//838
f 546//839 547//839 328//839
f 328//840 547//840 326//840
f 547//841 548//841 326//841
f 326//842 548//842 324//842
f 324//843 548//843 322//843
f 548//844 549//844 322//844
f 549//845 550//845 322//845
f 322//846 550//846 320//846
f 550//847 551//847 320//847
f 320//848 551//848 318//848
f 551//849 552//849 318//849
f 318//850 552//850 316//850
f 552//851 553//851 316//851
f 316//852 553//852 314//852
f 314//853 553//853 312//853
f 553//854 554//854 312//854
f 554//855 555//855 312//855
f 312//856 555//856 310//856
f 555//857 556//857 310//857
f 310//858 556//858 308//858
f 308//859 556//859 306//859
f 556//860 557//860 306//860
f 306//861 557//861 304//861
f 557//862 558//862 304//862
f 304//863 558//863 302//863
f 558//864 559//864 302//864
f 559//865 560//865 302//865
f 302//866 560//866 300//866
f 300//867 560//867 298//867
f 560//868 561//868 298//868
f 561//869 562//869 298//869
f 298//870 562//870 296//870
f 296//871 563//871 294//871
f 562//872 563//872 296//872
f 294//873 564//873 292//873
f 292//874 564//874 290//874
f 563//875 564//875 294//875
f 564//876 565//876 290//876
f 290//877 565//877 288//877
f 288//878 566//878 286//878
f 565//879 566//879 288//879
f 566//880 567//880 286//880
f 567//881 568//881 286//881
f 286//882 568//882 284//882
f 568//883 569//883 284//883
f 284//884 569//884 282//884
f 569//885 570//885 282//885
f 282//886 570//886 280//886
f 570//887 571//887 280//887
f 280//888 571//888 278//888
f 278//889 571//889 276//889
f 571//890 572//890 276//890
f 276//891 572//891 274//891
f 572//892 573//892 274//892
f 573//893 574//893 274//893
f 274//894 574//894 272//894
f 574//895 575//895 272//895
f 272//896 575//896 270//896
f 270//897 575//897 268//897
f 575//898 576//898 268//898
f 576//899 577//899 268//899
f 268//900 577//900 266//900
f 577//901 578//901 266//901
f 266//902 578//902 264//902
f 264//903 578//903 262//903
f 262//904 579//904 260//904
f 578//905 579//905 262//905
f 579//906 580//906 260//906
f 260//907 581//907 258//907
f 258//908 581//908 256//908
f 580//909 581//909 260//909
f 581//910 582//910 256//910
f 256//911 583//911 253//911
f 582//912 583//912 256//912
f 253//913 584//913 254//913
f 254//914 584//914 255//914
f 583//915 584//915 253//915
f 584//916 585//916 255//916
f 255//917 586//917 257//917
f 257//918 586//918 259//918
f 585//919 586//919 255//919
f 586//920 587//920 259//920
f 259//921 588//921 261//921
f 587//922 588//922 259//922
f 261//923 589//923 263//923
f 588//924 589//924 261//924
f 263//925 590//925 265//925
f 589//926 590//926 263//926
f 265//927 591//927 267//927
f 267//928 591//928 269//928
f 590//929 591//929 265//929
f 591//930 592//930 269//930
f 592//931 593//931 269//931
f 269//932 593//932 271//932
f 593//933 594//933 271//933
f 271//934 594//934 273//934
f 594//935 595//935 273//935
f 273//936 595//936 275//936
f 595//937 596//937 275//937
f 275//938 596//938 277//938
f 277//939 597//939 279//939
f 279//940 597//940 281//940
f 596//941 597//941 277//941
f 597//942 598//942 281//942
f 281//943 599//943 283//943
f 598//944 599//944 281//944
f 283//945 600//945 285//945
f 599//946 600//946 283//946
f 285//947 601//947 287//947
f 600//948 601//948 285//948
f 287//949 602//949 289//949
f 601//950 602//950 287//950
f 289//951 603//951 291//951
f 602//952 603//952 289//952
f 291//953 604//953 293//953
f 603//954 604//954 291//954
f 293//955 605//955 295//955
f 604//956 605//956 293//956
f 295//957 606//957 297//957
f 605//958 606//958 295//958
f 297//959 607//959 299//959
f 299//960 607//960 301//960
f 606//961 607//961 297//961
f 607//962 608//962 301//962
f 301//963 609//963 303//963
f 608//964 609//964 301//964
f 303//965 610//965 305//965
f 609//966 610//966 303//966
f 305//967 611//967 307//967
f 307//968 611//968 309//968
f 610//969 611//969 305//969
f 611//970 612//970 309//970
f 309//971 613//971 311//971
f 612//972 613//972 309//972
f 311//973 614//973 313//973
f 613//974 614//974 311//974
f 313//975 615//975 315//975
f 315//976 615//976 317//976
f 614//977 615//977 313//977
f 615//978 616//978 317//978
f 616//979 617//979 317//979
f 317//980 617//980 319//980
f 617//981 618//981 319//981
f 319//982 618//982 321//982
f 321//983 618//983 323//983
f 618//984 619//984 323//984
f 619//985 620//985 323//985
f 323//986 620//986 325//986
f 325//987 620//987 327//987
f 620//988 621//988 327//988
f 621//989 622//989 327//989
f 327//990 622//990 329//990
f 329//991 622//991 331//991
f 622//992 623//992 331//992
f 331//993 623//993 332//993
f 623//994 624//994 332//994
f 624//995 625//995 332//995
f 332//996 625//996 335//996
f 335//997 625//997 337//997
f 625//998 626//998 337//998
f 626//999 627//999 337//999
f 337//1000 627//1000 340//1000
f 340//1001 627//1001 342//1001
f 627//1002 628//1002 342//1002
f 342//1003 629//1003 344//1003
f 628//1004 629//1004 342//1004
f 344//1005 629//1005 345//1005
f 629//1006 630//1006 345//1006
f 345//1007 505//1007 348//1007
f 630//1008 505//1008 345//1008
f 474//1009 476//1009 631//1009
f 631//1010 476//1010 632//1010
f 632//1011 476//1011 633//1011
f 476//1012 477//1012 633//1012
f 633//1013 479//1013 634//1013
f 477//1014 479//1014 633//1014
f 634//1015 481//1015 635//1015
f 479//1016 481//1016 634//1016
f 635//1017 483//1017 636//1017
f 481//1018 483//1018 635//1018
f 636//1019 485//1019 637//1019
f 637//1020 485//1020 638//1020
f 483//1021 485//1021 636//1021
f 485//1022 486//1022 638//1022
f 638//1023 490//1023 639//1023
f 486//1024 490//1024 638//1024
f 639//1025 491//1025 640//1025
f 640//1026 491//1026 641//1026
f 490//1027 491//1027 639//1027
f 641//1028 492//1028 642//1028
f 491//1029 492//1029 641//1029
f 492//1030 494//1030 642//1030
f 494//1031 496//1031 642//1031
f 642//1032 496//1032 643//1032
f 496//1033 498//1033 643//1033
f 643//1034 498//1034 644//1034
f 644//1035 498//1035 645//1035
f 498//1036 501//1036 645//1036
f 501//1037 504//1037 645//1037
f 645//1038 504//1038 646//1038
f 504//1039 503//1039 646//1039
f 646//1040 503//1040 647//1040
f 647//1041 503//1041 648//1041
f 503//1042 502//1042 648//1042
f 502//1043 500//1043 648//1043
f 648//1044 500//1044 649//1044
f 500//1045 499//1045 649//1045
f 649//1046 499//1046 650//1046
f 499//1047 497//1047 650//1047
f 650//1048 497//1048 651//1048
f 497//1049 495//1049 651//1049
f 651//1050 495//1050 652//1050
f 495//1051 493//1051 652//1051
f 652//1052 493//1052 653//1052
f 653//1053 489//1053 654//1053
f 493//1054 489//1054 653//1054
f 654//1055 488//1055 655//1055
f 655//1056 488//1056 656//1056
f 489//1057 488//1057 654//1057
f 488//1058 487//1058 656//1058
f 656//1059 484//1059 657//1059
f 487//1060 484//1060 656//1060
f 657//1061 482//1061 658//1061
f 484//1062 482//1062 657//1062
f 658//1063 480//1063 659//1063
f 482//1064 480//1064 658//1064
f 659//1065 478//1065 660//1065
f 480//1066 478//1066 659//1066
f 660//1067 475//1067 661//1067
f 478//1068 475//1068 660//1068
f 661//1069 473//1069 662//1069
f 475//1070 473//1070 661//1070
f 662//1071 472//1071 663//1071
f 473//1072 472//1072 662//1072
f 663//1073 469//1073 664//1073
f 472//1074 469//1074 663//1074
f 664//1075 467//1075 665//1075
f 469//1076 467//1076 664//1076
f 665//1077 465//1077 666//1077
f 467//1078 465//1078 665//1078
f 666//1079 464//1079 667//1079
f 465//1080 464//1080 666//1080
f 464//1081 462//1081 667//1081
f 667//1082 462//1082 668//1082
f 668//1083 462//1083 669//1083
f 462//1084 460//1084 669//1084
f 460//1085 459//1085 669//1085
f 669//1086 459//1086 670//1086
f 459//1087 456//1087 670//1087
f 670//1088 456//1088 671//1088
f 671//1089 456//1089 672//1089
f 456//1090 454//1090 672//1090
f 454//1091 452//1091 672//1091
f 672//1092 452//1092 673//1092
f 452//1093 450//1093 673//1093
f 673//1094 450//1094 674//1094
f 674//1095 450//1095 675//1095
f 450//1096 448//1096 675//1096
f 448//1097 446//1097 675//1097
f 675//1098 446//1098 676//1098
f 446//1099 444//1099 676//1099
f 676//1100 444//1100 677//1100
f 444//1101 442//1101 677//1101
f 677//1102 442//1102 678//1102
f 442//1103 440//1103 678//1103
f 678//1104 440//1104 679//1104
f 679//1105 440//1105 680//1105
f 440//1106 438//1106 680//1106
f 438//1107 436//1107 680//1107
f 680//1108 436//1108 681//1108
f 436//1109 434//1109 681//1109
f 681//1110 434//1110 682//1110
f 682//1111 434//1111 683//1111
f 434//1112 432//1112 683//1112
f 683//1113 432//1113 684//1113
f 432//1114 430//1114 684//1114
f 684//1115 430//1115 685//1115
f 430//1116 428//1116 685//1116
f 428//1117 426//1117 685//1117
f 685//1118 426//1118 686//1118
f 686//1119 426//1119 687//1119
f 426//1120 424//1120 687//1120
f 424//1121 422//1121 687//1121
f 687//1122 422//1122 688//1122
f 688//1123 420//1123 689//1123
f 422//1124 420//1124 688//1124
f 689//1125 418//1125 690//1125
f 690//1126 418//1126 691//1126
f 420//1127 418//1127 689//1127
f 691//1128 416//1128 692//1128
f 418//1129 416//1129 691//1129
f 692//1130 414//1130 693//1130
f 416//1131 414//1131 692//1131
f 414//1132 412//1132 693//1132
f 412//1133 410//1133 693//1133
f 693//1134 410//1134 694//1134
f 410//1135 408//1135 694//1135
f 694//1136 408//1136 695//1136
f 408//1137 406//1137 695//1137
f 695//1138 406//1138 696//1138
f 406//1139 404//1139 696//1139
f 696//1140 404//1140 697//1140
f 697//1141 404//1141 698//1141
f 404//1142 402//1142 698//1142
f 698//1143 402//1143 699//1143
f 402//1144 400//1144 699//1144
f 400//1145 398//1145 699//1145
f 699//1146 398//1146 700//1146
f 398//1147 396//1147 700//1147
f 700//1148 396//1148 701//1148
f 701//1149 396//1149 702//1149
f 396//1150 394//1150 702//1150
f 394//1151 392//1151 702//1151
f 702//1152 392//1152 703//1152
f 704//1153 390//1153 705//1153
f 392//1154 390//1154 703//1154
f 703//1155 390//1155 704//1155
f 705//1156 388//1156 706//1156
f 390//1157 388//1157 705//1157
f 388//1158 386//1158 706//1158
f 706//1159 384//1159 707//1159
f 707//1160 384//1160 708//1160
f 386//1161 384//1161 706//1161
f 384//1162 382//1162 708//1162
f 708//1163 379//1163 709//1163
f 382//1164 379//1164 708//1164
f 709//1165 380//1165 710//1165
f 710//1166 380//1166 711//1166
f 379//1167 380//1167 709//1167
f 380//1168 381//1168 711//1168
f 711//1169 383//1169 712//1169
f 712//1170 383//1170 713//1170
f 381//1171 383//1171 711//1171
f 383//1172 385//1172 713//1172
f 713//1173 387//1173 714//1173
f 385//1174 387//1174 713//1174
f 714//1175 389//1175 715//1175
f 387//1176 389//1176 714//1176
f 715//1177 391//1177 716//1177
f 389//1178 391//1178 715//1178
f 716//1179 393//1179 717//1179
f 717//1180 393//1180 718//1180
f 391//1181 393//1181 716//1181
f 393//1182 395//1182 718//1182
f 395//1183 397//1183 718//1183
f 718//1184 397//1184 719//1184
f 397//1185 399//1185 719//1185
f 719//1186 399//1186 720//1186
f 399//1187 401//1187 720//1187
f 720//1188 401//1188 721//1188
f 401//1189 403//1189 721//1189
f 721//1190 403//1190 722//1190
f 722//1191 405//1191 723//1191
f 723//1192 405//1192 724//1192
f 403//1193 405//1193 722//1193
f 405//1194 407//1194 724//1194
f 724//1195 409//1195 725//1195
f 407//1196 409//1196 724//1196
f 725//1197 411//1197 726//1197
f 409//1198 411//1198 725//1198
f 726//1199 413//1199 727//1199
f 411//1200 413//1200 726//1200
f 727//1201 415//1201 728//1201
f 413//1202 415//1202 727//1202
f 728//1203 417//1203 729//1203
f 415//1204 417//1204 728//1204
f 729//1205 419//1205 730//1205
f 417//1206 419//1206 729//1206
f 730//1207 421//1207 731//1207
f 419//1208 421//1208 730//1208
f 731//1209 423//1209 732//1209
f 421//1210 423//1210 731//1210
f 732//1211 425//1211 733//1211
f 733//1212 425//1212 734//1212
f 423//1213 425//1213 732//1213
f 425//1214 427//1214 734//1214
f 734//1215 429//1215 735//1215
f 427//1216 429//1216 734//1216
f 735//1217 431//1217 736//1217
f 429//1218 431//1218 735//1218
f 736//1219 433//1219 737//1219
f 737//1220 433//1220 738//1220
f 431//1221 433//1221 736//1221
f 433//1222 435//1222 738//1222
f 738//1223 437//1223 739//1223
f 435//1224 437//1224 738//1224
f 739//1225 439//1225 740//1225
f 437//1226 439//1226 739//1226
f 740//1227 441//1227 741//1227
f 741//1228 441//1228 742//1228
f 439//1229 441//1229 740//1229
f 441//1230 443//1230 742//1230
f 443//1231 445//1231 742//1231
f 742//1232 445//1232 743//1232
f 445//1233 447//1233 743//1233
f 743//1234 447//1234 744//1234
f 744//1235 447//1235 745//1235
f 447//1236 449//1236 745//1236
f 449//1237 451//1237 745//1237
f 745//1238 451//1238 746//1238
f 746//1239 451//1239 747//1239
f 451//1240 453//1240 747//1240
f 453//1241 455//1241 747//1241
f 747//1242 455//1242 748//1242
f 748//1243 455//1243 749//1243
f 455//1244 457//1244 749//1244
f 749//1245 457//1245 750//1245
f 457//1246 458//1246 750//1246
f 458//1247 461//1247 750//1247
f 750//1248 461//1248 751//1248
f 751//1249 461//1249 752//1249
f 461//1250 463//1250 752//1250
f 463//1251 466//1251 752//1251
f 752//1252 466//1252 753//1252
f 753//1253 466//1253 754//1253
f 466//1254 468//1254 754//1254
f 468//1255 470//1255 754//1255
f 754//1256 470//1256 755//1256
f 755//1257 470//1257 756//1257
f 470//1258 471//1258 756//1258
f 756//1259 474//1259 631//1259
f 471//1260 474//1260 756//1260
f 583//1261 757//1261 584//1261
f 583//1262 758//1262 759//1262
f 583//1263 759//1263 757//1263
f 585//1264 584//1264 757//1264
f 585//1265 757//1265 760//1265
f 582//1266 758//1266 583//1266
f 582//1267 761//1267 758//1267
f 586//1268 585//1268 760//1268
f 586//1269 760//1269 762//1269
f 581//1270 761//1270 582//1270
f 587//1271 762//1271 763//1271
f 587//1272 586//1272 762//1272
f 587//1273 763//1273 764//1273
f 580//1274 765//1274 761//1274
f 580//1275 761//1275 581//1275
f 588//1276 587//1276 764//1276
f 579//1277 766//1277 765//1277
f 579//1278 765//1278 580//1278
f 589//1279 764//1279 767//1279
f 589//1280 588//1280 764//1280
f 578//1281 766//1281 579//1281
f 578//1282 768//1282 766//1282
f 590//1283 589//1283 767//1283
f 590//1284 767//1284 769//1284
f 590//1285 769//1285 770//1285
f 577//1286 768//1286 578//1286
f 577//1287 771//1287 768//1287
f 591//1288 590//1288 770//1288
f 576//1289 772//1289 771//1289
f 576//1290 771//1290 577//1290
f 592//1291 591//1291 770//1291
f 592//1292 770//1292 773//1292
f 774//1293 592//1293 773//1293
f 575//1294 775//1294 772//1294
f 575//1295 772//1295 576//1295
f 593//1296 592//1296 774//1296
f 776//1297 593//1297 774//1297
f 574//1298 775//1298 575//1298
f 574//1299 777//1299 775//1299
f 594//1300 593//1300 776//1300
f 573//1301 777//1301 574//1301
f 573//1302 778//1302 777//1302
f 595//1303 594//1303 776//1303
f 595//1304 776//1304 779//1304
f 572//1305 778//1305 573//1305
f 572//1306 780//1306 778//1306
f 781//1307 780//1307 572//1307
f 596//1308 595//1308 779//1308
f 596//1309 779//1309 782//1309
f 571//1310 781//1310 572//1310
f 597//1311 596//1311 782//1311
f 597//1312 782//1312 783//1312
f 784//1313 597//1313 783//1313
f 570//1314 781//1314 571//1314
f 570//1315 785//1315 781//1315
f 598//1316 597//1316 784//1316
f 569//1317 786//1317 785//1317
f 569//1318 785//1318 570//1318
f 787//1319 598//1319 784//1319
f 599//1320 598//1320 787//1320
f 568//1321 788//1321 786//1321
f 568//1322 786//1322 569//1322
f 600//1323 599//1323 787//1323
f 600//1324 787//1324 789//1324
f 790//1325 788//1325 568//1325
f 567//1326 790//1326 568//1326
f 601//1327 600//1327 789//1327
f 601//1328 789//1328 791//1328
f 566//1329 792//1329 790//1329
f 566//1330 790//1330 567//1330
f 602//1331 601//1331 791//1331
f 602//1332 791//1332 793//1332
f 794//1333 792//1333 566//1333
f 565//1334 794//1334 566//1334
f 795//1335 602//1335 793//1335
f 603//1336 602//1336 795//1336
f 796//1337 794//1337 565//1337
f 564//1338 796//1338 565//1338
f 604//1339 603//1339 795//1339
f 604//1340 795//1340 797//1340
f 563//1341 798//1341 796//1341
f 563//1342 796//1342 564//1342
f 605//1343 604//1343 797//1343
f 605//1344 797//1344 799//1344
f 562//1345 798//1345 563//1345
f 562//1346 800//1346 798//1346
f 606//1347 799//1347 801//1347
f 606//1348 605//1348 799//1348
f 561//1349 800//1349 562//1349
f 561//1350 802//1350 800//1350
f 607//1351 801//1351 803//1351
f 607//1352 606//1352 801//1352
f 804//1353 802//1353 561//1353
f 560//1354 804//1354 561//1354
f 608//1355 803//1355 805//1355
f 608//1356 607//1356 803//1356
f 559//1357 804//1357 560//1357
f 559//1358 806//1358 804//1358
f 609//1359 805//1359 807//1359
f 609//1360 608//1360 805//1360
f 558//1361 806//1361 559//1361
f 558//1362 808//1362 806//1362
f 809//1363 609//1363 807//1363
f 610//1364 609//1364 809//1364
f 557//1365 810//1365 808//1365
f 557//1366 808//1366 558//1366
f 611//1367 809//1367 811//1367
f 611//1368 610//1368 809//1368
f 812//1369 810//1369 557//1369
f 556//1370 812//1370 557//1370
f 813//1371 611//1371 811//1371
f 612//1372 611//1372 813//1372
f 555//1373 814//1373 812//1373
f 555//1374 812//1374 556//1374
f 613//1375 813//1375 815//1375
f 613//1376 612//1376 813//1376
f 554//1377 816//1377 814//1377
f 554//1378 814//1378 555//1378
f 614//1379 815//1379 817//1379
f 614//1380 613//1380 815//1380
f 553//1381 818//1381 816//1381
f 553//1382 816//1382 554//1382
f 615//1383 817//1383 819//1383
f 615//1384 614//1384 817//1384
f 820//1385 818//1385 553//1385
f 820//1386 553//1386 552//1386
f 821//1387 616//1387 615//1387
f 821//1388 615//1388 819//1388
f 551//1389 820//1389 552//1389
f 822//1390 820//1390 551//1390
f 617//1391 616//1391 821//1391
f 823//1392 617//1392 821//1392
f 824//1393 822//1393 551//1393
f 824//1394 551//1394 550//1394
f 825//1395 617//1395 823//1395
f 825//1396 618//1396 617//1396
f 826//1397 824//1397 550//1397
f 826//1398 550//1398 549//1398
f 619//1399 618//1399 825//1399
f 827//1400 619//1400 825//1400
f 548//1401 826//1401 549//1401
f 828//1402 826//1402 548//1402
f 620//1403 619//1403 827//1403
f 829//1404 620//1404 827//1404
f 830//1405 828//1405 548//1405
f 830//1406 548//1406 547//1406
f 831//1407 621//1407 620//1407
f 831//1408 620//1408 829//1408
f 832//1409 830//1409 547//1409
f 832//1410 547//1410 546//1410
f 622//1411 621//1411 831//1411
f 833//1412 622//1412 831//1412
f 545//1413 832//1413 546//1413
f 834//1414 832//1414 545//1414
f 835//1415 623//1415 622//1415
f 835//1416 622//1416 833//1416
f 544//1417 834//1417 545//1417
f 836//1418 834//1418 544//1418
f 624//1419 623//1419 835//1419
f 837//1420 624//1420 835//1420
f 543//1421 836//1421 544//1421
f 838//1422 836//1422 543//1422
f 839//1423 625//1423 624//1423
f 839//1424 624//1424 837//1424
f 542//1425 838//1425 543//1425
f 840//1426 838//1426 542//1426
f 626//1427 625//1427 839//1427
f 841//1428 626//1428 839//1428
f 842//1429 542//1429 541//1429
f 842//1430 840//1430 542//1430
f 627//1431 626//1431 841//1431
f 843//1432 627//1432 841//1432
f 844//1433 541//1433 540//1433
f 844//1434 842//1434 541//1434
f 628//1435 627//1435 843//1435
f 845//1436 628//1436 843//1436
f 846//1437 844//1437 540//1437
f 846//1438 540//1438 539//1438
f 847//1439 629//1439 628//1439
f 847//1440 628//1440 845//1440
f 848//1441 846//1441 539//1441
f 848//1442 539//1442 538//1442
f 849//1443 629//1443 847//1443
f 849//1444 630//1444 629//1444
f 850//1445 848//1445 538//1445
f 850//1446 538//1446 537//1446
f 851//1447 630//1447 849//1447
f 851//1448 505//1448 630//1448
f 852//1449 850//1449 537//1449
f 852//1450 537//1450 536//1450
f 506//1451 505//1451 851//1451
f 853//1452 506//1452 851//1452
f 535//1453 852//1453 536//1453
f 854//1454 852//1454 535//1454
f 534//1455 854//1455 535//1455
f 855//1456 507//1456 506//1456
f 855//1457 506//1457 853//1457
f 508//1458 507//1458 855//1458
f 856//1459 854//1459 534//1459
f 857//1460 508//1460 855//1460
f 858//1461 856//1461 534//1461
f 858//1462 534//1462 533//1462
f 859//1463 509//1463 508//1463
f 859//1464 508//1464 857//1464
f 510//1465 509//1465 859//1465
f 860//1466 533//1466 532//1466
f 860//1467 858//1467 533//1467
f 861//1468 510//1468 859//1468
f 862//1469 532//1469 531//1469
f 862//1470 860//1470 532//1470
f 530//1471 862//1471 531//1471
f 863//1472 511//1472 510//1472
f 863//1473 510//1473 861//1473
f 512//1474 511//1474 863//1474
f 864//1475 862//1475 530//1475
f 865//1476 512//1476 863//1476
f 866//1477 530//1477 529//1477
f 866//1478 864//1478 530//1478
f 867//1479 513//1479 512//1479
f 867//1480 512//1480 865//1480
f 868//1481 529//1481 528//1481
f 868//1482 866//1482 529//1482
f 869//1483 514//1483 513//1483
f 869//1484 513//1484 867//1484
f 870//1485 868//1485 528//1485
f 870//1486 528//1486 527//1486
f 871//1487 514//1487 869//1487
f 871//1488 515//1488 514//1488
f 871//1489 516//1489 515//1489
f 872//1490 870//1490 527//1490
f 872//1491 526//1491 525//1491
f 872//1492 527//1492 526//1492
f 873//1493 516//1493 871//1493
f 874//1494 872//1494 525//1494
f 875//1495 516//1495 873//1495
f 875//1496 517//1496 516//1496
f 876//1497 874//1497 525//1497
f 876//1498 524//1498 523//1498
f 876//1499 525//1499 524//1499
f 877//1500 517//1500 875//1500
f 877//1501 518//1501 517//1501
f 878//1502 876//1502 523//1502
f 879//1503 519//1503 518//1503
f 879//1504 518//1504 877//1504
f 880//1505 878//1505 523//1505
f 880//1506 523//1506 522//1506
f 881//1507 520//1507 519//1507
f 881//1508 521//1508 520//1508
f 881//1509 519//1509 879//1509
f 882//1510 522//1510 521//1510
f 882//1511 880//1511 522//1511
f 882//1512 521//1512 881//1512
f 883//1513 709//1513 710//1513
f 884//1514 709//1514 885//1514
f 885//1515 709//1515 883//1515
f 710//1516 711//1516 883//1516
f 883//1517 711//1517 886//1517
f 884//1518 708//1518 709//1518
f 887//1519 708//1519 884//1519
f 711//1520 712//1520 886//1520
f 886//1521 712//1521 888//1521
f 887//1522 707//1522 708//1522
f 888//1523 713//1523 889//1523
f 712//1524 713//1524 888//1524
f 889//1525 713//1525 890//1525
f 891//1526 706//1526 887//1526
f 887//1527 706//1527 707//1527
f 713//1528 714//1528 890//1528
f 892//1529 705//1529 891//1529
f 891//1530 705//1530 706//1530
f 890//1531 715//1531 893//1531
f 714//1532 715//1532 890//1532
f 892//1533 704//1533 705//1533
f 894//1534 704//1534 892//1534
f 715//1535 716//1535 893//1535
f 893//1536 716//1536 895//1536
f 895//1537 716//1537 896//1537
f 894//1538 703//1538 704//1538
f 897//1539 703//1539 894//1539
f 716//1540 717//1540 896//1540
f 898//1541 702//1541 897//1541
f 897//1542 702//1542 703//1542
f 717//1543 718//1543 896//1543
f 896//1544 718//1544 899//1544
f 718//1545 900//1545 899//1545
f 901//1546 701//1546 898//1546
f 898//1547 701//1547 702//1547
f 718//1548 719//1548 900//1548
f 719//1549 902//1549 900//1549
f 901//1550 700//1550 701//1550
f 903//1551 700//1551 901//1551
f 719//1552 720//1552 902//1552
f 903//1553 699//1553 700//1553
f 904//1554 699//1554 903//1554
f 720//1555 721//1555 902//1555
f 902//1556 721//1556 905//1556
f 904//1557 698//1557 699//1557
f 906//1558 698//1558 904//1558
f 906//1559 907//1559 698//1559
f 721//1560 722//1560 905//1560
f 905//1561 722//1561 908//1561
f 907//1562 697//1562 698//1562
f 722//1563 723//1563 908//1563
f 908//1564 723//1564 909//1564
f 723//1565 910//1565 909//1565
f 907//1566 696//1566 697//1566
f 911//1567 696//1567 907//1567
f 723//1568 724//1568 910//1568
f 912//1569 695//1569 911//1569
f 911//1570 695//1570 696//1570
f 724//1571 913//1571 910//1571
f 724//1572 725//1572 913//1572
f 914//1573 694//1573 912//1573
f 912//1574 694//1574 695//1574
f 725//1575 726//1575 913//1575
f 913//1576 726//1576 915//1576
f 914//1577 916//1577 694//1577
f 916//1578 693//1578 694//1578
f 726//1579 727//1579 915//1579
f 915//1580 727//1580 917//1580
f 918//1581 692//1581 916//1581
f 916//1582 692//1582 693//1582
f 727//1583 728//1583 917//1583
f 917//1584 728//1584 919//1584
f 918//1585 920//1585 692//1585
f 920//1586 691//1586 692//1586
f 728//1587 921//1587 919//1587
f 728//1588 729//1588 921//1588
f 920//1589 922//1589 691//1589
f 922//1590 690//1590 691//1590
f 729//1591 730//1591 921//1591
f 921//1592 730//1592 923//1592
f 924//1593 689//1593 922//1593
f 922//1594 689//1594 690//1594
f 730//1595 731//1595 923//1595
f 923//1596 731//1596 925//1596
f 924//1597 688//1597 689//1597
f 926//1598 688//1598 924//1598
f 925//1599 732//1599 927//1599
f 731//1600 732//1600 925//1600
f 926//1601 687//1601 688//1601
f 928//1602 687//1602 926//1602
f 927//1603 733//1603 929//1603
f 732//1604 733//1604 927//1604
f 928//1605 930//1605 687//1605
f 930//1606 686//1606 687//1606
f 929//1607 734//1607 931//1607
f 733//1608 734//1608 929//1608
f 930//1609 685//1609 686//1609
f 932//1610 685//1610 930//1610
f 931//1611 735//1611 933//1611
f 734//1612 735//1612 931//1612
f 932//1613 684//1613 685//1613
f 934//1614 684//1614 932//1614
f 735//1615 935//1615 933//1615
f 735//1616 736//1616 935//1616
f 936//1617 683//1617 934//1617
f 934//1618 683//1618 684//1618
f 935//1619 737//1619 937//1619
f 736//1620 737//1620 935//1620
f 936//1621 938//1621 683//1621
f 938//1622 682//1622 683//1622
f 737//1623 939//1623 937//1623
f 737//1624 738//1624 939//1624
f 940//1625 681//1625 938//1625
f 938//1626 681//1626 682//1626
f 939//1627 739//1627 941//1627
f 738//1628 739//1628 939//1628
f 942//1629 680//1629 940//1629
f 940//1630 680//1630 681//1630
f 941//1631 740//1631 943//1631
f 739//1632 740//1632 941//1632
f 944//1633 679//1633 942//1633
f 942//1634 679//1634 680//1634
f 943//1635 741//1635 945//1635
f 740//1636 741//1636 943//1636
f 944//1637 946//1637 679//1637
f 679//1638 946//1638 678//1638
f 742//1639 947//1639 741//1639
f 741//1640 947//1640 945//1640
f 946//1641 677//1641 678//1641
f 946//1642 948//1642 677//1642
f 742//1643 743//1643 947//1643
f 743//1644 949//1644 947//1644
f 948//1645 950//1645 677//1645
f 677//1646 950//1646 676//1646
f 743//1647 951//1647 949//1647
f 744//1648 951//1648 743//1648
f 950//1649 952//1649 676//1649
f 676//1650 952//1650 675//1650
f 744//1651 745//1651 951//1651
f 745//1652 953//1652 951//1652
f 952//1653 674//1653 675//1653
f 952//1654 954//1654 674//1654
f 745//1655 746//1655 953//1655
f 746//1656 955//1656 953//1656
f 954//1657 956//1657 674//1657
f 674//1658 956//1658 673//1658
f 747//1659 957//1659 746//1659
f 746//1660 957//1660 955//1660
f 956//1661 958//1661 673//1661
f 673//1662 958//1662 672//1662
f 747//1663 748//1663 957//1663
f 748//1664 959//1664 957//1664
f 958//1665 671//1665 672//1665
f 958//1666 960//1666 671//1666
f 749//1667 961//1667 748//1667
f 748//1668 961//1668 959//1668
f 960//1669 670//1669 671//1669
f 960//1670 962//1670 670//1670
f 749//1671 750//1671 961//1671
f 750//1672 963//1672 961//1672
f 962//1673 669//1673 670//1673
f 962//1674 964//1674 669//1674
f 751//1675 965//1675 750//1675
f 750//1676 965//1676 963//1676
f 964//1677 668//1677 669//1677
f 964//1678 966//1678 668//1678
f 751//1679 752//1679 965//1679
f 752//1680 967//1680 965//1680
f 668//1681 968//1681 667//1681
f 966//1682 968//1682 668//1682
f 752//1683 753//1683 967//1683
f 753//1684 969//1684 967//1684
f 667//1685 970//1685 666//1685
f 968//1686 970//1686 667//1686
f 753//1687 754//1687 969//1687
f 754//1688 971//1688 969//1688
f 970//1689 972//1689 666//1689
f 666//1690 972//1690 665//1690
f 755//1691 973//1691 754//1691
f 754//1692 973//1692 971//1692
f 972//1693 974//1693 665//1693
f 665//1694 974//1694 664//1694
f 755//1695 975//1695 973//1695
f 756//1696 975//1696 755//1696
f 974//1697 976//1697 664//1697
f 664//1698 976//1698 663//1698
f 756//1699 977//1699 975//1699
f 631//1700 977//1700 756//1700
f 976//1701 978//1701 663//1701
f 663//1702 978//1702 662//1702
f 631//1703 632//1703 977//1703
f 632//1704 979//1704 977//1704
f 978//1705 661//1705 662//1705
f 978//1706 980//1706 661//1706
f 980//1707 660//1707 661//1707
f 633//1708 981//1708 632//1708
f 632//1709 981//1709 979//1709
f 633//1710 634//1710 981//1710
f 980//1711 982//1711 660//1711
f 634//1712 983//1712 981//1712
f 982//1713 984//1713 660//1713
f 660//1714 984//1714 659//1714
f 635//1715 985//1715 634//1715
f 634//1716 985//1716 983//1716
f 635//1717 636//1717 985//1717
f 659//1718 986//1718 658//1718
f 984//1719 986//1719 659//1719
f 636//1720 987//1720 985//1720
f 658//1721 988//1721 657//1721
f 986//1722 988//1722 658//1722
f 988//1723 656//1723 657//1723
f 637//1724 989//1724 636//1724
f 636//1725 989//1725 987//1725
f 637//1726 638//1726 989//1726
f 988//1727 990//1727 656//1727
f 638//1728 991//1728 989//1728
f 656//1729 992//1729 655//1729
f 990//1730 992//1730 656//1730
f 639//1731 993//1731 638//1731
f 638//1732 993//1732 991//1732
f 655//1733 994//1733 654//1733
f 992//1734 994//1734 655//1734
f 640//1735 995//1735 639//1735
f 639//1736 995//1736 993//1736
f 994//1737 996//1737 654//1737
f 654//1738 996//1738 653//1738
f 640//1739 997//1739 995//1739
f 641//1740 997//1740 640//1740
f 642//1741 997//1741 641//1741
f 996//1742 998//1742 653//1742
f 652//1743 998//1743 651//1743
f 653//1744 998//1744 652//1744
f 642//1745 999//1745 997//1745
f 998//1746 1000//1746 651//1746
f 642//1747 1001//1747 999//1747
f 643//1748 1001//1748 642//1748
f 1000//1749 1002//1749 651//1749
f 650//1750 1002//1750 649//1750
f 651//1751 1002//1751 650//1751
f 643//1752 1003//1752 1001//1752
f 644//1753 1003//1753 643//1753
f 1002//1754 1004//1754 649//1754
f 645//1755 1005//1755 644//1755
f 644//1756 1005//1756 1003//1756
f 1004//1757 1006//1757 649//1757
f 649//1758 1006//1758 648//1758
f 646//1759 1007//1759 645//1759
f 647//1760 1007//1760 646//1760
f 645//1761 1007//1761 1005//1761
f 648//1762 1008//1762 647//1762
f 1006//1763 1008//1763 648//1763
f 647//1764 1008//1764 1007//1764
f 977//1765 979//1765 851//1765
f 851//1766 979//1766 853//1766
f 853//1767 981//1767 855//1767
f 979//1768 981//1768 853//1768
f 855//1769 983//1769 857//1769
f 981//1770 983//1770 855//1770
f 857//1771 985//1771 859//1771
f 859//1772 985//1772 861//1772
f 983//1773 985//1773 857//1773
f 861//1774 987//1774 863//1774
f 985//1775 987//1775 861//1775
f 863//1776 989//1776 865//1776
f 987//1777 989//1777 863//1777
f 989//1778 991//1778 865//1778
f 865//1779 993//1779 867//1779
f 991//1780 993//1780 865//1780
f 867//1781 995//1781 869//1781
f 993//1782 995//1782 867//1782
f 869//1783 997//1783 871//1783
f 995//1784 997//1784 869//1784
f 997//1785 999//1785 871//1785
f 871//1786 999//1786 873//1786
f 999//1787 1001//1787 873//1787
f 873//1788 1001//1788 875//1788
f 1001//1789 1003//1789 875//1789
f 875//1790 1003//1790 877//1790
f 877//1791 1003//1791 879//1791
f 1003//1792 1005//1792 879//1792
f 879//1793 1007//1793 881//1793
f 881//1794 1007//1794 882//1794
f 1005//1795 1007//1795 879//1795
f 1007//1796 1008//1796 882//1796
f 882//1797 1006//1797 880//1797
f 1008//1798 1006//1798 882//1798
f 880//1799 1004//1799 878//1799
f 1006//1800 1004//1800 880//1800
f 878//1801 1002//1801 876//1801
f 1004//1802 1002//1802 878//1802
f 876//1803 1000//1803 874//1803
f 874//1804 1000//1804 872//1804
f 1002//1805 1000//1805 876//1805
f 1000//1806 998//1806 872//1806
f 872//1807 996//1807 870//1807
f 998//1808 996//1808 872//1808
f 870//1809 994//1809 868//1809
f 996//1810 994//1810 870//1810
f 868//1811 992//1811 866//1811
f 994//1812 992//1812 868//1812
f 866//1813 990//1813 864//1813
f 864//1814 990//1814 862//1814
f 992//1815 990//1815 866//1815
f 990//1816 988//1816 862//1816
f 862//1817 986//1817 860//1817
f 988//1818 986//1818 862//1818
f 860//1819 984//1819 858//1819
f 986//1820 984//1820 860//1820
f 858//1821 982//1821 856//1821
f 984//1822 982//1822 858//1822
f 856//1823 980//1823 854//1823
f 982//1824 980//1824 856//1824
f 854//1825 978//1825 852//1825
f 980//1826 978//1826 854//1826
f 852//1827 976//1827 850//1827
f 978//1828 976//1828 852//1828
f 850//1829 974//1829 848//1829
f 976//1830 974//1830 850//1830
f 848//1831 972//1831 846//1831
f 974//1832 972//1832 848//1832
f 846//1833 970//1833 844//1833
f 972//1834 970//1834 846//1834
f 844//1835 968//1835 842//1835
f 970//1836 968//1836 844//1836
f 842//1837 966//1837 840//1837
f 968//1838 966//1838 842//1838
f 966//1839 964//1839 840//1839
f 840//1840 964//1840 838//1840
f 964//1841 962//1841 838//1841
f 838//1842 962//1842 836//1842
f 962//1843 960//1843 836//1843
f 836//1844 960//1844 834//1844
f 960//1845 958//1845 834//1845
f 834//1846 958//1846 832//1846
f 958//1847 956//1847 832//1847
f 832//1848 956//1848 830//1848
f 956//1849 954//1849 830//1849
f 830//1850 954//1850 828//1850
f 954//1851 952//1851 828//1851
f 828//1852 952//1852 826//1852
f 826//1853 952//1853 824//1853
f 952//1854 950//1854 824//1854
f 950//1855 948//1855 824//1855
f 824//1856 948//1856 822//1856
f 948//1857 946//1857 822//1857
f 822//1858 946//1858 820//1858
f 820//1859 944//1859 818//1859
f 946//1860 944//1860 820//1860
f 818//1861 944//1861 816//1861
f 944//1862 942//1862 816//1862
f 942//1863 940//1863 816//1863
f 816//1864 940//1864 814//1864
f 814//1865 940//1865 812//1865
f 940//1866 938//1866 812//1866
f 812//1867 936//1867 810//1867
f 810//1868 936//1868 808//1868
f 938//1869 936//1869 812//1869
f 936//1870 934//1870 808//1870
f 808//1871 932//1871 806//1871
f 934//1872 932//1872 808//1872
f 806//1873 930//1873 804//1873
f 804//1874 930//1874 802//1874
f 932//1875 930//1875 806//1875
f 930//1876 928//1876 802//1876
f 802//1877 926//1877 800//1877
f 928//1878 926//1878 802//1878
f 800//1879 924//1879 798//1879
f 798//1880 924//1880 796//1880
f 926//1881 924//1881 800//1881
f 924//1882 922//1882 796//1882
f 796//1883 920//1883 794//1883
f 794//1884 920//1884 792//1884
f 922//1885 920//1885 796//1885
f 920//1886 918//1886 792//1886
f 918//1887 916//1887 792//1887
f 792//1888 916//1888 790//1888
f 790//1889 916//1889 788//1889
f 916//1890 914//1890 788//1890
f 914//1891 912//1891 788//1891
f 788//1892 912//1892 786//1892
f 912//1893 911//1893 786//1893
f 786//1894 911//1894 785//1894
f 785//1895 911//1895 781//1895
f 911//1896 907//1896 781//1896
f 907//1897 906//1897 781//1897
f 781//1898 906//1898 780//1898
f 906//1899 904//1899 780//1899
f 780//1900 904//1900 778//1900
f 778//1901 904//1901 777//1901
f 904//1902 903//1902 777//1902
f 903//1903 901//1903 777//1903
f 777//1904 901//1904 775//1904
f 775//1905 901//1905 772//1905
f 901//1906 898//1906 772//1906
f 898//1907 897//1907 772//1907
f 772//1908 897//1908 771//1908
f 897//1909 894//1909 771//1909
f 771//1910 894//1910 768//1910
f 768//1911 894//1911 766//1911
f 894//1912 892//1912 766//1912
f 892//1913 891//1913 766//1913
f 766//1914 891//1914 765//1914
f 765//1915 891//1915 761//1915
f 891//1916 887//1916 761//1916
f 887//1917 884//1917 761//1917
f 761//1918 884//1918 758//1918
f 884//1919 885//1919 758//1919
f 758//1920 885//1920 759//1920
f 759//1921 885//1921 757//1921
f 885//1922 883//1922 757//1922
f 883//1923 886//1923 757//1923
f 757//1924 886//1924 760//1924
f 886//1925 888//1925 760//1925
f 760//1926 888//1926 762//1926
f 762//1927 888//1927 763//1927
f 888//1928 889//1928 763//1928
f 763//1929 890//1929 764//1929
f 889//1930 890//1930 763//1930
f 764//1931 893//1931 767//1931
f 890//1932 893//1932 764//1932
f 767//1933 895//1933 769//1933
f 893//1934 895//1934 767//1934
f 769//1935 896//1935 770//1935
f 895//1936 896//1936 769//1936
f 770//1937 899//1937 773//1937
f 896//1938 899//1938 770//1938
f 899//1939 900//1939 773//1939
f 773//1940 900//1940 774//1940
f 900//1941 902//1941 774//1941
f 774//1942 902//1942 776//1942
f 902//1943 905//1943 776//1943
f 776//1944 905//1944 779//1944
f 905//1945 908//1945 779//1945
f 779//1946 908//1946 782//1946
f 908//1947 909//1947 782//1947
f 782//1948 909//1948 783//1948
f 909//1949 910//1949 783//1949
f 783//1950 910//1950 784//1950
f 910//1951 913//1951 784//1951
f 784//1952 913//1952 787//1952
f 787//1953 913//1953 789//1953
f 913//1954 915//1954 789//1954
f 915//1955 917//1955 789//1955
f 789//1956 917//1956 791//1956
f 917//1957 919//1957 791//1957
f 791//1958 919//1958 793//1958
f 919//1959 921//1959 793//1959
f 793//1960 921//1960 795//1960
f 797//1961 923//1961 799//1961
f 921//1962 923//1962 795//1962
f 795//1963 923//1963 797//1963
f 923//1964 925//1964 799//1964
f 799//1965 927//1965 801//1965
f 925//1966 927//1966 799//1966
f 801//1967 929//1967 803//1967
f 803//1968 929//1968 805//1968
f 927//1969 929//1969 801//1969
f 929//1970 931//1970 805//1970
f 805//1971 933//1971 807//1971
f 931//1972 933//1972 805//1972
f 807//1973 935//1973 809//1973
f 809//1974 935//1974 811//1974
f 933//1975 935//1975 807//1975
f 935//1976 937//1976 811//1976
f 811//1977 939//1977 813//1977
f 813//1978 939//1978 815//1978
f 937//1979 939//1979 811//1979
f 815//1980 941//1980 817//1980
f 939//1981 941//1981 815//1981
f 941//1982 943//1982 817//1982
f 817//1983 945//1983 819//1983
f 943//1984 945//1984 817//1984
f 819//1985 947//1985 821//1985
f 821//1986 947//1986 823//1986
f 945//1987 947//1987 819//1987
f 947//1988 949//1988 823//1988
f 949//1989 951//1989 823//1989
f 823//1990 951//1990 825//1990
f 951//1991 953//1991 825//1991
f 825//1992 953//1992 827//1992
f 953//1993 955//1993 827//1993
f 827//1994 955//1994 829//1994
f 829//1995 955//1995 831//1995
f 955//1996 957//1996 831//1996
f 831//1997 959//1997 833//1997
f 957//1998 959//1998 831//1998
f 833//1999 961//1999 835//1999
f 835//2000 961//2000 837//2000
f 959//2001 961//2001 833//2001
f 961//2002 963//2002 837//2002
f 837//2003 965//2003 839//2003
f 963//2004 965//2004 837//2004
f 839//2005 967//2005 841//2005
f 841//2006 967//2006 843//2006
f 965//2007 967//2007 839//2007
f 967//2008 969//2008 843//2008
f 843//2009 971//2009 845//2009
f 969//2010 971//2010 843//2010
f 845//2011 973//2011 847//2011
f 847//2012 973//2012 849//2012
f 971//2013 973//2013 845//2013
f 973//2014 975//2014 849//2014
f 849//2015 977//2015 851//2015
f 975//2016 977//2016 849//2016
g Extrude
f 1009//2017 1010//2017 1011//2017
f 1009//2018 1011//2018 1012//2018
f 1013//2019 1009//2019 1012//2019
f 1013//2020 1012//2020 1014//2020
f 1015//2021 1013//2021 1014//2021
f 1015//2022 1014//2022 1016//2022
f 1010//2023 1015//2023 1011//2023
f 1011//2024 1015//2024 1016//2024
f 1010//2025 1013//2025 1015//2025
f 1009//2026 1013//2026 1010//2026
f 1014//2027 1011//2027 1016//2027
f 1014//2028 1012//2028 1011//2028
g Extrude
f 1017//2029 1018//2029 1019//2029
f 1017//2030 1019//2030 1020//2030
f 1021//2031 1017//2031 1020//2031
f 1021//2032 1020//2032 1022//2032
f 1023//2033 1021//2033 1022//2033
f 1023//2034 1022//2034 1024//2034
f 1018//2035 1023//2035 1019//2035
f 1019//2036 1023//2036 1024//2036
f 1018//2037 1021//2037 1023//2037
f 1017//2038 1021//2038 1018//2038
f 1022//2039 1019//2039 1024//2039
f 1022//2040 1020//2040 1019//2040
g Extrude
f 1025//2041 1026//2041 1027//2041
f 1025//2042 1027//2042 1028//2042
f 1029//2043 1025//2043 1028//2043
f 1029//2044 1028//2044 1030//2044
f 1031//2045 1029//2045 1030//2045
f 1031//2046 1030//2046 1032//2046
f 1026//2047 1031//2047 1027//2047
f 1027//2048 1031//2048 1032//2048
f 1026//2049 1029//2049 1031//2049
f 1025//2050 1029//2050 1026//2050
f 1030//2051 1027//2051 1032//2051
f 1030//2052 1028//2052 1027//2052
g Extrude
f 1033//2053 1034//2053 1035//2053
f 1033//2054 1035//2054 1036//2054
f 1037//2055 1033//2055 1036//2055
f 1037//2056 1036//2056 1038//2056
f 1039//2057 1037//2057 1038//2057
f 1039//2058 1038//2058 1040//2058
f 1034//2059 1039//2059 1035//2059
f 1035//2060 1039//2060 1040//2060
f 1034//2061 1037//2061 1039//2061
f 1033//2062 1037//2062 1034//2062
f 1038//2063 1035//2063 1040//2063
f 1038//2064 1036//2064 1035//2064
g Extrude
f 1041//2065 1042//2065 1043//2065
f 1041//2066 1043//2066 1044//2066
f 1045//2067 1041//2067 1044//2067
f 1045//2068 1044//2068 1046//2068
f 1047//2069 1045//2069 1046//2069
f 1047//2070 1046//2070 1048//2070
f 1042//2071 1047//2071 1043//2071
f 1043//2072 1047//2072 1048//2072
f 1042//2073 1045//2073 1047//2073
f 1041//2074 1045//2074 1042//2074
f 1046//2075 1043//2075 1048//2075
f 1046//2076 1044//2076 1043//2076
g Extrude
f 1049//2077 1050//2077 1051//2077
f 1049//2078 1051//2078 1052//2078
f 1053//2079 1049//2079 1052//2079
f 1053//2080 1052//2080 1054//2080
f 1055//2081 1053//2081 1054//2081
f 1055//2082 1054//2082 1056//2082
f 1050//2083 1055//2083 1051//2083
f 1051//2084 1055//2084 1056//2084
f 1050//2085 1053//2085 1055//2085
f 1049//2086 1053//2086 1050//2086
f 1054//2087 1051//2087 1056//2087
f 1054//2088 1052//2088 1051//2088
g Extrude
f 1057//2089 1058//2089 1059//2089
f 1057//2090 1059//2090 1060//2090
f 1061//2091 1057//2091 1060//2091
f 1061//2092 1060//2092 1062//2092
f 1063//2093 1061//2093 1062//2093
f 1063//2094 1062//2094 1064//2094
f 1058//2095 1063//2095 1059//2095
f 1059//2096 1063//2096 1064//2096
f 1058//2097 1061//2097 1063//2097
f 1057//2098 1061//2098 1058//2098
f 1062//2099 1059//2099 1064//2099
f 1062//2100 1060//2100 1059//2100
g Extrude
f 1065//2101 1066//2101 1067//2101
f 1065//2102 1067//2102 1068//2102
f 1069//2103 1065//2103 1068//2103
f 1069//2104 1068//2104 1070//2104
f 1071//2105 1069//2105 1070//2105
f 1071//2106 1070//2106 1072//2106
f 1066//2107 1071//2107 1067//2107
f 1067//2108 1071//2108 1072//2108
f 1066//2109 1069//2109 1071//2109
f 1065//2110 1069//2110 1066//2110
f 1070//2111 1067//2111 1072//2111
f 1070//2112 1068//2112 1067//2112
g Extrude
f 1073//2113 1074//2113 1075//2113
f 1073//2114 1075//2114 1076//2114
f 1077//2115 1073//2115 1076//2115
f 1077//2116 1076//2116 1078//2116
f 1079//2117 1077//2117 1078//2117
f 1079//2118 1078//2118 1080//2118
f 1074//2119 1079//2119 1075//2119
f 1075//2120 1079//2120 1080//2120
f 1074//2121 1077//2121 1079//2121
f 1073//2122 1077//2122 1074//2122
f 1078//2123 1075//2123 1080//2123
f 1078//2124 1076//2124 1075//2124
g Extrude
f 1081//2125 1082//2125 1083//2125
f 1081//2126 1083//2126 1084//2126
f 1085//2127 1081//2127 1084//2127
f 1085//2128 1084//2128 1086//2128
f 1087//2129 1085//2129 1086//2129
f 1087//2130 1086//2130 1088//2130
f 1082//2131 1087//2131 1083//2131
f 1083//2132 1087//2132 1088//2132
f 1082//2133 1085//2133 1087//2133
f 1081//2134 1085//2134 1082//2134
f 1086//2135 1083//2135 1088//2135
f 1086//2136 1084//2136 1083//2136
g Extrude
f 1089//2137 1090//2137 1091//2137
f 1089//2138 1091//2138 1092//2138
f 1093//2139 1089//2139 1092//2139
f 1093//2140 1092//2140 1094//2140
f 1095//2141 1093//2141 1094//2141
f 1095//2142 1094//2142 1096//2142
f 1090//2143 1095//2143 1091//2143
f 1091//2144 1095//2144 1096//2144
f 1090//2145 1093//2145 1095//2145
f 1089//2146 1093//2146 1090//2146
f 1094//2147 1091//2147 1096//2147
f 1094//2148 1092//2148 1091//2148
g Extrude
f 1097//2149 1098//2149 1099//2149
f 1097//2150 1099//2150 1100//2150
f 1101//2151 1097//2151 1100//2151
f 1101//2152 1100//2152 1102//2152
f 1103//2153 1101//2153 1102//2153
f 1103//2154 1102//2154 1104//2154
f 1098//2155 1103//2155 1099//2155
f 1099//2156 1103//2156 1104//2156
f 1098//2157 1101//2157 1103//2157
f 1097//2158 1101//2158 1098//2158
f 1102//2159 1099//2159 1104//2159
f 1102//2160 1100//2160 1099//2160
g Extrude
f 1105//2161 1106//2161 1107//2161
f 1105//2162 1107//2162 1108//2162
f 1109//2163 1105//2163 1108//2163
f 1109//2164 1108//2164 1110//2164
f 1111//2165 1109//2165 1110//2165
f 1111//2166 1110//2166 1112//2166
f 1106//2167 1111//2167 1107//2167
f 1107//2168 1111//2168 1112//2168
f 1106//2169 1109//2169 1111//2169
f 1105//2170 1109//2170 1106//2170
f 1110//2171 1107//2171 1112//2171
f 1110//2172 1108//2172 1107//2172
g Extrude
f 1113//2173 1114//2173 1115//2173
f 1113//2174 1115//2174 1116//2174
f 1117//2175 1113//2175 1116//2175
f 1117//2176 1116//2176 1118//2176
f 1119//2177 1117//2177 1118//2177
f 1119//2178 1118//2178 1120//2178
f 1114//2179 1119//2179 1115//2179
f 1115//2180 1119//2180 1120//2180
f 1114//2181 1117//2181 1119//2181
f 1113//2182 1117//2182 1114//2182
f 1118//2183 1115//2183 1120//2183
f 1118//2184 1116//2184 1115//2184
g Extrude
f 1121//2185 1122//2185 1123//2185
f 1121//2186 1123//2186 1124//2186
f 1125//2187 1121//2187 1124//2187
f 1125//2188 1124//2188 1126//2188
f 1127//2189 1125//2189 1126//2189
f 1127//2190 1126//2190 1128//2190
f 1122//2191 1127//2191 1123//2191
f 1123//2192 1127//2192 1128//2192
f 1122//2193 1125//2193 1127//2193
f 1121//2194 1125//2194 1122//2194
f 1126//2195 1123//2195 1128//2195
f 1126//2196 1124//2196 1123//2196
g Extrude
f 1129//2197 1130//2197 1131//2197
f 1129//2198 1131//2198 1132//2198
f 1133//2199 1129//2199 1132//2199
f 1133//2200 1132//2200 1134//2200
f 1135//2201 1133//2201 1134//2201
f 1135//2202 1134//2202 1136//2202
f 1130//2203 1135//2203 1131//2203
f 1131//2204 1135//2204 1136//2204
f 1130//2205 1133//2205 1135//2205
f 1129//2206 1133//2206 1130//2206
f 1134//2207 1131//2207 1136//2207
f 1134//2208 1132//2208 1131//2208
g Extrude
f 1137//2209 1138//2209 1139//2209
f 1137//2210 1139//2210 1140//2210
f 1141//2211 1137//2211 1140//2211
f 1141//2212 1140//2212 1142//2212
f 1143//2213 1141//2213 1142//2213
f 1143//2214 1142//2214 1144//2214
f 1138//2215 1143//2215 1139//2215
f 1139//2216 1143//2216 1144//2216
f 1138//2217 1141//2217 1143//2217
f 1137//2218 1141//2218 1138//2218
f 1142//2219 1139//2219 1144//2219
f 1142//2220 1140//2220 1139//2220
g Extrude
f 1145//2221 1146//2221 1147//2221
f 1145//2222 1147//2222 1148//2222
f 1149//2223 1145//2223 1148//2223
f 1149//2224 1148//2224 1150//2224
f 1151//2225 1149//2225 1150//2225
f 1151//2226 1150//2226 1152//2226
f 1146//2227 1151//2227 1147//2227
f 1147//2228 1151//2228 1152//2228
f 1146//2229 1149//2229 1151//2229
f 1145//2230 1149//2230 1146//2230
f 1150//2231 1147//2231 1152//2231
f 1150//2232 1148//2232 1147//2232
g Extrude
f 1153//2233 1154//2233 1155//2233
f 1153//2234 1155//2234 1156//2234
f 1157//2235 1153//2235 1156//2235
f 1157//2236 1156//2236 1158//2236
f 1159//2237 1157//2237 1158//2237
f 1159//2238 1158//2238 1160//2238
f 1154//2239 1159//2239 1155//2239
f 1155//2240 1159//2240 1160//2240
f 1154//2241 1157//2241 1159//2241
f 1153//2242 1157//2242 1154//2242
f 1158//2243 1155//2243 1160//2243
f 1158//2244 1156//2244 1155//2244
g Extrude
f 1161//2245 1162//2245 1163//2245
f 1161//2246 1163//2246 1164//2246
f 1165//2247 1161//2247 1164//2247
f 1165//2248 1164//2248 1166//2248
f 1167//2249 1165//2249 1166//2249
f 1167//2250 1166//2250 1168//2250
f 1162//2251 1167//2251 1163//2251
f 1163//2252 1167//2252 1168//2252
f 1162//2253 1165//2253 1167//2253
f 1161//2254 1165//2254 1162//2254
f 1166//2255 1163//2255 1168//2255
f 1166//2256 1164//2256 1163//2256
g Extrude
f 1169//2257 1170//2257 1171//2257
f 1169//2258 1171//2258 1172//2258
f 1173//2259 1169//2259 1172//2259
f 1173//2260 1172//2260 1174//2260
f 1175//2261 1173//2261 1174//2261
f 1175//2262 1174//2262 1176//2262
f 1170//2263 1175//2263 1171//2263
f 1171//2264 1175//2264 1176//2264
f 1170//2265 1173//2265 1175//2265
f 1169//2266 1173//2266 1170//2266
f 1174//2267 1171//2267 1176//2267
f 1174//2268 1172//2268 1171//2268
g Extrude
f 1177//2269 1178//2269 1179//2269
f 1177//2270 1179//2270 1180//2270
f 1181//2271 1177//2271 1180//2271
f 1181//2272 1180//2272 1182//2272
f 1183//2273 1181//2273 1182//2273
f 1183//2274 1182//2274 1184//2274
f 1178//2275 1183//2275 1179//2275
f 1179//2276 1183//2276 1184//2276
f 1178//2277 1181//2277 1183//2277
f 1177//2278 1181//2278 1178//2278
f 1182//2279 1179//2279 1184//2279
f 1182//2280 1180//2280 1179//2280
g Extrude
f 1185//2281 1186//2281 1187//2281
f 1185//2282 1187//2282 1188//2282
f 1189//2283 1185//2283 1188//2283
f 1189//2284 1188//2284 1190//2284
f 1191//2285 1189//2285 1190//2285
f 1191//2286 1190//2286 1192//2286
f 1186//2287 1191//2287 1187//2287
f 1187//2288 1191//2288 1192//2288
f 1186//2289 1189//2289 1191//2289
f 1185//2290 1189//2290 1186//2290
f 1190//2291 1187//2291 1192//2291
f 1190//2292 1188//2292 1187//2292
g Extrude
f 1193//2293 1194//2293 1195//2293
f 1193//2294 1195//2294 1196//2294
f 1197//2295 1193//2295 1196//2295
f 1197//2296 1196//2296 1198//2296
f 1199//2297 1197//2297 1198//2297
f 1199//2298 1198//2298 1200//2298
f 1194//2299 1199//2299 1195//2299
f 1195//2300 1199//2300 1200//2300
f 1194//2301 1197//2301 1199//2301
f 1193//2302 1197//2302 1194//2302
f 1198//2303 1195//2303 1200//2303
f 1198//2304 1196//2304 1195//2304
g Extrude
f 1201//2305 1202//2305 1203//2305
f 1201//2306 1203//2306 1204//2306
f 1205//2307 1201//2307 1204//2307
f 1205//2308 1204//2308 1206//2308
f 1207//2309 1205//2309 1206//2309
f 1207//2310 1206//2310 1208//2310
f 1202//2311 1207//2311 1203//2311
f 1203//2312 1207//2312 1208//2312
f 1202//2313 1205//2313 1207//2313
f 1201//2314 1205//2314 1202//2314
f 1206//2315 1203//2315 1208//2315
f 1206//2316 1204//2316 1203//2316
g Extrude
f 1209//2317 1210//2317 1211//2317
f 1209//2318 1211//2318 1212//2318
f 1213//2319 1209//2319 1212//2319
f 1213//2320 1212//2320 1214//2320
f 1215//2321 1213//2321 1214//2321
f 1215//2322 1214//2322 1216//2322
f 1210//2323 1215//2323 1211//2323
f 1211//2324 1215//2324 1216//2324
f 1210//2325 1213//2325 1215//2325
f 1209//2326 1213//2326 1210//2326
f 1214//2327 1211//2327 1216//2327
f 1214//2328 1212//2328 1211//2328
g Extrude
f 1217//2329 1218//2329 1219//2329
f 1217//2330 1219//2330 1220//2330
f 1221//2331 1217//2331 1220//2331
f 1221//2332 1220//2332 1222//2332
f 1223//2333 1221//2333 1222//2333
f 1223//2334 1222//2334 1224//2334
f 1218//2335 1223//2335 1219//2335
f 1219//2336 1223//2336 1224//2336
f 1218//2337 1221//2337 1223//2337
f 1217//2338 1221//2338 1218//2338
f 1222//2339 1219//2339 1224//2339
f 1222//2340 1220//2340 1219//2340
g Extrude
f 1225//2341 1226//2341 1227//2341
f 1225//2342 1227//2342 1228//2342
f 1229//2343 1225//2343 1228//2343
f 1229//2344 1228//2344 1230//2344
f 1231//2345 1229//2345 1230//2345
f 1231//2346 1230//2346 1232//2346
f 1226//2347 1231//2347 1227//2347
f 1227//2348 1231//2348 1232//2348
f 1226//2349 1229//2349 1231//2349
f 1225//2350 1229//2350 1226//2350
f 1230//2351 1227//2351 1232//2351
f 1230//2352 1228//2352 1227//2352
g Extrude
f 1233//2353 1234//2353 1235//2353
f 1233//2354 1235//2354 1236//2354
f 1237//2355 1233//2355 1236//2355
f 1237//2356 1236//2356 1238//2356
f 1239//2357 1237//2357 1238//2357
f 1239//2358 1238//2358 1240//2358
f 1234//2359 1239//2359 1235//2359
f 1235//2360 1239//2360 1240//2360
f 1234//2361 1237//2361 1239//2361
f 1233//2362 1237//2362 1234//2362
f 1238//2363 1235//2363 1240//2363
f 1238//2364 1236//2364 1235//2364
g Extrude
f 1241//2365 1242//2365 1243//2365
f 1241//2366 1243//2366 1244//2366
f 1245//2367 1241//2367 1244//2367
f 1245//2368 1244//2368 1246//2368
f 1247//2369 1245//2369 1246//2369
f 1247//2370 1246//2370 1248//2370
f 1242//2371 1247//2371 1243//2371
f 1243//2372 1247//2372 1248//2372
f 1242//2373 1245//2373 1247//2373
f 1241//2374 1245//2374 1242//2374
f 1246//2375 1243//2375 1248//2375
f 1246//2376 1244//2376 1243//2376
g Extrude
f 1249//2377 1250//2377 1251//2377
f 1249//2378 1251//2378 1252//2378
f 1253//2379 1249//2379 1252//2379
f 1253//2380 1252//2380 1254//2380
f 1255//2381 1253//2381 1254//2381
f 1255//2382 1254//2382 1256//2382
f 1250//2383 1255//2383 1251//2383
f 1251//2384 1255//2384 1256//2384
f 1250//2385 1253//2385 1255//2385
f 1249//2386 1253//2386 1250//2386
f 1254//2387 1251//2387 1256//2387
f 1254//2388 1252//2388 1251//2388
g Extrude
f 1257//2389 1258//2389 1259//2389
f 1257//2390 1259//2390 1260//2390
f 1261//2391 1257//2391 1260//2391
f 1261//2392 1260//2392 1262//2392
f 1263//2393 1261//2393 1262//2393
f 1263//2394 1262//2394 1264//2394
f 1258//2395 1263//2395 1259//2395
f 1259//2396 1263//2396 1264//2396
f 1258//2397 1261//2397 1263//2397
f 1257//2398 1261//2398 1258//2398
f 1262//2399 1259//2399 1264//2399
f 1262//2400 1260//2400 1259//2400
g Extrude
f 1265//2401 1266//2401 1267//2401
f 1265//2402 1267//2402 1268//2402
f 1269//2403 1265//2403 1268//2403
f 1269//2404 1268//2404 1270//2404
f 1271//2405 1269//2405 1270//2405
f 1271//2406 1270//2406 1272//2406
f 1266//2407 1271//2407 1267//2407
f 1267//2408 1271//2408 1272//2408
f 1266//2409 1269//2409 1271//2409
f 1265//2410 1269//2410 1266//2410
f 1270//2411 1267//2411 1272//2411
f 1270//2412 1268//2412 1267//2412
g Extrude
f 1273//2413 1274//2413 1275//2413
f 1273//2414 1275//2414 1276//2414
f 1277//2415 1273//2415 1276//2415
f 1277//2416 1276//2416 1278//2416
f 1279//2417 1277//2417 1278//2417
f 1279//2418 1278//2418 1280//2418
f 1274//2419 1279//2419 1275//2419
f 1275//2420 1279//2420 1280//2420
f 1274//2421 1277//2421 1279//2421
f 1273//2422 1277//2422 1274//2422
f 1278//2423 1275//2423 1280//2423
f 1278//2424 1276//2424 1275//2424
g Extrude
f 1281//2425 1282//2425 1283//2425
f 1281//2426 1283//2426 1284//2426
f 1285//2427 1281//2427 1284//2427
f 1285//2428 1284//2428 1286//2428
f 1287//2429 1285//2429 1286//2429
f 1287//2430 1286//2430 1288//2430
f 1282//2431 1287//2431 1283//2431
f 1283//2432 1287//2432 1288//2432
f 1282//2433 1285//2433 1287//2433
f 1281//2434 1285//2434 1282//2434
f 1286//2435 1283//2435 1288//2435
f 1286//2436 1284//2436 1283//2436
g Extrude
f 1289//2437 1290//2437 1291//2437
f 1289//2438 1291//2438 1292//2438
f 1293//2439 1289//2439 1292//2439
f 1293//2440 1292//2440 1294//2440
f 1295//2441 1293//2441 1294//2441
f 1295//2442 1294//2442 1296//2442
f 1290//2443 1295//2443 1291//2443
f 1291//2444 1295//2444 1296//2444
f 1290//2445 1293//2445 1295//2445
f 1289//2446 1293//2446 1290//2446
f 1294//2447 1291//2447 1296//2447
f 1294//2448 1292//2448 1291//2448
g Extrude
f 1297//2449 1298//2449 1299//2449
f 1297//2450 1299//2450 1300//2450
f 1301//2451 1297//2451 1300//2451
f 1301//2452 1300//2452 1302//2452
f 1303//2453 1301//2453 1302//2453
f 1303//2454 1302//2454 1304//2454
f 1298//2455 1303//2455 1299//2455
f 1299//2456 1303//2456 1304//2456
f 1298//2457 1301//2457 1303//2457
f 1297//2458 1301//2458 1298//2458
f 1302//2459 1299//2459 1304//2459
f 1302//2460 1300//2460 1299//2460
g Extrude
f 1305//2461 1306//2461 1307//2461
f 1305//2462 1307//2462 1308//2462
f 1309//2463 1305//2463 1308//2463
f 1309//2464 1308//2464 1310//2464
f 1311//2465 1309//2465 1310//2465
f 1311//2466 1310//2466 1312//2466
f 1306//2467 1311//2467 1307//2467
f 1307//2468 1311//2468 1312//2468
f 1306//2469 1309//2469 1311//2469
f 1305//2470 1309//2470 1306//2470
f 1310//2471 1307//2471 1312//2471
f 1310//2472 1308//2472 1307//2472
g Extrude
f 1313//2473 1314//2473 1315//2473
f 1313//2474 1315//2474 1316//2474
f 1317//2475 1313//2475 1316//2475
f 1317//2476 1316//2476 1318//2476
f 1319//2477 1317//2477 1318//2477
f 1319//2478 1318//2478 1320//2478
f 1314//2479 1319//2479 1315//2479
f 1315//2480 1319//2480 1320//2480
f 1314//2481 1317//2481 1319//2481
f 1313//2482 1317//2482 1314//2482
f 1318//2483 1315//2483 1320//2483
f 1318//2484 1316//2484 1315//2484
g Extrude
f 1321//2485 1322//2485 1323//2485
f 1321//2486 1323//2486 1324//2486
f 1325//2487 1321//2487 1324//2487
f 1325//2488 1324//2488 1326//2488
f 1327//2489 1325//2489 1326//2489
f 1327//2490 1326//2490 1328//2490
f 1322//2491 1327//2491 1323//2491
f 1323//2492 1327//2492 1328//2492
f 1322//2493 1325//2493 1327//2493
f 1321//2494 1325//2494 1322//2494
f 1326//2495 1323//2495 1328//2495
f 1326//2496 1324//2496 1323//2496
g Extrude
f 1329//2497 1330//2497 1331//2497
f 1329//2498 1331//2498 1332//2498
f 1333//2499 1329//2499 1332//2499
f 1333//2500 1332//2500 1334//2500
f 1335//2501 1333//2501 1334//2501
f 1335//2502 1334//2502 1336//2502
f 1330//2503 1335//2503 1331//2503
f 1331//2504 1335//2504 1336//2504
f 1330//2505 1333//2505 1335//2505
f 1329//2506 1333//2506 1330//2506
f 1334//2507 1331//2507 1336//2507
f 1334//2508 1332//2508 1331//2508
g Extrude
f 1337//2509 1338//2509 1339//2509
f 1337//2510 1339//2510 1340//2510
f 1341//2511 1337//2511 1340//2511
f 1341//2512 1340//2512 1342//2512
f 1343//2513 1341//2513 1342//2513
f 1343//2514 1342//2514 1344//2514
f 1338//2515 1343//2515 1339//2515
f 1339//2516 1343//2516 1344//2516
f 1338//2517 1341//2517 1343//2517
f 1337//2518 1341//2518 1338//2518
f 1342//2519 1339//2519 1344//2519
f 1342//2520 1340//2520 1339//2520
g Extrude
f 1345//2521 1346//2521 1347//2521
f 1345//2522 1347//2522 1348//2522
f 1349//2523 1345//2523 1348//2523
f 1349//2524 1348//2524 1350//2524
f 1351//2525 1349//2525 1350//2525
f 1351//2526 1350//2526 1352//2526
f 1346//2527 1351//2527 1347//2527
f 1347//2528 1351//2528 1352//2528
f 1346//2529 1349//2529 1351//2529
f 1345//2530 1349//2530 1346//2530
f 1350//2531 1347//2531 1352//2531
f 1350//2532 1348//2532 1347//2532
g Extrude
f 1353//2533 1354//2533 1355//2533
f 1353//2534 1355//2534 1356//2534
f 1357//2535 1353//2535 1356//2535
f 1357//2536 1356//2536 1358//2536
f 1359//2537 1357//2537 1358//2537
f 1359//2538 1358//2538 1360//2538
f 1354//2539 1359//2539 1355//2539
f 1355//2540 1359//2540 1360//2540
f 1354//2541 1357//2541 1359//2541
f 1353//2542 1357//2542 1354//2542
f 1358//2543 1355//2543 1360//2543
f 1358//2544 1356//2544 1355//2544
g Extrude
f 1361//2545 1362//2545 1363//2545
f 1361//2546 1363//2546 1364//2546
f 1365//2547 1361//2547 1364//2547
f 1365//2548 1364//2548 1366//2548
f 1367//2549 1365//2549 1366//2549
f 1367//2550 1366//2550 1368//2550
f 1362//2551 1367//2551 1363//2551
f 1363//2552 1367//2552 1368//2552
f 1362//2553 1365//2553 1367//2553
f 1361//2554 1365//2554 1362//2554
f 1366//2555 1363//2555 1368//2555
f 1366//2556 1364//2556 1363//2556
g Extrude
f 1369//2557 1370//2557 1371//2557
f 1369//2558 1371//2558 1372//2558
f 1373//2559 1369//2559 1372//2559
f 1373//2560 1372//2560 1374//2560
f 1375//2561 1373//2561 1374//2561
f 1375//2562 1374//2562 1376//2562
f 1370//2563 1375//2563 1371//2563
f 1371//2564 1375//2564 1376//2564
f 1370//2565 1373//2565 1375//2565
f 1369//2566 1373//2566 1370//2566
f 1374//2567 1371//2567 1376//2567
f 1374//2568 1372//2568 1371//2568
g Extrude
f 1377//2569 1378//2569 1379//2569
f 1377//2570 1379//2570 1380//2570
f 1381//2571 1377//2571 1380//2571
f 1381//2572 1380//2572 1382//2572
f 1383//2573 1381//2573 1382//2573
f 1383//2574 1382//2574 1384//2574
f 1378//2575 1383//2575 1379//2575
f 1379//2576 1383//2576 1384//2576
f 1378//2577 1381//2577 1383//2577
f 1377//2578 1381//2578 1378//2578
f 1382//2579 1379//2579 1384//2579
f 1382//2580 1380//2580 1379//2580
g Extrude
f 1385//2581 1386//2581 1387//2581
f 1385//2582 1387//2582 1388//2582
f 1389//2583 1385//2583 1388//2583
f 1389//2584 1388//2584 1390//2584
f 1391//2585 1389//2585 1390//2585
f 1391//2586 1390//2586 1392//2586
f 1386//2587 1391//2587 1387//2587
f 1387//2588 1391//2588 1392//2588
f 1386//2589 1389//2589 1391//2589
f 1385//2590 1389//2590 1386//2590
f 1390//2591 1387//2591 1392//2591
f 1390//2592 1388//2592 1387//2592
