# Created by FreeCAD <https://www.freecad.org>
v 32.710232 -2.999988 -7.632255
v 32.730278 -2.999994 -7.632255
v 32.710232 -2.999994 -7.616525
v 32.710232 0.000012 -7.632250
v 32.730274 0.000006 -7.632250
v 36.192444 45.000004 3.000000
v 36.192444 45.000008 -7.500000
v 33.192444 45.000008 0.000000
v 33.192444 45.000008 -7.500000
v -36.807556 45.000000 0.000000
v -39.807556 45.000004 3.000000
v -36.807556 45.000000 -7.500000
v -39.807556 45.000000 -7.500000
v -77.086952 45.000000 -32.299999
v -77.086952 45.000000 -42.299999
v -80.086952 45.000000 -42.299999
v -64.411087 45.000000 -32.299995
v -80.086937 45.000000 -7.500000
v -77.086952 45.000000 -7.500000
v -80.086945 45.000000 0.000000
v -80.086952 45.000000 3.000000
v -45.716152 45.000000 -7.499988
v -32.974937 45.000000 -7.499988
v 32.710258 45.000000 -7.614028
v 32.710258 45.000004 -7.499998
v 64.170090 45.000000 -32.299995
v 76.913063 45.000000 -42.299999
v 76.913063 45.000000 -42.298161
v 45.383331 45.000004 -7.499998
v 45.383331 45.000000 -7.616053
v 45.380745 45.000000 -7.614028
v -67.786949 13.749445 3.000000
v -80.086952 -3.000000 3.000000
v -64.537506 10.500000 3.000000
v -59.010548 20.999998 3.000000
v -55.472721 18.057325 3.000000
v -46.386951 10.500000 3.000000
v -67.786949 28.299999 3.000000
v -64.586952 31.500000 3.000000
v -55.486950 23.930841 3.000000
v -51.953205 20.991556 3.000000
v -43.186951 13.700000 3.000000
v -30.886951 13.698191 3.000000
v -27.688751 10.500000 3.000000
v -46.386951 31.500000 3.000000
v -43.186951 28.299999 3.000000
v -30.886951 28.299999 3.000000
v -22.109512 21.000443 3.000000
v -18.587391 18.070463 3.000000
v -9.486951 10.500000 3.000000
v -27.686953 31.500000 3.000000
v -18.586597 23.930546 3.000000
v -15.064401 21.000868 3.000000
v -6.286951 13.700000 3.000000
v 9.210128 10.500000 3.000000
v 6.013049 13.697079 3.000000
v -9.485722 31.500000 3.000000
v -6.286951 28.301229 3.000000
v 6.013049 28.299988 3.000000
v 14.790619 20.998253 3.000000
v 18.310814 18.069933 3.000000
v 9.213050 31.500002 3.000000
v 18.315207 23.930000 3.000000
v 21.835814 21.002020 3.000000
v 27.410786 10.500000 3.000000
v 30.613049 13.702263 3.000000
v 42.913048 13.695221 3.000000
v 46.108269 10.500000 3.000000
v 27.415958 31.500002 3.000000
v 30.613049 28.302910 3.000000
v 42.913048 28.299103 3.000000
v 51.732967 20.997711 3.000000
v 55.260544 18.077482 3.000000
v 79.913048 -3.000000 3.000000
v 64.413979 10.500000 3.000000
v 46.113941 31.500000 3.000000
v 55.265602 23.922569 3.000000
v 58.792885 21.002028 3.000000
v 67.613052 13.699067 3.000000
v 64.417595 31.500000 3.000000
v 67.613052 28.304543 3.000000
v 79.913048 45.000000 3.000000
v 76.913063 45.000000 -7.500000
v 79.913055 45.000000 0.000000
v 76.913063 45.000000 -32.298157
v 79.913063 45.000000 -42.299999
v 32.710258 45.000000 -7.616554
v 32.707039 45.000000 -7.614028
v 32.730133 45.000000 -7.632146
v 32.710258 42.000000 -7.614028
v 32.710258 42.000004 -7.499998
v -32.974937 42.000000 -7.499988
v -64.411087 42.000000 -32.299995
v 64.170090 42.000000 -32.299995
v 76.913063 42.000000 -42.299999
v -77.086945 42.000000 -42.299995
v -80.086937 42.000000 -7.500000
v -80.086937 42.000000 0.000000
v 45.383331 42.000004 -7.499998
v 45.383331 42.000000 -7.616053
v -77.086952 37.591217 -37.281853
v -77.086952 37.556316 -37.317635
v -77.086952 37.519676 -37.351631
v -77.086952 37.624290 -37.244377
v -77.086952 37.481388 -37.383759
v -77.086952 37.655453 -37.205299
v -77.086952 37.441547 -37.413940
v -77.086952 37.684628 -37.164719
v -77.086952 37.400249 -37.442097
v -77.086952 37.711746 -37.122734
v -77.086952 37.357601 -37.468159
v -77.086952 37.736736 -37.079445
v -77.086952 37.313705 -37.492062
v -77.086952 37.759541 -37.034969
v -77.086952 37.268673 -37.513748
v -77.086952 37.780098 -36.989410
v -77.086952 37.222614 -37.533165
v -77.086952 37.798359 -36.942883
v -77.086952 37.175648 -37.550259
v -77.086952 37.814278 -36.895504
v -77.086952 37.127884 -37.564991
v -77.086952 37.827812 -36.847389
v -77.086952 37.079449 -37.577324
v -77.086952 37.838936 -36.798660
v -77.086952 37.030457 -37.587227
v -77.086952 37.847614 -36.749435
v -77.086952 36.981033 -37.594677
v -77.086952 37.853828 -36.699841
v -77.086952 36.931297 -37.599655
v -77.086952 36.881378 -37.602146
v -77.086952 36.831398 -37.602146
v -77.086952 36.781475 -37.599655
v -77.086952 36.731743 -37.594677
v -77.086952 37.858810 -36.600033
v -77.086952 42.000000 -32.299999
v -77.086952 37.857567 -36.550068
v -77.086952 37.853828 -36.500225
v -77.086952 37.857567 -36.650002
v -77.086952 37.847614 -36.450630
v -77.086952 36.682320 -37.587227
v -77.086952 37.838936 -36.401405
v -77.086952 36.633327 -37.577324
v -77.086952 37.827812 -36.352676
v -77.086952 36.584892 -37.564991
v -77.086952 37.814278 -36.304562
v -77.086952 36.537128 -37.550259
v -77.086952 37.798359 -36.257183
v -77.086952 36.490162 -37.533165
v -77.086952 37.780098 -36.210655
v -77.086952 36.444103 -37.513748
v -77.086952 37.759541 -36.165096
v -77.086952 36.399071 -37.492062
v -77.086952 37.736736 -36.120621
v -77.086952 36.355175 -37.468159
v -77.086952 37.711746 -36.077335
v -77.086952 36.312527 -37.442097
v -77.086952 37.684628 -36.035347
v -77.086952 37.655453 -35.994766
v -77.086952 37.624290 -35.955688
v -77.086952 37.591217 -35.918213
v -77.086952 37.556316 -35.882431
v -77.086952 37.519676 -35.848434
v -77.086952 37.481388 -35.816307
v -77.086952 37.441547 -35.786125
v -77.086952 37.400249 -35.757973
v -77.086952 37.357601 -35.731907
v -77.086952 37.313705 -35.708004
v -77.086952 37.268673 -35.686317
v -77.086952 37.222614 -35.666904
v -77.086952 37.175648 -35.649807
v -77.086952 37.127884 -35.635075
v -77.086952 37.079449 -35.622742
v -77.086952 37.030457 -35.612839
v -77.086952 36.981033 -35.605389
v -77.086952 36.931297 -35.600410
v -77.086952 36.881378 -35.597919
v -77.086952 36.831398 -35.597919
v -77.086952 36.781475 -35.600410
v -77.086952 36.156460 -35.882431
v -77.086952 28.762215 -28.912516
v -77.086952 36.121559 -35.918213
v -77.086952 36.088486 -35.955688
v -77.086952 36.057323 -35.994766
v -77.086952 29.145180 -28.519880
v -77.086952 36.271229 -35.786125
v -77.086952 36.231388 -35.816307
v -77.086952 36.193096 -35.848434
v -77.086952 28.360153 -29.285574
v -77.086952 36.028145 -36.035347
v -77.086952 36.001030 -36.077335
v -77.086952 29.508099 -28.108644
v -77.086952 36.355175 -35.731907
v -77.086952 36.312527 -35.757973
v -77.086952 27.939997 -29.638128
v -77.086952 35.976036 -36.120621
v -77.086952 35.953236 -36.165096
v -77.086952 35.932678 -36.210655
v -77.086952 29.850067 -27.679829
v -77.086952 36.490162 -35.666904
v -77.086952 36.444103 -35.686317
v -77.086952 36.399071 -35.708004
v -77.086952 27.502790 -29.969299
v -77.086952 35.914417 -36.257183
v -77.086952 35.898499 -36.304562
v -77.086952 30.170237 -27.234501
v -77.086952 36.584892 -35.635075
v -77.086952 36.537128 -35.649807
v -77.086952 27.049618 -30.278267
v -77.086952 35.884960 -36.352676
v -77.086952 35.873840 -36.401405
v -77.086952 35.865158 -36.450630
v -77.086952 30.467810 -26.773767
v -77.086952 36.731743 -35.605389
v -77.086952 36.682320 -35.612839
v -77.086952 36.633327 -35.622742
v -77.086952 26.581610 -30.564260
v -77.086952 35.858944 -36.500225
v -77.086952 35.855209 -36.550068
v -77.086952 30.742046 -26.298775
v -77.086952 26.099926 -30.826571
v -77.086952 35.853962 -36.600033
v -77.086952 35.855209 -36.650002
v -77.086952 35.858944 -36.699841
v -77.086952 30.992268 -25.810701
v -77.086952 25.605768 -31.064545
v -77.086952 35.865158 -36.749435
v -77.086952 35.873840 -36.798660
v -77.086952 31.217848 -25.310764
v -77.086952 25.100361 -31.277592
v -77.086952 35.884960 -36.847389
v -77.086952 35.898499 -36.895504
v -77.086952 31.418228 -24.800203
v -77.086952 24.584963 -31.465181
v -77.086952 35.914417 -36.942883
v -77.086952 35.932678 -36.989410
v -77.086952 31.592911 -24.280289
v -77.086952 24.060854 -31.626848
v -77.086952 35.953236 -37.034969
v -77.086952 35.976036 -37.079445
v -77.086952 31.741459 -23.752312
v -77.086952 23.529339 -31.762188
v -77.086952 36.001030 -37.122734
v -77.086952 36.028145 -37.164719
v -77.086952 31.863506 -23.217588
v -77.086952 22.991739 -31.870867
v -77.086952 36.057323 -37.205299
v -77.086952 31.958748 -22.677446
v -77.086952 22.449390 -31.952612
v -77.086952 36.088486 -37.244377
v -77.086952 36.121559 -37.281853
v -77.086952 32.026947 -22.133228
v -77.086952 21.903641 -32.007221
v -77.086952 36.156460 -37.317635
v -77.086952 32.067936 -21.586287
v -77.086952 21.355846 -32.034561
v -77.086952 36.193096 -37.351631
v -77.086952 36.231388 -37.383759
v -77.086952 32.081608 -21.037981
v -77.086952 20.807371 -32.034561
v -77.086952 32.067936 -20.489676
v -77.086952 32.026947 -19.942736
v -77.086952 42.000000 -7.500000
v -77.086952 31.958748 -19.398516
v -77.086952 31.863506 -18.858374
v -77.086952 31.741459 -18.323650
v -77.086952 31.592911 -17.795673
v -77.086952 31.418228 -17.275759
v -77.086952 31.217848 -16.765198
v -77.086952 37.533058 -5.948615
v -77.086952 37.498241 -5.984309
v -77.086952 37.461693 -6.018223
v -77.086952 37.566051 -5.911230
v -77.086952 37.423496 -6.050273
v -77.086952 37.597137 -5.872246
v -77.086952 37.383751 -6.080380
v -77.086952 37.626244 -5.831762
v -77.086952 37.342552 -6.108468
v -77.086952 37.653297 -5.789877
v -77.086952 37.300007 -6.134468
v -77.086952 37.678226 -5.746696
v -77.086952 37.256218 -6.158314
v -77.086952 37.700974 -5.702326
v -77.086952 37.211292 -6.179948
v -77.086952 37.721481 -5.656877
v -77.086952 37.165348 -6.199316
v -77.086952 37.739700 -5.610462
v -77.086952 37.118492 -6.216370
v -77.086952 37.755581 -5.563197
v -77.086952 37.070847 -6.231066
v -77.086952 37.769085 -5.515200
v -77.086952 19.713829 -31.952612
v -77.086952 5.988976 -37.278652
v -77.086952 20.259579 -32.007221
v -77.086952 5.954241 -37.314266
v -77.086952 37.022526 -6.243370
v -77.086952 5.917774 -37.348103
v -77.086952 6.021894 -37.241352
v -77.086952 5.879666 -37.380077
v -77.086952 19.171480 -31.870867
v -77.086952 6.052910 -37.202461
v -77.086952 5.840011 -37.410118
v -77.086952 36.271229 -37.413940
v -77.086952 37.780178 -5.466588
v -77.086952 6.081950 -37.162067
v -77.086952 18.633879 -31.762188
v -77.086952 5.798908 -37.438141
v -77.086952 6.108940 -37.120281
v -77.086952 36.973656 -6.253250
v -77.086952 18.102364 -31.626848
v -77.086952 6.133813 -37.077198
v -77.086952 37.788837 -5.417484
v -77.086952 6.156508 -37.032928
v -77.086952 36.924351 -6.260681
v -77.086952 30.992268 -16.265261
v -77.086952 17.578257 -31.465181
v -77.086952 6.176969 -36.987583
v -77.086952 37.795036 -5.368010
v -77.086952 36.874737 -6.265646
v -77.086952 6.195143 -36.941277
v -77.086952 37.798763 -5.318288
v -77.086952 6.210987 -36.894119
v -77.086952 17.062859 -31.277592
v -77.086952 36.824936 -6.268131
v -77.086952 30.742046 -15.777187
v -77.086952 6.224461 -36.846233
v -77.086952 37.800007 -5.268442
v -77.086952 36.775074 -6.268131
v -77.086952 16.557451 -31.064545
v -77.086952 6.235530 -36.797733
v -77.086952 37.798763 -5.218596
v -77.086952 6.244169 -36.748741
v -77.086952 36.725277 -6.265646
v -77.086952 37.795036 -5.168874
v -77.086952 6.250355 -36.699379
v -77.086952 16.063292 -30.826571
v -77.086952 36.675663 -6.260681
v -77.086952 30.467810 -15.302194
v -77.086952 37.788837 -5.119400
v -77.086952 6.254072 -36.649773
v -77.086952 36.626358 -6.253250
v -77.086952 6.255312 -36.600040
v -77.086952 37.780178 -5.070296
v -77.086952 36.577484 -6.243370
v -77.086952 30.170237 -14.841460
v -77.086952 15.581610 -30.564260
v -77.086952 6.254072 -36.550308
v -77.086952 37.769085 -5.021685
v -77.086952 36.529167 -6.231066
v -77.086952 6.250355 -36.500702
v -77.086952 37.755581 -4.973687
v -77.086952 36.481522 -6.216370
v -77.086952 6.244169 -36.451340
v -77.086952 15.113601 -30.278267
v -77.086952 6.235530 -36.402348
v -77.086952 36.434666 -6.199316
v -77.086952 29.850067 -14.396132
v -77.086952 14.660429 -29.969299
v -77.086952 6.224461 -36.353848
v -77.086952 36.388718 -6.179948
v -77.086952 6.210987 -36.305962
v -77.086952 36.343796 -6.158314
v -77.086952 29.508099 -13.967318
v -77.086952 6.195143 -36.258804
v -77.086952 36.300007 -6.134468
v -77.086952 6.176969 -36.212498
v -77.086952 14.223222 -29.638128
v -77.086952 36.257462 -6.108468
v -77.086952 6.156508 -36.167152
v -77.086952 4.847261 -37.509457
v -77.086945 -0.000000 -42.299995
v -77.086952 4.893102 -37.528778
v -77.086952 4.939849 -37.545795
v -77.086952 4.987386 -37.560455
v -77.086952 5.035595 -37.572731
v -77.086952 5.084355 -37.582588
v -77.086952 5.133547 -37.590004
v -77.086952 5.183047 -37.594955
v -77.086952 5.232732 -37.597439
v -77.086952 5.282479 -37.597439
v -77.086952 5.332164 -37.594955
v -77.086952 5.381664 -37.590004
v -77.086952 5.430856 -37.582588
v -77.086952 5.479616 -37.572731
v -77.086952 5.527825 -37.560455
v -77.086952 5.575362 -37.545795
v -77.086952 5.622109 -37.528778
v -77.086952 5.667950 -37.509457
v -77.086952 5.712770 -37.487873
v -77.086952 5.756459 -37.464081
v -77.086952 36.216263 -6.080380
v -77.086952 29.145180 -13.556081
v -77.086952 4.802441 -37.487873
v -77.086952 6.133813 -36.122883
v -77.086952 36.176517 -6.050273
v -77.086952 4.758752 -37.464081
v -77.086952 13.803065 -29.285574
v -77.086952 6.108940 -36.079800
v -77.086952 36.138321 -6.018223
v -77.086952 4.716303 -37.438141
v -77.086952 6.081950 -36.038013
v -77.086952 4.675200 -37.410118
v -77.086952 13.401005 -28.912516
v -77.086952 6.052910 -35.997620
v -77.086952 4.635545 -37.380077
v -77.086952 42.000000 0.000000
v -77.086952 37.739700 -4.926422
v -77.086952 37.721481 -4.880007
v -77.086952 37.700974 -4.834558
v -77.086952 37.678226 -4.790188
v -77.086952 37.653297 -4.747007
v -77.086952 37.626244 -4.705122
v -77.086952 37.597137 -4.664638
v -77.086952 37.566051 -4.625655
v -77.086952 37.533058 -4.588269
v -77.086952 37.498241 -4.552575
v -77.086952 6.021894 -35.958725
v -77.086952 37.461693 -4.518661
v -77.086952 4.597437 -37.348103
v -77.086952 28.762215 -13.163445
v -77.086952 36.033962 -5.911230
v -77.086952 36.066956 -5.948615
v -77.086952 36.101768 -5.984309
v -77.086952 5.988976 -35.921429
v -77.086952 37.423496 -4.486610
v -77.086952 4.560970 -37.314266
v -77.086952 37.383751 -4.456504
v -77.086952 5.954241 -35.885815
v -77.086952 4.526235 -37.278652
v -77.086952 37.342552 -4.428416
v -77.086952 4.493318 -37.241352
v -77.086952 37.300007 -4.402417
v -77.086952 4.462301 -37.202461
v -77.086952 37.256218 -4.378570
v -77.086952 4.433261 -37.162067
v -77.086952 37.211292 -4.356936
v -77.086952 13.018039 -28.519880
v -77.086952 5.917774 -35.851978
v -77.086952 5.879666 -35.820000
v -77.086952 4.406271 -37.120281
v -77.086952 37.165348 -4.337568
v -77.086952 4.381398 -37.077198
v -77.086952 37.118492 -4.320515
v -77.086952 4.358703 -37.032928
v -77.086952 37.070847 -4.305818
v -77.086952 4.338242 -36.987583
v -77.086952 37.022526 -4.293514
v -77.086952 4.320067 -36.941277
v -77.086952 36.973656 -4.283634
v -77.086952 36.924351 -4.276203
v -77.086952 4.304224 -36.894119
v -77.086952 28.360153 -12.790388
v -77.086952 35.946716 -5.789877
v -77.086952 35.973766 -5.831762
v -77.086952 36.002872 -5.872246
v -77.086952 36.874737 -4.271238
v -77.086952 4.290751 -36.846233
v -77.086952 36.824936 -4.268753
v -77.086952 4.279681 -36.797733
v -77.086952 36.775074 -4.268753
v -77.086952 4.271042 -36.748741
v -77.086952 36.725277 -4.271238
v -77.086952 4.264856 -36.699379
v -77.086952 36.675663 -4.276203
v -77.086952 36.626358 -4.283634
v -77.086952 36.577484 -4.293514
v -77.086952 36.529167 -4.305818
v -77.086952 36.481522 -4.320515
v -77.086952 36.434666 -4.337568
v -77.086952 12.655121 -28.108644
v -77.086952 5.840011 -35.789963
v -77.086952 5.798908 -35.761940
v -77.086952 5.756459 -35.736000
v -77.086952 36.388718 -4.356936
v -77.086952 36.343796 -4.378570
v -77.086952 36.300007 -4.402417
v -77.086952 35.899036 -5.702326
v -77.086952 27.939997 -12.437835
v -77.086952 35.921783 -5.746696
v -77.086952 12.313152 -27.679829
v -77.086952 5.712770 -35.712208
v -77.086952 5.667950 -35.690624
v -77.086952 5.622109 -35.671299
v -77.086952 27.502790 -12.106663
v -77.086952 35.844433 -5.563197
v -77.086952 35.860313 -5.610462
v -77.086952 35.878529 -5.656877
v -77.086952 11.992983 -27.234501
v -77.086952 5.575362 -35.654285
v -77.086952 5.527825 -35.639622
v -77.086952 27.049618 -11.797696
v -77.086952 35.819836 -5.466588
v -77.086952 35.830929 -5.515200
v -77.086952 11.695410 -26.773767
v -77.086952 5.479616 -35.627346
v -77.086952 5.430856 -35.617489
v -77.086952 5.381664 -35.610077
v -77.086952 26.581610 -11.511702
v -77.086952 35.801250 -5.318288
v -77.086952 35.804977 -5.368010
v -77.086952 35.811176 -5.417484
v -77.086952 11.421172 -26.298775
v -77.086952 5.332164 -35.605122
v -77.086952 26.099926 -11.249392
v -77.086952 35.801250 -5.218596
v -77.086952 35.800007 -5.268442
v -77.086952 25.605768 -11.011416
v -77.086952 35.811176 -5.119400
v -77.086952 35.804977 -5.168874
v -77.086952 25.100361 -10.798369
v -77.086952 35.830929 -5.021685
v -77.086952 35.819836 -5.070296
v -77.086952 24.584963 -10.610781
v -77.086952 35.860313 -4.926422
v -77.086952 35.844433 -4.973687
v -77.086952 35.899036 -4.834558
v -77.086952 24.060854 -10.449115
v -77.086952 35.878529 -4.880007
v -77.086952 23.529339 -10.313774
v -77.086952 35.946716 -4.747007
v -77.086952 35.921783 -4.790188
v -77.086952 22.991739 -10.205096
v -77.086952 36.002872 -4.664638
v -77.086952 35.973766 -4.705122
v -77.086952 22.449390 -10.123350
v -77.086952 36.033962 -4.625655
v -77.086945 -0.000000 -32.299995
v -77.086952 4.893102 -35.671299
v -77.086952 4.847261 -35.690624
v -77.086952 4.802441 -35.712208
v -77.086952 4.758752 -35.736000
v -77.086952 4.716303 -35.761940
v -77.086952 4.675200 -35.789963
v -77.086952 4.635545 -35.820000
v -77.086952 4.597437 -35.851978
v -77.086952 4.560970 -35.885815
v -77.086952 4.526235 -35.921429
v -77.086952 4.493318 -35.958725
v -77.086952 4.462301 -35.997620
v -77.086952 4.433261 -36.038013
v -77.086952 4.406271 -36.079800
v -77.086952 4.381398 -36.122883
v -77.086952 4.358703 -36.167152
v -77.086952 4.338242 -36.212498
v -77.086952 4.320067 -36.258804
v -77.086952 4.304224 -36.305962
v -77.086952 4.290751 -36.353848
v -77.086952 4.279681 -36.402348
v -77.086952 4.271042 -36.451340
v -77.086952 4.264856 -36.500702
v -77.086952 4.261139 -36.550308
v -77.086952 4.259899 -36.600040
v -77.086952 4.261139 -36.649773
v -77.086952 0.000000 -32.298134
v -77.086952 5.282479 -35.602642
v -77.086952 5.232732 -35.602642
v -77.086952 5.183047 -35.605122
v -77.086952 5.133547 -35.610077
v -77.086952 5.084355 -35.617489
v -77.086952 5.035595 -35.627346
v -77.086952 4.987386 -35.639622
v -77.086952 4.939849 -35.654285
v -77.086952 10.204471 -22.677446
v -77.086952 10.299712 -23.217588
v -77.086952 10.421760 -23.752312
v -77.086952 10.570309 -24.280289
v -77.086952 10.744990 -24.800203
v -77.086952 10.945372 -25.310764
v -77.086952 11.170952 -25.810701
v -77.086952 10.136271 -22.133228
v -77.086952 36.101768 -4.552575
v -77.086952 21.903641 -10.068739
v -77.086952 36.066956 -4.588269
v -77.086952 10.095284 -21.586287
v -77.086952 21.355846 -10.041400
v -77.086952 36.138321 -4.518661
v -77.086952 10.081610 -21.037981
v -77.086952 20.807371 -10.041400
v -77.086952 10.095284 -20.489676
v -77.086952 -3.000000 -32.298134
v -77.086952 13.401005 -13.163445
v -77.086952 5.974710 -5.934497
v -77.086952 13.018039 -13.556081
v -77.086952 6.009524 -5.898803
v -77.086952 5.938159 -5.968411
v -77.086952 13.803065 -12.790388
v -77.086952 6.042517 -5.861418
v -77.086952 5.899962 -6.000462
v -77.086952 6.073605 -5.822434
v -77.086952 5.860216 -6.030568
v -77.086952 12.655121 -13.967318
v -77.086952 6.102711 -5.781950
v -77.086952 5.819019 -6.058656
v -77.086952 14.223222 -12.437835
v -77.086952 6.129764 -5.740065
v -77.086952 5.776473 -6.084655
v -77.086952 6.154694 -5.696884
v -77.086952 5.732683 -6.108502
v -77.086952 12.313152 -14.396132
v -77.086952 14.660429 -12.106663
v -77.086952 6.177442 -5.652514
v -77.086952 5.687759 -6.130136
v -77.086952 6.197949 -5.607065
v -77.086952 5.641814 -6.149504
v -77.086952 11.992983 -14.841460
v -77.086952 6.216165 -5.560650
v -77.086952 5.594959 -6.166557
v -77.086952 15.113601 -11.797696
v -77.086952 6.232045 -5.513385
v -77.086952 5.547313 -6.181254
v -77.086952 6.245550 -5.465387
v -77.086952 5.498993 -6.193558
v -77.086952 11.695410 -15.302194
v -77.086952 15.581610 -11.511702
v -77.086952 6.256645 -5.416776
v -77.086952 5.450121 -6.203438
v -77.086952 6.265303 -5.367672
v -77.086952 5.400816 -6.210869
v -77.086952 11.421172 -15.777187
v -77.086952 6.271503 -5.318198
v -77.086952 5.351202 -6.215834
v -77.086952 16.063292 -11.249392
v -77.086952 6.275229 -5.268476
v -77.086952 5.301403 -6.218319
v -77.086952 11.170952 -16.265261
v -77.086952 6.276473 -5.218630
v -77.086952 5.251542 -6.218319
v -77.086952 16.557451 -11.011416
v -77.086952 6.275229 -5.168784
v -77.086952 5.201743 -6.215834
v -77.086952 6.271503 -5.119062
v -77.086952 5.152129 -6.210869
v -77.086952 10.945372 -16.765198
v -77.086952 17.062859 -10.798369
v -77.086952 6.265303 -5.069588
v -77.086952 6.256645 -5.020484
v -77.086952 17.578257 -10.610781
v -77.086952 6.245550 -4.971873
v -77.086952 6.232045 -4.923875
v -77.086952 18.102364 -10.449115
v -77.086952 6.216165 -4.876610
v -77.086952 6.197949 -4.830195
v -77.086952 6.177442 -4.784746
v -77.086952 18.633879 -10.313774
v -77.086952 6.154694 -4.740376
v -77.086952 6.129764 -4.697195
v -77.086952 19.171480 -10.205096
v -77.086952 6.102711 -4.655310
v -77.086952 6.073605 -4.614826
v -77.086952 19.713829 -10.123350
v -77.086952 6.042517 -4.575842
v -77.086952 20.259579 -10.068739
v -77.086952 6.009524 -4.538457
v -77.086952 5.974710 -4.502763
v -77.086952 5.938159 -4.468849
v -77.086952 36.176517 -4.486610
v -77.086952 36.216263 -4.456504
v -77.086952 5.899962 -4.436799
v -77.086952 36.257462 -4.428416
v -77.086952 5.860216 -4.406692
v -77.086952 5.819019 -4.378604
v -77.086952 0.000000 -7.500000
v -77.086952 10.744990 -17.275759
v -77.086952 10.570309 -17.795673
v -77.086952 10.421760 -18.323650
v -77.086952 10.299712 -18.858374
v -77.086952 10.204471 -19.398516
v -77.086952 10.136271 -19.942736
v -77.086952 4.320899 -4.923875
v -77.086952 4.307395 -4.971873
v -77.086952 4.296300 -5.020484
v -77.086952 4.287642 -5.069588
v -77.086952 4.281442 -5.119062
v -77.086952 4.277716 -5.168784
v -77.086952 4.276473 -5.218630
v -77.086952 4.277716 -5.268476
v -77.086952 4.281442 -5.318198
v -77.086952 4.287642 -5.367672
v -77.086952 4.296300 -5.416776
v -77.086952 4.307395 -5.465387
v -77.086952 4.320899 -5.513385
v -77.086952 4.336780 -5.560650
v -77.086952 4.354996 -5.607065
v -77.086952 4.375504 -5.652514
v -77.086952 4.398251 -5.696884
v -77.086952 4.423182 -5.740065
v -77.086952 4.450234 -5.781950
v -77.086952 4.479340 -5.822434
v -77.086952 4.510428 -5.861418
v -77.086952 4.543421 -5.898803
v -77.086952 4.578236 -5.934497
v -77.086952 4.614787 -5.968411
v -77.086952 4.652983 -6.000462
v -77.086952 4.692729 -6.030568
v -77.086952 4.733926 -6.058656
v -77.086952 4.776473 -6.084655
v -77.086952 4.820262 -6.108502
v -77.086952 4.865185 -6.130136
v -77.086952 4.911131 -6.149504
v -77.086952 4.957986 -6.166557
v -77.086952 5.005632 -6.181254
v -77.086952 5.053952 -6.193558
v -77.086952 5.102824 -6.203438
v -77.086952 -2.999994 -7.500000
v -77.086952 5.776473 -4.352605
v -77.086952 0.000000 0.000000
v -77.086952 5.732683 -4.328758
v -77.086952 5.687759 -4.307124
v -77.086952 5.641814 -4.287756
v -77.086952 5.594959 -4.270703
v -77.086952 5.547313 -4.256006
v -77.086952 5.498993 -4.243702
v -77.086952 5.450121 -4.233822
v -77.086952 5.400816 -4.226391
v -77.086952 5.351202 -4.221426
v -77.086952 5.301403 -4.218941
v -77.086952 5.251542 -4.218941
v -77.086952 5.201743 -4.221426
v -77.086952 5.152129 -4.226391
v -77.086952 5.102824 -4.233822
v -77.086952 5.053952 -4.243702
v -77.086952 5.005632 -4.256006
v -77.086952 4.957986 -4.270703
v -77.086952 4.911131 -4.287756
v -77.086952 4.865185 -4.307124
v -77.086952 4.820262 -4.328758
v -77.086952 4.776473 -4.352605
v -77.086952 4.733926 -4.378604
v -77.086952 4.692729 -4.406692
v -77.086952 4.652983 -4.436799
v -77.086952 4.614787 -4.468849
v -77.086952 4.578236 -4.502763
v -77.086952 4.543421 -4.538457
v -77.086952 4.510428 -4.575842
v -77.086952 4.479340 -4.614826
v -77.086952 4.450234 -4.655310
v -77.086952 4.423182 -4.697195
v -77.086952 4.398251 -4.740376
v -77.086952 4.375504 -4.784746
v -77.086952 4.354996 -4.830195
v -77.086952 4.336780 -4.876610
v -45.716152 42.000000 -7.499988
v 79.913048 -2.999996 0.000000
v 79.913040 0.000000 0.000000
v -80.086952 -2.999996 0.000000
v -67.786949 13.749445 0.000000
v -59.010548 20.999998 0.000000
v -67.786949 28.299999 0.000000
v -64.537506 10.500000 0.000000
v -55.472721 18.057325 0.000000
v -46.386951 10.500000 0.000000
v -64.586952 31.500000 0.000000
v -46.386951 31.500000 0.000000
v -55.486950 23.930841 0.000000
v -43.186951 13.700000 0.000000
v -51.953205 20.991556 0.000000
v -43.186951 28.299999 0.000000
v -30.886951 13.698191 0.000000
v -22.109512 21.000443 0.000000
v -30.886951 28.299999 0.000000
v -27.688751 10.500000 0.000000
v -18.587391 18.070463 0.000000
v -9.486951 10.500000 0.000000
v -9.485722 31.500000 0.000000
v -18.586597 23.930546 0.000000
v -27.686953 31.500000 0.000000
v -6.286951 13.700000 0.000000
v -15.064401 21.000868 0.000000
v -6.286951 28.301229 0.000000
v 14.790619 20.998253 0.000000
v 6.013049 13.697079 0.000000
v 6.013049 28.299988 0.000000
v 9.210128 10.500000 0.000000
v 18.310814 18.069933 0.000000
v 27.410786 10.500000 0.000000
v 30.613049 13.702263 0.000000
v 21.835814 21.002020 0.000000
v 30.613049 28.302910 0.000000
v 18.315207 23.930000 0.000000
v 9.213050 31.500002 0.000000
v 27.415958 31.500002 0.000000
v 51.732967 20.997711 0.000000
v 42.913048 13.695221 0.000000
v 42.913048 28.299103 0.000000
v 64.413979 10.500000 0.000000
v 46.108269 10.500000 0.000000
v 55.260544 18.077482 0.000000
v 58.792885 21.002028 0.000000
v 67.613052 28.304543 0.000000
v 67.613052 13.699067 0.000000
v 46.113941 31.500000 0.000000
v 64.417595 31.500000 0.000000
v 55.265602 23.922569 0.000000
v 79.913063 37.591209 -37.281815
v 79.913063 37.556309 -37.317593
v 79.913063 37.519669 -37.351589
v 79.913063 37.624283 -37.244335
v 79.913063 37.481380 -37.383717
v 79.913063 37.655445 -37.205257
v 79.913063 37.441540 -37.413898
v 79.913063 37.684620 -37.164677
v 79.913063 37.400242 -37.442055
v 79.913063 37.711739 -37.122692
v 79.913063 37.357594 -37.468117
v 79.913063 37.736732 -37.079403
v 79.913063 37.313698 -37.492020
v 79.913063 37.759533 -37.034927
v 79.913063 37.268665 -37.513706
v 79.913063 37.780090 -36.989368
v 79.913063 37.222607 -37.533123
v 79.913063 37.798351 -36.942841
v 79.913063 37.175640 -37.550217
v 79.913063 37.814270 -36.895462
v 79.913063 37.127876 -37.564949
v 79.913063 37.827808 -36.847347
v 79.913063 37.079441 -37.577282
v 79.913063 37.838928 -36.798618
v 79.913063 37.030449 -37.587185
v 79.913063 37.847607 -36.749393
v 79.913063 36.981026 -37.594635
v 79.913063 37.853825 -36.699799
v 79.913063 36.931290 -37.599613
v 79.913063 37.857559 -36.649960
v 79.913063 36.881371 -37.602104
v 79.913063 37.858803 -36.599991
v 79.913063 36.831390 -37.602104
v 79.913063 37.857559 -36.550026
v 79.913063 36.781467 -37.599613
v 79.913063 37.853825 -36.500183
v 79.913063 36.731735 -37.594635
v 79.913063 37.847607 -36.450588
v 79.913063 36.682312 -37.587185
v 79.913063 37.838928 -36.401363
v 79.913063 36.633320 -37.577282
v 79.913063 37.827808 -36.352634
v 79.913063 36.584885 -37.564949
v 79.913063 37.814270 -36.304523
v 79.913063 36.537121 -37.550217
v 79.913063 37.798351 -36.257141
v 79.913063 36.490154 -37.533123
v 79.913063 37.780090 -36.210613
v 79.913063 37.759533 -36.165054
v 79.913063 37.736732 -36.120579
v 79.913063 37.711739 -36.077293
v 79.913063 37.684620 -36.035305
v 79.913063 37.655445 -35.994724
v 79.913063 28.762207 -28.912474
v 79.913063 36.121552 -35.918171
v 79.913063 36.156452 -35.882389
v 79.913063 36.088478 -35.955647
v 79.913063 36.057316 -35.994724
v 79.913063 29.145172 -28.519840
v 79.913063 36.231380 -35.816265
v 79.913063 36.271221 -35.786083
v 79.913063 36.193089 -35.848392
v 79.913063 28.360146 -29.285532
v 79.913063 36.028137 -36.035305
v 79.913063 36.001022 -36.077293
v 79.913063 29.508091 -28.108603
v 79.913063 36.312519 -35.757931
v 79.913063 36.355167 -35.731865
v 79.913063 27.939989 -29.638086
v 79.913063 35.976028 -36.120579
v 79.913063 35.953228 -36.165054
v 79.913063 35.932671 -36.210613
v 79.913063 29.850060 -27.679789
v 79.913063 36.444096 -35.686275
v 79.913063 36.490154 -35.666862
v 79.913063 36.399063 -35.707962
v 79.913063 27.502783 -29.969257
v 79.913063 35.914410 -36.257141
v 79.913063 35.898491 -36.304523
v 79.913063 30.170229 -27.234461
v 79.913063 36.537121 -35.649765
v 79.913063 36.584885 -35.635033
v 79.913063 27.049612 -30.278225
v 79.913063 35.884953 -36.352634
v 79.913063 35.873833 -36.401363
v 79.913063 35.865154 -36.450588
v 79.913063 30.467802 -26.773727
v 79.913063 36.682312 -35.612797
v 79.913063 36.731735 -35.605347
v 79.913063 36.633320 -35.622700
v 79.913063 26.581602 -30.564219
v 79.913063 35.858936 -36.500183
v 79.913063 35.855202 -36.550026
v 79.913063 30.742039 -26.298733
v 79.913063 36.781467 -35.600368
v 79.913063 36.831390 -35.597878
v 79.913063 26.099920 -30.826529
v 79.913063 35.853954 -36.599991
v 79.913063 35.855202 -36.649960
v 79.913063 35.858936 -36.699799
v 79.913063 30.992260 -25.810661
v 79.913063 36.881371 -35.597878
v 79.913063 36.931290 -35.600368
v 79.913063 25.605761 -31.064503
v 79.913063 35.865154 -36.749393
v 79.913063 35.873833 -36.798618
v 79.913063 31.217840 -25.310722
v 79.913063 37.030449 -35.612797
v 79.913063 37.079441 -35.622700
v 79.913063 36.981026 -35.605347
v 79.913063 25.100353 -31.277550
v 79.913063 35.884953 -36.847347
v 79.913063 35.898491 -36.895462
v 79.913063 31.418221 -24.800161
v 79.913063 37.127876 -35.635033
v 79.913063 37.175640 -35.649765
v 79.913063 24.584955 -31.465139
v 79.913063 35.914410 -36.942841
v 79.913063 35.932671 -36.989368
v 79.913055 31.592903 -24.280247
v 79.913063 37.222607 -35.666862
v 79.913063 37.268665 -35.686275
v 79.913063 24.060848 -31.626806
v 79.913063 35.953228 -37.034927
v 79.913063 35.976028 -37.079403
v 79.913055 31.741453 -23.752270
v 79.913063 37.313698 -35.707962
v 79.913063 23.529333 -31.762146
v 79.913063 36.001022 -37.122692
v 79.913063 36.028137 -37.164677
v 79.913055 31.863499 -23.217546
v 79.913063 37.357594 -35.731865
v 79.913063 37.400242 -35.757931
v 79.913063 22.991732 -31.870825
v 79.913063 36.057316 -37.205257
v 79.913055 31.958742 -22.677404
v 79.913063 37.441540 -35.786083
v 79.913063 37.481380 -35.816265
v 79.913063 22.449383 -31.952570
v 79.913063 36.088478 -37.244335
v 79.913063 36.121552 -37.281815
v 79.913055 32.026939 -22.133186
v 79.913063 37.519669 -35.848392
v 79.913063 37.556309 -35.882389
v 79.913063 21.903633 -32.007179
v 79.913063 36.156452 -37.317593
v 79.913055 32.067928 -21.586245
v 79.913063 37.591209 -35.918171
v 79.913063 21.355841 -32.034519
v 79.913063 36.193089 -37.351589
v 79.913063 36.231380 -37.383717
v 79.913055 32.081604 -21.037939
v 79.913063 37.624283 -35.955647
v 79.913063 20.807365 -32.034519
v 79.913055 37.498238 -5.984267
v 79.913055 32.026939 -19.942694
v 79.913055 32.067928 -20.489634
v 79.913055 37.533051 -5.948573
v 79.913055 37.461685 -6.018181
v 79.913055 37.566044 -5.911188
v 79.913055 37.423489 -6.050232
v 79.913055 31.958742 -19.398474
v 79.913055 37.597130 -5.872205
v 79.913055 37.383743 -6.080338
v 79.913055 31.863499 -18.858332
v 79.913055 37.626240 -5.831720
v 79.913055 37.342545 -6.108426
v 79.913055 37.653290 -5.789835
v 79.913055 37.299999 -6.134426
v 79.913055 31.741453 -18.323608
v 79.913055 37.678223 -5.746654
v 79.913055 37.256210 -6.158272
v 79.913055 37.700970 -5.702284
v 79.913055 37.211285 -6.179906
v 79.913055 31.592903 -17.795631
v 79.913055 37.721474 -5.656835
v 79.913055 37.165340 -6.199274
v 79.913055 37.739693 -5.610420
v 79.913055 37.118484 -6.216328
v 79.913055 31.418221 -17.275717
v 79.913055 37.755573 -5.563156
v 79.913055 37.070839 -6.231024
v 79.913055 37.769077 -5.515158
v 79.913063 5.988969 -37.278610
v 79.913063 5.954234 -37.314224
v 79.913063 20.259571 -32.007179
v 79.913063 19.713821 -31.952570
v 79.913055 37.022522 -6.243328
v 79.913055 31.217840 -16.765156
v 79.913063 5.917767 -37.348061
v 79.913063 6.021886 -37.241310
v 79.913063 5.879658 -37.380035
v 79.913063 6.052903 -37.202419
v 79.913063 19.171473 -31.870825
v 79.913063 5.840003 -37.410076
v 79.913063 36.271221 -37.413898
v 79.913055 37.780170 -5.466547
v 79.913063 6.081943 -37.162025
v 79.913063 18.633871 -31.762146
v 79.913063 5.798901 -37.438099
v 79.913063 36.312519 -37.442055
v 79.913063 6.108932 -37.120239
v 79.913055 36.973648 -6.253208
v 79.913063 5.756452 -37.464039
v 79.913063 36.355167 -37.468117
v 79.913063 6.133806 -37.077156
v 79.913063 18.102358 -31.626806
v 79.913055 37.788830 -5.417442
v 79.913063 5.712763 -37.487831
v 79.913063 36.399063 -37.492020
v 79.913063 6.156501 -37.032887
v 79.913055 36.924343 -6.260640
v 79.913055 30.992260 -16.265219
v 79.913063 5.667942 -37.509415
v 79.913063 36.444096 -37.513706
v 79.913063 6.176961 -36.987541
v 79.913063 17.578249 -31.465139
v 79.913055 37.795029 -5.367968
v 79.913063 5.622101 -37.528736
v 79.913055 36.874729 -6.265604
v 79.913063 6.195136 -36.941235
v 79.913055 37.798756 -5.318246
v 79.913063 6.210980 -36.894077
v 79.913063 17.062851 -31.277550
v 79.913055 36.824928 -6.268089
v 79.913055 30.742039 -15.777145
v 79.913063 6.224453 -36.846191
v 79.913055 37.799999 -5.268400
v 79.913055 36.775070 -6.268089
v 79.913063 6.235523 -36.797691
v 79.913063 16.557444 -31.064503
v 79.913055 37.798756 -5.218554
v 79.913063 6.244162 -36.748699
v 79.913055 36.725269 -6.265604
v 79.913055 37.795029 -5.168832
v 79.913063 6.250347 -36.699337
v 79.913063 16.063286 -30.826529
v 79.913055 36.675655 -6.260640
v 79.913055 30.467802 -15.302152
v 79.913055 37.788830 -5.119358
v 79.913063 6.254065 -36.649731
v 79.913055 36.626350 -6.253208
v 79.913063 6.255305 -36.599998
v 79.913055 37.780170 -5.070254
v 79.913055 36.577477 -6.243328
v 79.913055 30.170229 -14.841418
v 79.913063 6.254065 -36.550266
v 79.913063 15.581602 -30.564219
v 79.913055 37.769077 -5.021643
v 79.913055 36.529160 -6.231024
v 79.913063 6.250347 -36.500660
v 79.913055 37.755573 -4.973645
v 79.913055 36.481514 -6.216328
v 79.913063 6.244162 -36.451298
v 79.913063 15.113593 -30.278225
v 79.913055 37.739693 -4.926380
v 79.913063 6.235523 -36.402306
v 79.913055 36.434658 -6.199274
v 79.913055 29.850060 -14.396091
v 79.913055 37.721474 -4.879965
v 79.913063 6.224453 -36.353806
v 79.913063 14.660421 -29.969257
v 79.913055 36.388714 -6.179906
v 79.913055 37.700970 -4.834517
v 79.913063 6.210980 -36.305920
v 79.913055 36.343788 -6.158272
v 79.913055 29.508091 -13.967276
v 79.913055 37.678223 -4.790146
v 79.913063 6.195136 -36.258762
v 79.913055 36.299999 -6.134426
v 79.913055 37.653290 -4.746965
v 79.913063 6.176961 -36.212456
v 79.913063 14.223214 -29.638086
v 79.913055 36.257454 -6.108426
v 79.913055 37.626240 -4.705080
v 79.913063 6.156501 -36.167110
v 79.913055 36.216255 -6.080338
v 79.913055 29.145172 -13.556039
v 79.913055 37.597130 -4.664596
v 79.913063 6.133806 -36.122841
v 79.913055 36.176510 -6.050232
v 79.913055 37.566044 -4.625613
v 79.913063 6.108932 -36.079758
v 79.913063 13.803058 -29.285532
v 79.913055 36.138313 -6.018181
v 79.913055 37.533051 -4.588227
v 79.913063 6.081943 -36.037971
v 79.913055 37.498238 -4.552534
v 79.913063 6.052903 -35.997578
v 79.913063 13.400997 -28.912474
v 79.913063 6.021886 -35.958683
v 79.913055 37.461685 -4.518619
v 79.913055 28.762207 -13.163404
v 79.913055 36.066948 -5.948573
v 79.913055 36.033955 -5.911188
v 79.913055 36.101761 -5.984267
v 79.913063 5.988969 -35.921387
v 79.913055 37.423489 -4.486569
v 79.913055 37.383743 -4.456462
v 79.913063 5.954234 -35.885773
v 79.913055 37.342545 -4.428374
v 79.913055 37.299999 -4.402375
v 79.913055 37.256210 -4.378529
v 79.913055 37.211285 -4.356894
v 79.913063 13.018032 -28.519840
v 79.913063 5.917767 -35.851936
v 79.913063 5.879658 -35.819958
v 79.913055 37.165340 -4.337526
v 79.913055 37.118484 -4.320473
v 79.913055 37.070839 -4.305776
v 79.913055 37.022522 -4.293472
v 79.913055 36.973648 -4.283593
v 79.913055 36.924343 -4.276161
v 79.913055 28.360146 -12.790346
v 79.913055 35.973759 -5.831720
v 79.913055 35.946709 -5.789835
v 79.913055 36.002865 -5.872205
v 79.913055 36.874729 -4.271196
v 79.913055 36.824928 -4.268711
v 79.913055 36.775070 -4.268711
v 79.913055 36.725269 -4.271196
v 79.913055 36.675655 -4.276161
v 79.913055 36.626350 -4.283593
v 79.913055 36.577477 -4.293472
v 79.913055 36.529160 -4.305776
v 79.913055 36.481514 -4.320473
v 79.913055 36.434658 -4.337526
v 79.913063 12.655113 -28.108603
v 79.913063 5.840003 -35.789921
v 79.913063 5.798901 -35.761898
v 79.913063 5.756452 -35.735958
v 79.913055 27.939989 -12.437793
v 79.913055 35.921776 -5.746654
v 79.913055 35.899029 -5.702284
v 79.913055 12.313145 -27.679789
v 79.913063 5.712763 -35.712166
v 79.913063 5.667942 -35.690582
v 79.913063 5.622101 -35.671261
v 79.913055 27.502783 -12.106621
v 79.913055 35.860306 -5.610420
v 79.913055 35.844425 -5.563156
v 79.913055 35.878525 -5.656835
v 79.913063 -3.000000 -42.299999
v 79.913063 5.332157 -37.594917
v 79.913063 5.282472 -37.597397
v 79.913063 5.381657 -37.589962
v 79.913063 5.430848 -37.582546
v 79.913063 5.479609 -37.572689
v 79.913063 5.527818 -37.560413
v 79.913063 5.575355 -37.545753
v 79.913063 4.406264 -36.079758
v 79.913063 4.433254 -36.037971
v 79.913063 4.381391 -36.122841
v 79.913063 4.358695 -36.167110
v 79.913063 4.338235 -36.212456
v 79.913063 4.320060 -36.258762
v 79.913063 4.304216 -36.305920
v 79.913063 4.290743 -36.353806
v 79.913063 4.279673 -36.402306
v 79.913063 4.271035 -36.451298
v 79.913063 4.264849 -36.500660
v 79.913063 4.261131 -36.550266
v 79.913063 4.259891 -36.599998
v 79.913063 4.261131 -36.649731
v 79.913063 4.264849 -36.699337
v 79.913063 4.271035 -36.748699
v 79.913063 4.279673 -36.797691
v 79.913063 4.290743 -36.846191
v 79.913063 4.304216 -36.894077
v 79.913063 4.320060 -36.941235
v 79.913063 4.338235 -36.987541
v 79.913063 4.358695 -37.032887
v 79.913063 4.381391 -37.077156
v 79.913063 4.406264 -37.120239
v 79.913063 4.433254 -37.162025
v 79.913063 4.462294 -37.202419
v 79.913063 4.493310 -37.241310
v 79.913063 4.526227 -37.278610
v 79.913063 4.560962 -37.314224
v 79.913063 4.597430 -37.348061
v 79.913063 4.635538 -37.380035
v 79.913063 4.675193 -37.410076
v 79.913063 4.716296 -37.438099
v 79.913063 4.758745 -37.464039
v 79.913063 4.802433 -37.487831
v 79.913063 4.847254 -37.509415
v 79.913063 4.893095 -37.528736
v 79.913063 4.939842 -37.545753
v 79.913063 4.987379 -37.560413
v 79.913063 5.035587 -37.572689
v 79.913063 5.084348 -37.582546
v 79.913063 5.133540 -37.589962
v 79.913063 5.183040 -37.594917
v 79.913063 5.232725 -37.597397
v 79.913055 11.992975 -27.234461
v 79.913063 5.575355 -35.654243
v 79.913063 5.527818 -35.639580
v 79.913055 27.049612 -11.797654
v 79.913055 35.830921 -5.515158
v 79.913055 35.819828 -5.466547
v 79.913055 11.695402 -26.773727
v 79.913063 5.479609 -35.627304
v 79.913063 5.430848 -35.617447
v 79.913063 5.381657 -35.610035
v 79.913055 26.581602 -11.511660
v 79.913055 35.804970 -5.367968
v 79.913055 35.801243 -5.318246
v 79.913055 35.811169 -5.417442
v 79.913055 11.421165 -26.298733
v 79.913063 5.332157 -35.605080
v 79.913063 5.282472 -35.602600
v 79.913055 26.099920 -11.249350
v 79.913055 35.799999 -5.268400
v 79.913055 35.801243 -5.218554
v 79.913055 11.170944 -25.810661
v 79.913063 5.232725 -35.602600
v 79.913063 5.183040 -35.605080
v 79.913055 25.605761 -11.011374
v 79.913055 35.804970 -5.168832
v 79.913055 35.811169 -5.119358
v 79.913055 10.945364 -25.310722
v 79.913063 5.133540 -35.610035
v 79.913063 5.084348 -35.617447
v 79.913055 25.100353 -10.798328
v 79.913055 35.819828 -5.070254
v 79.913055 35.830921 -5.021643
v 79.913055 10.744984 -24.800161
v 79.913063 5.035587 -35.627304
v 79.913063 4.987379 -35.639580
v 79.913055 24.584955 -10.610739
v 79.913055 35.844425 -4.973645
v 79.913055 35.860306 -4.926380
v 79.913055 10.570301 -24.280247
v 79.913063 4.939842 -35.654243
v 79.913063 4.893095 -35.671261
v 79.913055 24.060848 -10.449073
v 79.913055 35.878525 -4.879965
v 79.913055 35.899029 -4.834517
v 79.913055 10.421752 -23.752270
v 79.913063 4.847254 -35.690582
v 79.913063 4.802433 -35.712166
v 79.913055 23.529333 -10.313732
v 79.913055 35.921776 -4.790146
v 79.913055 35.946709 -4.746965
v 79.913055 10.299705 -23.217546
v 79.913063 4.758745 -35.735958
v 79.913063 4.716296 -35.761898
v 79.913055 22.991732 -10.205054
v 79.913055 35.973759 -4.705080
v 79.913055 36.002865 -4.664596
v 79.913055 10.204463 -22.677404
v 79.913063 4.675193 -35.789921
v 79.913063 4.635538 -35.819958
v 79.913055 22.449383 -10.123308
v 79.913055 36.033955 -4.625613
v 79.913055 10.136264 -22.133186
v 79.913063 4.597430 -35.851936
v 79.913055 21.903633 -10.068698
v 79.913055 36.066948 -4.588227
v 79.913055 36.101761 -4.552534
v 79.913055 21.355841 -10.041358
v 79.913055 36.138313 -4.518619
v 79.913055 20.807365 -10.041358
v 79.913055 5.974702 -5.934455
v 79.913055 13.018032 -13.556039
v 79.913055 13.400997 -13.163404
v 79.913055 6.009517 -5.898761
v 79.913055 5.938151 -5.968369
v 79.913055 6.042510 -5.861376
v 79.913055 13.803058 -12.790346
v 79.913055 5.899955 -6.000420
v 79.913055 6.073598 -5.822392
v 79.913055 5.860209 -6.030526
v 79.913055 12.655113 -13.967276
v 79.913055 6.102704 -5.781909
v 79.913055 5.819012 -6.058614
v 79.913055 6.129756 -5.740024
v 79.913055 14.223214 -12.437793
v 79.913055 5.776465 -6.084614
v 79.913055 6.154687 -5.696842
v 79.913055 5.732676 -6.108460
v 79.913055 12.313145 -14.396091
v 79.913055 6.177434 -5.652472
v 79.913055 14.660421 -12.106621
v 79.913055 5.687752 -6.130094
v 79.913055 6.197941 -5.607023
v 79.913055 5.641806 -6.149462
v 79.913055 11.992975 -14.841418
v 79.913055 6.216158 -5.560608
v 79.913055 5.594952 -6.166515
v 79.913055 6.232038 -5.513343
v 79.913055 15.113593 -11.797654
v 79.913055 5.547306 -6.181212
v 79.913055 6.245543 -5.465346
v 79.913055 5.498986 -6.193516
v 79.913055 11.695402 -15.302152
v 79.913055 6.256638 -5.416734
v 79.913055 15.581602 -11.511660
v 79.913055 5.450113 -6.203396
v 79.913055 6.265296 -5.367630
v 79.913055 5.400809 -6.210827
v 79.913055 11.421165 -15.777145
v 79.913055 6.271496 -5.318156
v 79.913055 5.351195 -6.215792
v 79.913055 6.275222 -5.268434
v 79.913055 16.063286 -11.249350
v 79.913055 5.301396 -6.218277
v 79.913055 11.170944 -16.265219
v 79.913055 6.276465 -5.218588
v 79.913055 5.251534 -6.218277
v 79.913055 6.275222 -5.168742
v 79.913055 16.557444 -11.011374
v 79.913055 5.201735 -6.215792
v 79.913055 6.271496 -5.119020
v 79.913055 5.152122 -6.210827
v 79.913055 10.945364 -16.765156
v 79.913055 6.265296 -5.069546
v 79.913055 17.062851 -10.798328
v 79.913055 6.256638 -5.020442
v 79.913055 6.245543 -4.971831
v 79.913055 17.578249 -10.610739
v 79.913055 6.232038 -4.923833
v 79.913055 6.216158 -4.876568
v 79.913055 18.102358 -10.449073
v 79.913055 6.197941 -4.830153
v 79.913055 6.177434 -4.784705
v 79.913055 18.633871 -10.313732
v 79.913055 6.154687 -4.740334
v 79.913055 6.129756 -4.697153
v 79.913055 19.171473 -10.205054
v 79.913055 6.102704 -4.655268
v 79.913055 6.073598 -4.614784
v 79.913055 19.713821 -10.123308
v 79.913055 6.042510 -4.575800
v 79.913055 20.259571 -10.068698
v 79.913055 6.009517 -4.538415
v 79.913055 5.974702 -4.502721
v 79.913055 5.938151 -4.468807
v 79.913055 36.176510 -4.486569
v 79.913055 5.899955 -4.436757
v 79.913055 36.216255 -4.456462
v 79.913055 5.860209 -4.406650
v 79.913055 36.257454 -4.428374
v 79.913055 5.819012 -4.378562
v 79.913055 36.299999 -4.402375
v 79.913055 5.776465 -4.352563
v 79.913040 0.000000 -7.500000
v 79.913055 4.307388 -4.971831
v 79.913055 4.320892 -4.923833
v 79.913055 4.296293 -5.020442
v 79.913055 4.287634 -5.069546
v 79.913055 4.281435 -5.119020
v 79.913055 4.277708 -5.168742
v 79.913055 4.276465 -5.218588
v 79.913055 4.277708 -5.268434
v 79.913055 4.281435 -5.318156
v 79.913055 4.287634 -5.367630
v 79.913055 4.296293 -5.416734
v 79.913055 4.307388 -5.465346
v 79.913055 4.320892 -5.513343
v 79.913055 4.336772 -5.560608
v 79.913055 4.354989 -5.607023
v 79.913055 4.375496 -5.652472
v 79.913055 4.398243 -5.696842
v 79.913055 4.423174 -5.740024
v 79.913055 4.450226 -5.781909
v 79.913055 4.479333 -5.822392
v 79.913055 4.510421 -5.861376
v 79.913055 4.543413 -5.898761
v 79.913055 4.578228 -5.934455
v 79.913055 4.614779 -5.968369
v 79.913055 4.652976 -6.000420
v 79.913055 10.744984 -17.275717
v 79.913055 4.692721 -6.030526
v 79.913055 10.570301 -17.795631
v 79.913055 4.733919 -6.058614
v 79.913055 10.421752 -18.323608
v 79.913055 4.776465 -6.084614
v 79.913055 4.820254 -6.108460
v 79.913055 10.299705 -18.858332
v 79.913055 4.865178 -6.130094
v 79.913055 10.204463 -19.398474
v 79.913055 4.911124 -6.149462
v 79.913055 10.136264 -19.942694
v 79.913055 4.957979 -6.166515
v 79.913055 5.005625 -6.181212
v 79.913055 5.053944 -6.193516
v 79.913055 5.102817 -6.203396
v 79.913040 -2.999988 -7.500000
v 79.913063 4.560962 -35.885773
v 79.913063 4.526227 -35.921387
v 79.913063 4.493310 -35.958683
v 79.913063 4.462294 -35.997578
v 79.913055 10.095276 -20.489634
v 79.913055 10.081602 -21.037939
v 79.913055 10.095276 -21.586245
v 79.913055 5.732676 -4.328716
v 79.913055 5.687752 -4.307082
v 79.913055 5.641806 -4.287714
v 79.913055 5.594952 -4.270661
v 79.913055 5.547306 -4.255964
v 79.913055 5.498986 -4.243660
v 79.913055 5.450113 -4.233780
v 79.913055 5.400809 -4.226349
v 79.913055 5.351195 -4.221385
v 79.913055 5.301396 -4.218899
v 79.913055 5.251534 -4.218899
v 79.913055 5.201735 -4.221385
v 79.913055 5.152122 -4.226349
v 79.913055 5.102817 -4.233780
v 79.913055 5.053944 -4.243660
v 79.913055 5.005625 -4.255964
v 79.913055 4.957979 -4.270661
v 79.913055 4.911124 -4.287714
v 79.913055 4.865178 -4.307082
v 79.913055 4.820254 -4.328716
v 79.913055 4.776465 -4.352563
v 79.913055 4.733919 -4.378562
v 79.913055 4.692721 -4.406650
v 79.913055 4.652976 -4.436757
v 79.913055 4.614779 -4.468807
v 79.913055 4.578228 -4.502721
v 79.913055 4.543413 -4.538415
v 79.913055 4.510421 -4.575800
v 79.913055 4.479333 -4.614784
v 79.913055 4.450226 -4.655268
v 79.913055 4.423174 -4.697153
v 79.913055 4.398243 -4.740334
v 79.913055 4.375496 -4.784705
v 79.913055 4.354989 -4.830153
v 79.913055 4.336772 -4.876568
v 79.913055 36.388714 -4.356894
v 79.913055 36.343788 -4.378529
v 76.913071 0.000005 -42.299995
v 76.913063 -3.000000 -42.299999
v 76.913063 -0.000000 -42.298138
v 76.913063 4.526227 -37.278614
v 76.913063 4.560963 -37.314224
v 76.913063 4.597430 -37.348061
v 76.913063 4.493310 -37.241314
v 76.913063 4.635538 -37.380039
v 76.913063 4.462294 -37.202419
v 76.913063 4.675193 -37.410076
v 76.913063 4.433254 -37.162029
v 76.913063 4.716296 -37.438099
v 76.913063 4.406264 -37.120239
v 76.913063 4.758745 -37.464039
v 76.913063 4.381391 -37.077156
v 76.913063 4.802434 -37.487831
v 76.913063 4.358696 -37.032887
v 76.913063 4.847254 -37.509415
v 76.913063 4.338235 -36.987545
v 76.913063 4.893095 -37.528740
v 76.913063 4.320060 -36.941235
v 76.913063 4.939842 -37.545753
v 76.913063 4.304217 -36.894077
v 76.913063 4.987379 -37.560417
v 76.913063 4.290743 -36.846191
v 76.913063 5.035588 -37.572693
v 76.913063 4.279674 -36.797691
v 76.913063 5.084348 -37.582550
v 76.913063 4.271035 -36.748699
v 76.913063 5.133540 -37.589962
v 76.913063 4.264849 -36.699337
v 76.913063 5.183040 -37.594917
v 76.913063 5.232725 -37.597397
v 76.913063 5.282472 -37.597397
v 76.913063 4.261132 -36.649731
v 76.913063 -0.000000 -32.298138
v 76.913063 4.259892 -36.599998
v 76.913063 4.261132 -36.550266
v 76.913063 5.332157 -37.594917
v 76.913063 4.264849 -36.500660
v 76.913063 5.381657 -37.589962
v 76.913063 4.271035 -36.451298
v 76.913063 5.430848 -37.582550
v 76.913063 4.279674 -36.402306
v 76.913063 5.479609 -37.572693
v 76.913063 4.290743 -36.353809
v 76.913063 5.527818 -37.560417
v 76.913063 4.304217 -36.305920
v 76.913063 5.575355 -37.545753
v 76.913063 4.320060 -36.258762
v 76.913063 5.622102 -37.528740
v 76.913063 4.338235 -36.212456
v 76.913063 5.667943 -37.509415
v 76.913063 4.358696 -36.167110
v 76.913063 5.712763 -37.487831
v 76.913063 4.381391 -36.122841
v 76.913063 5.756452 -37.464039
v 76.913063 4.406264 -36.079758
v 76.913063 5.798901 -37.438099
v 76.913063 4.433254 -36.037971
v 76.913063 4.462294 -35.997578
v 76.913063 4.493310 -35.958687
v 76.913063 4.526227 -35.921387
v 76.913063 4.560963 -35.885773
v 76.913063 4.597430 -35.851936
v 76.913063 4.635538 -35.819962
v 76.913063 4.675193 -35.789925
v 76.913063 4.716296 -35.761898
v 76.913063 4.758745 -35.735958
v 76.913063 4.802434 -35.712166
v 76.913063 4.847254 -35.690582
v 76.913063 4.893095 -35.671261
v 76.913063 4.939842 -35.654243
v 76.913063 4.987379 -35.639584
v 76.913063 5.035588 -35.627308
v 76.913063 5.084348 -35.617451
v 76.913063 5.133540 -35.610035
v 76.913063 5.183040 -35.605083
v 76.913063 5.232725 -35.602604
v 76.913063 5.282472 -35.602604
v 76.913063 5.332157 -35.605083
v 76.913063 6.021886 -35.958687
v 76.913063 13.400997 -28.912476
v 76.913063 6.052903 -35.997578
v 76.913063 5.988969 -35.921387
v 76.913063 5.954234 -35.885773
v 76.913063 13.018032 -28.519840
v 76.913063 5.917767 -35.851936
v 76.913063 5.879659 -35.819962
v 76.913063 13.803058 -29.285534
v 76.913063 6.081943 -36.037971
v 76.913063 6.108932 -36.079758
v 76.913063 12.655113 -28.108604
v 76.913063 5.840003 -35.789925
v 76.913063 5.798901 -35.761898
v 76.913063 5.756452 -35.735958
v 76.913063 6.156501 -36.167110
v 76.913063 14.223214 -29.638086
v 76.913063 6.176961 -36.212456
v 76.913063 6.133806 -36.122841
v 76.913063 12.313145 -27.679789
v 76.913063 5.712763 -35.712166
v 76.913063 5.667943 -35.690582
v 76.913063 5.622102 -35.671261
v 76.913063 6.210980 -36.305920
v 76.913063 14.660422 -29.969257
v 76.913063 6.224453 -36.353809
v 76.913063 6.195136 -36.258762
v 76.913063 5.575355 -35.654243
v 76.913063 11.992976 -27.234461
v 76.913063 5.527818 -35.639584
v 76.913063 15.113593 -30.278225
v 76.913063 6.235523 -36.402306
v 76.913063 6.244162 -36.451298
v 76.913063 11.695403 -26.773727
v 76.913063 5.479609 -35.627308
v 76.913063 5.430848 -35.617451
v 76.913063 5.381657 -35.610035
v 76.913063 15.581602 -30.564220
v 76.913063 6.250348 -36.500660
v 76.913063 6.254065 -36.550266
v 76.913063 11.421165 -26.298735
v 76.913063 16.063286 -30.826530
v 76.913063 6.255305 -36.599998
v 76.913063 6.254065 -36.649731
v 76.913063 6.250348 -36.699337
v 76.913063 11.170945 -25.810661
v 76.913063 16.557444 -31.064505
v 76.913063 6.244162 -36.748699
v 76.913063 6.235523 -36.797691
v 76.913063 10.945364 -25.310722
v 76.913063 17.062851 -31.277552
v 76.913063 6.224453 -36.846191
v 76.913063 6.210980 -36.894077
v 76.913063 10.744984 -24.800161
v 76.913063 17.578249 -31.465141
v 76.913063 6.195136 -36.941235
v 76.913063 6.176961 -36.987545
v 76.913063 10.570301 -24.280247
v 76.913063 6.156501 -37.032887
v 76.913063 18.102358 -31.626806
v 76.913063 6.133806 -37.077156
v 76.913063 10.421752 -23.752272
v 76.913063 6.108932 -37.120239
v 76.913063 18.633873 -31.762148
v 76.913063 6.081943 -37.162029
v 76.913063 10.299705 -23.217548
v 76.913063 19.171473 -31.870825
v 76.913063 6.052903 -37.202419
v 76.913063 10.204463 -22.677404
v 76.913063 19.713821 -31.952572
v 76.913063 6.021886 -37.241314
v 76.913063 5.988969 -37.278614
v 76.913063 10.136264 -22.133186
v 76.913063 5.954234 -37.314224
v 76.913063 20.259571 -32.007183
v 76.913063 5.917767 -37.348061
v 76.913063 10.095276 -21.586245
v 76.913063 20.807365 -32.034519
v 76.913063 5.879659 -37.380039
v 76.913063 -3.000000 -32.298138
v 76.913063 10.081602 -21.037941
v 76.913063 -2.999994 -7.500000
v 76.913063 10.095276 -20.489635
v 76.913063 10.136264 -19.942694
v 76.913063 10.299705 -18.858332
v 76.913063 0.000000 -7.500000
v 76.913063 10.421752 -18.323608
v 76.913063 10.204463 -19.398476
v 76.913063 10.570301 -17.795633
v 76.913063 10.744984 -17.275719
v 76.913063 10.945364 -16.765158
v 76.913063 4.543414 -5.898762
v 76.913063 4.578228 -5.934456
v 76.913063 4.614779 -5.968370
v 76.913063 4.510421 -5.861377
v 76.913063 4.652976 -6.000421
v 76.913063 4.479333 -5.822393
v 76.913063 4.692722 -6.030527
v 76.913063 4.450227 -5.781909
v 76.913063 4.733919 -6.058615
v 76.913063 4.423174 -5.740024
v 76.913063 4.776465 -6.084614
v 76.913063 4.398244 -5.696843
v 76.913063 4.820255 -6.108461
v 76.913063 4.375496 -5.652473
v 76.913063 4.865178 -6.130095
v 76.913063 4.354989 -5.607024
v 76.913063 4.911124 -6.149463
v 76.913063 4.336773 -5.560609
v 76.913063 4.957979 -6.166516
v 76.913063 4.320892 -5.513344
v 76.913063 5.005625 -6.181213
v 76.913063 21.903633 -32.007183
v 76.913063 36.156452 -37.317593
v 76.913063 21.355841 -32.034519
v 76.913063 22.449383 -31.952572
v 76.913063 36.121552 -37.281815
v 76.913063 36.193092 -37.351589
v 76.913063 4.307388 -5.465346
v 76.913063 36.088478 -37.244339
v 76.913063 36.231380 -37.383720
v 76.913063 5.840003 -37.410076
v 76.913063 36.057316 -37.205261
v 76.913063 22.991732 -31.870825
v 76.913063 36.271221 -37.413898
v 76.913063 5.053945 -6.193517
v 76.913063 36.028137 -37.164677
v 76.913063 23.529333 -31.762148
v 76.913063 36.312519 -37.442055
v 76.913063 36.001022 -37.122692
v 76.913063 4.296293 -5.416735
v 76.913063 35.976028 -37.079407
v 76.913063 24.060848 -31.626806
v 76.913063 5.102817 -6.203397
v 76.913063 35.953228 -37.034927
v 76.913063 4.287634 -5.367631
v 76.913063 5.152122 -6.210828
v 76.913063 11.170945 -16.265219
v 76.913063 35.932671 -36.989368
v 76.913063 24.584955 -31.465141
v 76.913063 4.281435 -5.318157
v 76.913063 35.914410 -36.942841
v 76.913063 5.201735 -6.215793
v 76.913063 35.898491 -36.895462
v 76.913063 25.100353 -31.277552
v 76.913063 4.277709 -5.268435
v 76.913063 5.251534 -6.218278
v 76.913063 35.884953 -36.847347
v 76.913063 4.276465 -5.218589
v 76.913063 35.873833 -36.798618
v 76.913063 25.605761 -31.064505
v 76.913063 5.301396 -6.218278
v 76.913063 11.421165 -15.777146
v 76.913063 4.277709 -5.168743
v 76.913063 35.865154 -36.749397
v 76.913063 5.351195 -6.215793
v 76.913063 26.099920 -30.826530
v 76.913063 35.858936 -36.699802
v 76.913063 4.281435 -5.119021
v 76.913063 5.400809 -6.210828
v 76.913063 11.695403 -15.302153
v 76.913063 35.855202 -36.649960
v 76.913063 4.287634 -5.069547
v 76.913063 5.450113 -6.203397
v 76.913063 35.853958 -36.599991
v 76.913063 4.296293 -5.020443
v 76.913063 35.855202 -36.550026
v 76.913063 26.581602 -30.564220
v 76.913063 5.498986 -6.193517
v 76.913063 11.992976 -14.841419
v 76.913063 4.307388 -4.971832
v 76.913063 35.858936 -36.500183
v 76.913063 5.547306 -6.181213
v 76.913063 4.320892 -4.923834
v 76.913063 35.865154 -36.450588
v 76.913063 27.049612 -30.278225
v 76.913063 5.594952 -6.166516
v 76.913063 35.873833 -36.401367
v 76.913063 5.641806 -6.149463
v 76.913063 12.313145 -14.396091
v 76.913063 35.884953 -36.352638
v 76.913063 5.687752 -6.130095
v 76.913063 35.898491 -36.304523
v 76.913063 27.502783 -29.969257
v 76.913063 5.732676 -6.108461
v 76.913063 12.655113 -13.967277
v 76.913063 35.914410 -36.257141
v 76.913063 5.776465 -6.084614
v 76.913063 36.355167 -37.468117
v 76.913063 36.399063 -37.492020
v 76.913063 36.444096 -37.513706
v 76.913063 36.490154 -37.533123
v 76.913063 36.537121 -37.550217
v 76.913063 36.584885 -37.564949
v 76.913063 36.633320 -37.577282
v 76.913063 36.682312 -37.587189
v 76.913063 36.731735 -37.594635
v 76.913063 36.781467 -37.599613
v 76.913063 36.831390 -37.602104
v 76.913063 36.881371 -37.602104
v 76.913063 36.931290 -37.599613
v 76.913063 42.000000 -42.298161
v 76.913063 36.981026 -37.594635
v 76.913063 37.030449 -37.587189
v 76.913063 37.079441 -37.577282
v 76.913063 37.127876 -37.564949
v 76.913063 37.175640 -37.550217
v 76.913063 37.222607 -37.533123
v 76.913063 35.932671 -36.210617
v 76.913063 27.939991 -29.638086
v 76.913063 37.268665 -37.513706
v 76.913063 5.819012 -6.058615
v 76.913063 35.953228 -36.165058
v 76.913063 37.313698 -37.492020
v 76.913063 5.860209 -6.030527
v 76.913063 13.018032 -13.556040
v 76.913063 35.976028 -36.120579
v 76.913063 37.357594 -37.468117
v 76.913063 5.899955 -6.000421
v 76.913063 36.001022 -36.077293
v 76.913063 28.360147 -29.285534
v 76.913063 37.400242 -37.442055
v 76.913063 5.938151 -5.968370
v 76.913063 36.028137 -36.035305
v 76.913063 4.479333 -4.614785
v 76.913063 0.000000 0.000000
v 76.913063 4.510421 -4.575801
v 76.913063 4.450227 -4.655269
v 76.913063 4.423174 -4.697154
v 76.913063 4.398244 -4.740335
v 76.913063 4.375496 -4.784705
v 76.913063 4.354989 -4.830154
v 76.913063 4.336773 -4.876569
v 76.913063 4.543414 -4.538416
v 76.913063 37.441540 -37.413898
v 76.913063 5.974702 -5.934456
v 76.913063 36.057316 -35.994724
v 76.913063 28.762207 -28.912476
v 76.913063 4.578228 -4.502722
v 76.913063 37.481380 -37.383720
v 76.913063 36.088478 -35.955647
v 76.913063 4.614779 -4.468808
v 76.913063 37.519669 -37.351589
v 76.913063 36.121552 -35.918171
v 76.913063 4.652976 -4.436758
v 76.913063 6.009517 -5.898762
v 76.913063 13.400997 -13.163404
v 76.913063 6.042510 -5.861377
v 76.913063 37.556309 -37.317593
v 76.913063 36.156452 -35.882389
v 76.913063 4.692722 -4.406651
v 76.913063 37.591209 -37.281815
v 76.913063 4.733919 -4.378563
v 76.913063 37.624283 -37.244339
v 76.913063 4.776465 -4.352564
v 76.913063 37.655445 -37.205261
v 76.913063 4.820255 -4.328717
v 76.913063 37.684624 -37.164677
v 76.913063 4.865178 -4.307083
v 76.913063 37.711739 -37.122692
v 76.913063 4.911124 -4.287715
v 76.913063 36.231380 -35.816265
v 76.913063 29.145172 -28.519840
v 76.913063 36.271221 -35.786087
v 76.913063 36.193092 -35.848392
v 76.913063 37.736732 -37.079407
v 76.913063 4.957979 -4.270662
v 76.913063 37.759533 -37.034927
v 76.913063 5.005625 -4.255965
v 76.913063 37.780090 -36.989368
v 76.913063 5.053945 -4.243661
v 76.913063 37.798351 -36.942841
v 76.913063 5.102817 -4.233781
v 76.913063 37.814270 -36.895462
v 76.913063 5.152122 -4.226350
v 76.913063 5.201735 -4.221385
v 76.913063 37.827808 -36.847347
v 76.913063 6.073598 -5.822393
v 76.913063 13.803058 -12.790347
v 76.913063 6.102704 -5.781909
v 76.913063 6.129756 -5.740024
v 76.913063 5.251534 -4.218900
v 76.913063 37.838928 -36.798618
v 76.913063 5.301396 -4.218900
v 76.913063 37.847607 -36.749397
v 76.913063 5.351195 -4.221385
v 76.913063 37.853825 -36.699802
v 76.913063 5.400809 -4.226350
v 76.913063 5.450113 -4.233781
v 76.913063 5.498986 -4.243661
v 76.913063 5.547306 -4.255965
v 76.913063 5.594952 -4.270662
v 76.913063 5.641806 -4.287715
v 76.913063 5.687752 -4.307083
v 76.913063 36.312519 -35.757931
v 76.913063 29.508091 -28.108604
v 76.913063 36.355167 -35.731869
v 76.913063 5.732676 -4.328717
v 76.913063 5.776465 -4.352564
v 76.913063 6.154687 -5.696843
v 76.913063 14.223214 -12.437794
v 76.913063 6.177434 -5.652473
v 76.913063 36.444096 -35.686275
v 76.913063 29.850060 -27.679789
v 76.913063 36.490154 -35.666862
v 76.913063 36.399063 -35.707962
v 76.913063 6.197942 -5.607024
v 76.913063 14.660422 -12.106622
v 76.913063 6.216158 -5.560609
v 76.913063 6.232038 -5.513344
v 76.913063 36.537121 -35.649765
v 76.913063 30.170229 -27.234461
v 76.913063 36.584885 -35.635033
v 76.913063 15.113593 -11.797655
v 76.913063 6.245543 -5.465346
v 76.913063 6.256638 -5.416735
v 76.913063 30.467802 -26.773727
v 76.913063 36.633320 -35.622700
v 76.913063 36.682312 -35.612797
v 76.913063 36.731735 -35.605347
v 76.913063 6.265296 -5.367631
v 76.913063 15.581602 -11.511661
v 76.913063 6.271496 -5.318157
v 76.913063 6.275222 -5.268435
v 76.913063 30.742039 -26.298735
v 76.913063 36.781467 -35.600372
v 76.913063 6.275222 -5.168743
v 76.913063 16.063286 -11.249351
v 76.913063 6.276465 -5.218589
v 76.913063 6.271496 -5.119021
v 76.913063 16.557444 -11.011375
v 76.913063 6.265296 -5.069547
v 76.913063 6.256638 -5.020443
v 76.913063 17.062851 -10.798328
v 76.913063 6.245543 -4.971832
v 76.913063 6.232038 -4.923834
v 76.913063 17.578249 -10.610739
v 76.913063 6.216158 -4.876569
v 76.913063 18.102358 -10.449074
v 76.913063 6.197942 -4.830154
v 76.913063 6.177434 -4.784705
v 76.913063 6.154687 -4.740335
v 76.913063 18.633873 -10.313733
v 76.913063 6.129756 -4.697154
v 76.913063 6.102704 -4.655269
v 76.913063 19.171473 -10.205054
v 76.913063 6.073598 -4.614785
v 76.913063 6.042510 -4.575801
v 76.913063 19.713821 -10.123309
v 76.913063 30.992260 -25.810661
v 76.913063 42.000000 -32.298157
v 76.913063 31.217840 -25.310722
v 76.913063 31.418221 -24.800161
v 76.913063 31.592903 -24.280247
v 76.913063 31.741453 -23.752272
v 76.913063 31.863501 -23.217548
v 76.913063 31.958742 -22.677404
v 76.913063 37.857559 -36.550026
v 76.913063 37.858803 -36.599991
v 76.913063 37.853825 -36.500183
v 76.913063 37.847607 -36.450588
v 76.913063 37.838928 -36.401367
v 76.913063 37.827808 -36.352638
v 76.913063 37.814270 -36.304523
v 76.913063 37.798351 -36.257141
v 76.913063 37.780090 -36.210617
v 76.913063 37.759533 -36.165058
v 76.913063 37.736732 -36.120579
v 76.913063 37.711739 -36.077293
v 76.913063 37.684624 -36.035305
v 76.913063 37.655445 -35.994724
v 76.913063 37.624283 -35.955647
v 76.913063 37.591209 -35.918171
v 76.913063 37.556309 -35.882389
v 76.913063 37.519669 -35.848392
v 76.913063 37.481380 -35.816265
v 76.913063 37.441540 -35.786087
v 76.913063 37.400242 -35.757931
v 76.913063 37.357594 -35.731869
v 76.913063 37.313698 -35.707962
v 76.913063 37.268665 -35.686275
v 76.913063 37.857559 -36.649960
v 76.913063 37.222607 -35.666862
v 76.913063 37.175640 -35.649765
v 76.913063 37.127876 -35.635033
v 76.913063 37.079441 -35.622700
v 76.913063 37.030449 -35.612797
v 76.913063 36.981026 -35.605347
v 76.913063 36.931290 -35.600372
v 76.913063 36.881371 -35.597881
v 76.913063 36.831390 -35.597881
v 76.913063 32.026939 -22.133186
v 76.913063 20.259571 -10.068698
v 76.913063 6.009517 -4.538416
v 76.913063 5.974702 -4.502722
v 76.913063 32.067928 -21.586245
v 76.913063 5.938151 -4.468808
v 76.913063 20.807365 -10.041359
v 76.913063 32.081604 -21.037941
v 76.913063 32.067928 -20.489635
v 76.913063 28.762207 -13.163404
v 76.913063 36.066948 -5.948574
v 76.913063 36.101761 -5.984268
v 76.913063 36.138313 -6.018182
v 76.913063 29.145172 -13.556040
v 76.913063 28.360147 -12.790347
v 76.913063 36.033955 -5.911189
v 76.913063 36.176510 -6.050232
v 76.913063 36.002869 -5.872205
v 76.913063 36.216255 -6.080339
v 76.913063 29.508091 -13.967277
v 76.913063 35.973759 -5.831721
v 76.913063 36.257454 -6.108427
v 76.913063 27.939991 -12.437794
v 76.913063 35.946709 -5.789836
v 76.913063 36.299999 -6.134427
v 76.913063 35.921780 -5.746655
v 76.913063 36.343788 -6.158273
v 76.913063 29.850060 -14.396091
v 76.913063 27.502783 -12.106622
v 76.913063 35.899029 -5.702285
v 76.913063 36.388714 -6.179907
v 76.913063 35.878525 -5.656836
v 76.913063 36.434658 -6.199275
v 76.913063 30.170229 -14.841419
v 76.913063 35.860306 -5.610421
v 76.913063 36.481514 -6.216329
v 76.913063 27.049612 -11.797655
v 76.913063 35.844425 -5.563156
v 76.913063 36.529160 -6.231025
v 76.913063 35.830921 -5.515159
v 76.913063 36.577477 -6.243329
v 76.913063 30.467802 -15.302153
v 76.913063 26.581602 -11.511661
v 76.913063 35.819828 -5.466547
v 76.913063 36.626350 -6.253209
v 76.913063 35.811169 -5.417443
v 76.913063 36.675655 -6.260640
v 76.913063 30.742039 -15.777146
v 76.913063 35.804970 -5.367969
v 76.913063 36.725269 -6.265605
v 76.913063 26.099920 -11.249351
v 76.913063 35.801243 -5.318247
v 76.913063 36.775070 -6.268090
v 76.913063 35.799999 -5.268401
v 76.913063 36.824928 -6.268090
v 76.913063 30.992260 -16.265219
v 76.913063 25.605761 -11.011375
v 76.913063 35.801243 -5.218555
v 76.913063 36.874729 -6.265605
v 76.913063 35.804970 -5.168833
v 76.913063 36.924343 -6.260640
v 76.913063 31.217840 -16.765158
v 76.913063 25.100353 -10.798328
v 76.913063 35.811169 -5.119359
v 76.913063 35.819828 -5.070255
v 76.913063 24.584955 -10.610739
v 76.913063 35.830921 -5.021644
v 76.913063 35.844425 -4.973646
v 76.913063 24.060848 -10.449074
v 76.913063 35.860306 -4.926381
v 76.913063 35.878525 -4.879966
v 76.913063 23.529333 -10.313733
v 76.913063 35.899029 -4.834517
v 76.913063 35.921780 -4.790147
v 76.913063 22.991732 -10.205054
v 76.913063 35.946709 -4.746966
v 76.913063 35.973759 -4.705081
v 76.913063 22.449383 -10.123309
v 76.913063 36.002869 -4.664597
v 76.913063 21.903633 -10.068698
v 76.913063 36.033955 -4.625613
v 76.913063 36.066948 -4.588228
v 76.913063 36.101761 -4.552534
v 76.913063 21.355841 -10.041359
v 76.913063 36.138313 -4.518620
v 76.913063 5.899955 -4.436758
v 76.913063 36.176510 -4.486569
v 76.913063 5.860209 -4.406651
v 76.913063 36.216255 -4.456463
v 76.913063 5.819012 -4.378563
v 76.913063 36.257454 -4.428375
v 76.913063 37.118484 -6.216329
v 76.913063 42.000000 -7.500000
v 76.913063 37.070839 -6.231025
v 76.913063 37.165340 -6.199275
v 76.913063 37.798756 -5.218555
v 76.913063 37.799999 -5.268401
v 76.913063 37.211285 -6.179907
v 76.913063 37.795029 -5.168833
v 76.913063 37.256210 -6.158273
v 76.913063 37.788830 -5.119359
v 76.913063 37.299999 -6.134427
v 76.913063 37.780170 -5.070255
v 76.913063 37.342545 -6.108427
v 76.913063 37.769077 -5.021644
v 76.913063 37.383743 -6.080339
v 76.913063 37.755573 -4.973646
v 76.913063 37.423489 -6.050232
v 76.913063 37.461685 -6.018182
v 76.913063 37.498238 -5.984268
v 76.913063 37.533051 -5.948574
v 76.913063 37.566044 -5.911189
v 76.913063 37.597134 -5.872205
v 76.913063 37.626240 -5.831721
v 76.913063 37.653290 -5.789836
v 76.913063 37.678223 -5.746655
v 76.913063 37.700970 -5.702285
v 76.913063 37.721474 -5.656836
v 76.913063 37.739693 -5.610421
v 76.913063 37.755573 -5.563156
v 76.913063 37.769077 -5.515159
v 76.913063 37.780170 -5.466547
v 76.913063 37.788830 -5.417443
v 76.913063 37.795029 -5.367969
v 76.913063 37.798756 -5.318247
v 76.913063 31.958742 -19.398476
v 76.913063 32.026939 -19.942694
v 76.913063 31.863501 -18.858332
v 76.913063 31.741453 -18.323608
v 76.913063 31.592903 -17.795633
v 76.913063 31.418221 -17.275719
v 76.913063 36.973648 -6.253209
v 76.913063 37.022522 -6.243329
v 76.913063 37.739693 -4.926381
v 76.913063 42.000000 0.000000
v 76.913063 37.721474 -4.879966
v 76.913063 37.700970 -4.834517
v 76.913063 37.678223 -4.790147
v 76.913063 37.653290 -4.746966
v 76.913063 37.626240 -4.705081
v 76.913063 37.597134 -4.664597
v 76.913063 37.566044 -4.625613
v 76.913063 37.533051 -4.588228
v 76.913063 37.498238 -4.552534
v 76.913063 37.461685 -4.518620
v 76.913063 37.423489 -4.486569
v 76.913063 37.383743 -4.456463
v 76.913063 37.342545 -4.428375
v 76.913063 37.299999 -4.402376
v 76.913063 37.256210 -4.378529
v 76.913063 37.211285 -4.356895
v 76.913063 37.165340 -4.337527
v 76.913063 37.118484 -4.320474
v 76.913063 37.070839 -4.305777
v 76.913063 37.022522 -4.293473
v 76.913063 36.973648 -4.283593
v 76.913063 36.924343 -4.276162
v 76.913063 36.874729 -4.271197
v 76.913063 36.824928 -4.268712
v 76.913063 36.775070 -4.268712
v 76.913063 36.725269 -4.271197
v 76.913063 36.675655 -4.276162
v 76.913063 36.626350 -4.283593
v 76.913063 36.577477 -4.293473
v 76.913063 36.529160 -4.305777
v 76.913063 36.481514 -4.320474
v 76.913063 36.434658 -4.337527
v 76.913063 36.388714 -4.356895
v 76.913063 36.343788 -4.378529
v 76.913063 36.299999 -4.402376
v 32.730129 42.000000 -7.632146
v 32.710258 45.000004 -7.632146
v 32.710258 42.000000 -7.616554
v 32.707039 42.000000 -7.614028
v 45.380745 42.000000 -7.614028
v -80.086952 37.858810 -36.600033
v -80.086952 37.857567 -36.550068
v -80.086952 37.853832 -36.500225
v -80.086952 37.847614 -36.450630
v -80.086952 37.838936 -36.401409
v -80.086952 37.827812 -36.352680
v -80.086952 37.814278 -36.304565
v -80.086952 37.798359 -36.257183
v -80.086952 37.780098 -36.210659
v -80.086952 37.759541 -36.165100
v -80.086952 37.736736 -36.120621
v -80.086952 37.711746 -36.077335
v -80.086952 37.684628 -36.035347
v -80.086952 37.655453 -35.994766
v -80.086952 37.624290 -35.955688
v -80.086952 37.591217 -35.918213
v -80.086952 37.556316 -35.882431
v -80.086952 37.519676 -35.848434
v -80.086952 37.481388 -35.816307
v -80.086952 37.441547 -35.786129
v -80.086952 37.400249 -35.757973
v -80.086952 37.357601 -35.731911
v -80.086952 37.313705 -35.708004
v -80.086952 37.268673 -35.686317
v -80.086952 37.222614 -35.666904
v -80.086952 37.175648 -35.649807
v -80.086952 37.127884 -35.635075
v -80.086952 37.079449 -35.622742
v -80.086952 37.030457 -35.612839
v -80.086952 36.981033 -35.605389
v -80.086952 36.931297 -35.600414
v -80.086952 36.881378 -35.597923
v -80.086952 36.831398 -35.597923
v -80.086952 36.781475 -35.600414
v -80.086952 36.731743 -35.605389
v -80.086952 36.682320 -35.612839
v -80.086952 36.633327 -35.622742
v -80.086952 36.584892 -35.635075
v -80.086952 36.537128 -35.649807
v -80.086952 36.490162 -35.666904
v -80.086952 36.444103 -35.686317
v -80.086952 36.399071 -35.708004
v -80.086952 36.355175 -35.731911
v -80.086952 36.312527 -35.757973
v -80.086952 36.271229 -35.786129
v -80.086952 36.231388 -35.816307
v -80.086952 36.193096 -35.848434
v -80.086952 36.156460 -35.882431
v -80.086952 36.121559 -35.918213
v -80.086952 36.088486 -35.955688
v -80.086952 36.057323 -35.994766
v -80.086952 36.028145 -36.035347
v -80.086952 36.001030 -36.077335
v -80.086952 35.976036 -36.120621
v -80.086952 35.953236 -36.165100
v -80.086952 35.932678 -36.210659
v -80.086952 35.914417 -36.257183
v -80.086952 35.898499 -36.304565
v -80.086952 35.884960 -36.352680
v -80.086952 35.873840 -36.401409
v -80.086952 35.865158 -36.450630
v -80.086952 35.858944 -36.500225
v -80.086952 35.855209 -36.550068
v -80.086952 35.853962 -36.600033
v -80.086952 35.855209 -36.650002
v -80.086952 35.858944 -36.699844
v -80.086952 35.865158 -36.749439
v -80.086952 35.873840 -36.798660
v -80.086952 35.884960 -36.847389
v -80.086952 35.898499 -36.895504
v -80.086952 35.914417 -36.942883
v -80.086952 35.932678 -36.989410
v -80.086952 35.953236 -37.034969
v -80.086952 35.976036 -37.079449
v -80.086952 36.001030 -37.122734
v -80.086952 36.028145 -37.164719
v -80.086952 36.057323 -37.205303
v -80.086952 36.088486 -37.244381
v -80.086952 36.121559 -37.281857
v -80.086952 36.156460 -37.317635
v -80.086952 36.193096 -37.351631
v -80.086952 36.231388 -37.383762
v -80.086952 36.271229 -37.413940
v -80.086952 36.312527 -37.442097
v -80.086952 36.355175 -37.468159
v -80.086952 36.399071 -37.492062
v -80.086952 36.444103 -37.513748
v -80.086952 36.490162 -37.533165
v -80.086952 36.537128 -37.550259
v -80.086952 36.584892 -37.564991
v -80.086952 36.633327 -37.577324
v -80.086952 36.682320 -37.587231
v -80.086952 36.731743 -37.594677
v -80.086952 36.781475 -37.599655
v -80.086952 36.831398 -37.602146
v -80.086952 36.881378 -37.602146
v -80.086952 36.931297 -37.599655
v -80.086952 36.981033 -37.594677
v -80.086952 37.030457 -37.587231
v -80.086952 37.079449 -37.577324
v -80.086952 37.127884 -37.564991
v -80.086952 37.175648 -37.550259
v -80.086952 37.222614 -37.533165
v -80.086952 37.268673 -37.513748
v -80.086952 37.313705 -37.492062
v -80.086952 37.357601 -37.468159
v -80.086952 37.400249 -37.442097
v -80.086952 37.441547 -37.413940
v -80.086952 37.481388 -37.383762
v -80.086952 37.519676 -37.351631
v -80.086952 37.556316 -37.317635
v -80.086952 37.591217 -37.281857
v -80.086952 37.624290 -37.244381
v -80.086952 37.655453 -37.205303
v -80.086952 37.684628 -37.164719
v -80.086952 37.711746 -37.122734
v -80.086952 37.736736 -37.079449
v -80.086952 37.759541 -37.034969
v -80.086952 37.780098 -36.989410
v -80.086952 37.798359 -36.942883
v -80.086952 37.814278 -36.895504
v -80.086952 37.827812 -36.847389
v -80.086952 37.838936 -36.798660
v -80.086952 37.847614 -36.749439
v -80.086952 37.853832 -36.699844
v -80.086952 37.857567 -36.650002
v -80.086952 32.081608 -21.037981
v -80.086952 32.067936 -20.489677
v -80.086952 32.026947 -19.942736
v -80.086952 31.958748 -19.398518
v -80.086952 31.863506 -18.858374
v -80.086952 31.741459 -18.323650
v -80.086952 31.592911 -17.795675
v -80.086952 31.418228 -17.275761
v -80.086952 31.217848 -16.765200
v -80.086952 30.992268 -16.265261
v -80.086952 30.742046 -15.777188
v -80.086952 30.467810 -15.302195
v -80.086952 30.170237 -14.841461
v -80.086952 29.850067 -14.396133
v -80.086952 29.508099 -13.967319
v -80.086952 29.145180 -13.556082
v -80.086952 28.762215 -13.163446
v -80.086952 28.360153 -12.790389
v -80.086952 27.939997 -12.437836
v -80.086952 27.502790 -12.106664
v -80.086952 27.049618 -11.797697
v -80.086952 26.581610 -11.511703
v -80.086952 26.099926 -11.249392
v -80.086952 25.605768 -11.011417
v -80.086952 25.100361 -10.798370
v -80.086952 24.584963 -10.610781
v -80.086952 24.060854 -10.449115
v -80.086952 23.529341 -10.313775
v -80.086952 22.991739 -10.205096
v -80.086952 22.449390 -10.123350
v -80.086952 21.903641 -10.068740
v -80.086952 21.355846 -10.041401
v -80.086952 20.807371 -10.041401
v -80.086952 20.259579 -10.068740
v -80.086952 19.713829 -10.123350
v -80.086952 19.171480 -10.205096
v -80.086952 18.633879 -10.313775
v -80.086952 18.102364 -10.449115
v -80.086952 17.578257 -10.610781
v -80.086952 17.062859 -10.798370
v -80.086952 16.557451 -11.011417
v -80.086952 16.063292 -11.249392
v -80.086952 15.581610 -11.511703
v -80.086952 15.113601 -11.797697
v -80.086952 14.660429 -12.106664
v -80.086952 14.223222 -12.437836
v -80.086952 13.803065 -12.790389
v -80.086952 13.401005 -13.163446
v -80.086952 13.018039 -13.556082
v -80.086952 12.655121 -13.967319
v -80.086952 12.313152 -14.396133
v -80.086952 11.992983 -14.841461
v -80.086952 11.695410 -15.302195
v -80.086952 11.421172 -15.777188
v -80.086952 11.170952 -16.265261
v -80.086952 10.945372 -16.765200
v -80.086952 10.744990 -17.275761
v -80.086952 10.570309 -17.795675
v -80.086952 10.421760 -18.323650
v -80.086952 10.299712 -18.858374
v -80.086952 10.204471 -19.398518
v -80.086952 10.136271 -19.942736
v -80.086952 10.095284 -20.489677
v -80.086952 10.081610 -21.037981
v -80.086952 10.095284 -21.586287
v -80.086952 10.136271 -22.133228
v -80.086952 10.204471 -22.677446
v -80.086952 10.299712 -23.217590
v -80.086952 10.421760 -23.752314
v -80.086952 10.570309 -24.280289
v -80.086952 10.744990 -24.800203
v -80.086952 10.945372 -25.310764
v -80.086952 11.170952 -25.810703
v -80.086952 11.421172 -26.298775
v -80.086952 11.695410 -26.773769
v -80.086952 11.992983 -27.234503
v -80.086952 12.313152 -27.679831
v -80.086952 12.655121 -28.108646
v -80.086952 13.018039 -28.519882
v -80.086952 13.401005 -28.912518
v -80.086952 13.803065 -29.285576
v -80.086952 14.223222 -29.638128
v -80.086952 14.660429 -29.969299
v -80.086952 15.113601 -30.278267
v -80.086952 15.581610 -30.564260
v -80.086952 16.063292 -30.826572
v -80.086952 16.557451 -31.064547
v -80.086952 17.062859 -31.277594
v -80.086952 17.578257 -31.465183
v -80.086952 18.102364 -31.626848
v -80.086952 18.633879 -31.762188
v -80.086952 19.171480 -31.870867
v -80.086952 19.713829 -31.952614
v -80.086952 20.259579 -32.007225
v -80.086952 20.807371 -32.034561
v -80.086952 21.355846 -32.034561
v -80.086952 21.903641 -32.007225
v -80.086952 22.449390 -31.952614
v -80.086952 22.991739 -31.870867
v -80.086952 23.529341 -31.762188
v -80.086952 24.060854 -31.626848
v -80.086952 24.584963 -31.465183
v -80.086952 25.100361 -31.277594
v -80.086952 25.605768 -31.064547
v -80.086952 26.099926 -30.826572
v -80.086952 26.581610 -30.564260
v -80.086952 27.049618 -30.278267
v -80.086952 27.502790 -29.969299
v -80.086952 27.939997 -29.638128
v -80.086952 28.360153 -29.285576
v -80.086952 28.762215 -28.912518
v -80.086952 29.145180 -28.519882
v -80.086952 29.508099 -28.108646
v -80.086952 29.850067 -27.679831
v -80.086952 30.170237 -27.234503
v -80.086952 30.467810 -26.773769
v -80.086952 30.742046 -26.298775
v -80.086952 30.992268 -25.810703
v -80.086952 31.217848 -25.310764
v -80.086952 31.418228 -24.800203
v -80.086952 31.592911 -24.280289
v -80.086952 31.741459 -23.752314
v -80.086952 31.863506 -23.217590
v -80.086952 31.958748 -22.677446
v -80.086952 32.026947 -22.133228
v -80.086952 32.067936 -21.586287
v -80.086952 6.255312 -36.600040
v -80.086952 6.254072 -36.550308
v -80.086952 6.250355 -36.500702
v -80.086952 6.244169 -36.451340
v -80.086952 6.235530 -36.402348
v -80.086952 6.224461 -36.353848
v -80.086952 6.210987 -36.305962
v -80.086952 6.195144 -36.258804
v -80.086952 6.176969 -36.212498
v -80.086952 6.156508 -36.167152
v -80.086952 6.133813 -36.122883
v -80.086952 6.108940 -36.079800
v -80.086952 6.081950 -36.038013
v -80.086952 6.052910 -35.997620
v -80.086952 6.021894 -35.958729
v -80.086952 5.988976 -35.921429
v -80.086952 5.954241 -35.885815
v -80.086952 5.917774 -35.851978
v -80.086952 5.879666 -35.820004
v -80.086952 5.840011 -35.789963
v -80.086952 5.798908 -35.761940
v -80.086952 5.756459 -35.736000
v -80.086952 5.712770 -35.712208
v -80.086952 5.667950 -35.690624
v -80.086952 5.622109 -35.671303
v -80.086952 5.575362 -35.654285
v -80.086952 5.527825 -35.639626
v -80.086952 5.479616 -35.627350
v -80.086952 5.430856 -35.617493
v -80.086952 5.381664 -35.610077
v -80.086952 5.332164 -35.605125
v -80.086952 5.282479 -35.602646
v -80.086952 5.232732 -35.602646
v -80.086952 5.183047 -35.605125
v -80.086952 5.133547 -35.610077
v -80.086952 5.084356 -35.617493
v -80.086952 5.035595 -35.627350
v -80.086952 4.987386 -35.639626
v -80.086952 4.939849 -35.654285
v -80.086952 4.893102 -35.671303
v -80.086952 4.847261 -35.690624
v -80.086952 4.802441 -35.712208
v -80.086952 4.758752 -35.736000
v -80.086952 4.716303 -35.761940
v -80.086952 4.675200 -35.789963
v -80.086952 4.635546 -35.820004
v -80.086952 4.597437 -35.851978
v -80.086952 4.560970 -35.885815
v -80.086952 4.526235 -35.921429
v -80.086952 4.493318 -35.958729
v -80.086952 4.462301 -35.997620
v -80.086952 4.433261 -36.038013
v -80.086952 4.406271 -36.079800
v -80.086952 4.381398 -36.122883
v -80.086952 4.358703 -36.167152
v -80.086952 4.338243 -36.212498
v -80.086952 4.320068 -36.258804
v -80.086952 4.304224 -36.305962
v -80.086952 4.290751 -36.353848
v -80.086952 4.279681 -36.402348
v -80.086952 4.271042 -36.451340
v -80.086952 4.264856 -36.500702
v -80.086952 4.261139 -36.550308
v -80.086952 4.259899 -36.600040
v -80.086952 4.261139 -36.649773
v -80.086952 4.264856 -36.699379
v -80.086952 4.271042 -36.748741
v -80.086952 4.279681 -36.797733
v -80.086952 4.290751 -36.846233
v -80.086952 4.304224 -36.894119
v -80.086952 4.320068 -36.941277
v -80.086952 4.338243 -36.987583
v -80.086952 4.358703 -37.032928
v -80.086952 4.381398 -37.077198
v -80.086952 4.406271 -37.120281
v -80.086952 4.433261 -37.162067
v -80.086952 4.462301 -37.202461
v -80.086952 4.493318 -37.241356
v -80.086952 4.526235 -37.278652
v -80.086952 4.560970 -37.314266
v -80.086952 4.597437 -37.348103
v -80.086952 4.635546 -37.380081
v -80.086952 4.675200 -37.410118
v -80.086952 4.716303 -37.438141
v -80.086952 4.758752 -37.464081
v -80.086952 4.802441 -37.487873
v -80.086952 4.847261 -37.509457
v -80.086952 4.893102 -37.528782
v -80.086952 4.939849 -37.545795
v -80.086952 4.987386 -37.560459
v -80.086952 5.035595 -37.572735
v -80.086952 5.084356 -37.582592
v -80.086952 5.133547 -37.590004
v -80.086952 5.183047 -37.594959
v -80.086952 5.232732 -37.597439
v -80.086952 5.282479 -37.597439
v -80.086952 5.332164 -37.594959
v -80.086952 5.381664 -37.590004
v -80.086952 5.430856 -37.582592
v -80.086952 5.479616 -37.572735
v -80.086952 5.527825 -37.560459
v -80.086952 5.575362 -37.545795
v -80.086952 5.622109 -37.528782
v -80.086952 5.667950 -37.509457
v -80.086952 5.712770 -37.487873
v -80.086952 5.756459 -37.464081
v -80.086952 5.798908 -37.438141
v -80.086952 5.840011 -37.410118
v -80.086952 5.879666 -37.380081
v -80.086952 5.917774 -37.348103
v -80.086952 5.954241 -37.314266
v -80.086952 5.988976 -37.278652
v -80.086952 6.021894 -37.241356
v -80.086952 6.052910 -37.202461
v -80.086952 6.081950 -37.162067
v -80.086952 6.108940 -37.120281
v -80.086952 6.133813 -37.077198
v -80.086952 6.156508 -37.032928
v -80.086952 6.176969 -36.987583
v -80.086952 6.195144 -36.941277
v -80.086952 6.210987 -36.894119
v -80.086952 6.224461 -36.846233
v -80.086952 6.235530 -36.797733
v -80.086952 6.244169 -36.748741
v -80.086952 6.250355 -36.699379
v -80.086952 6.254072 -36.649773
v -80.086952 37.800007 -5.268443
v -80.086952 37.798763 -5.218597
v -80.086952 37.795036 -5.168875
v -80.086952 37.788837 -5.119401
v -80.086952 37.780178 -5.070297
v -80.086952 37.769085 -5.021686
v -80.086952 37.755581 -4.973688
v -80.086952 37.739700 -4.926423
v -80.086952 37.721481 -4.880008
v -80.086952 37.700977 -4.834559
v -80.086952 37.678226 -4.790189
v -80.086952 37.653297 -4.747008
v -80.086952 37.626244 -4.705123
v -80.086952 37.597137 -4.664639
v -80.086952 37.566051 -4.625655
v -80.086952 37.533058 -4.588270
v -80.086952 37.498245 -4.552576
v -80.086952 37.461693 -4.518661
v -80.086952 37.423496 -4.486611
v -80.086952 37.383751 -4.456505
v -80.086952 37.342552 -4.428417
v -80.086952 37.300007 -4.402418
v -80.086952 37.256218 -4.378571
v -80.086952 37.211292 -4.356937
v -80.086952 37.165348 -4.337569
v -80.086952 37.118492 -4.320516
v -80.086952 37.070847 -4.305819
v -80.086952 37.022526 -4.293515
v -80.086952 36.973656 -4.283635
v -80.086952 36.924351 -4.276204
v -80.086952 36.874737 -4.271239
v -80.086952 36.824936 -4.268754
v -80.086952 36.775078 -4.268754
v -80.086952 36.725277 -4.271239
v -80.086952 36.675663 -4.276204
v -80.086952 36.626358 -4.283635
v -80.086952 36.577484 -4.293515
v -80.086952 36.529167 -4.305819
v -80.086952 36.481522 -4.320516
v -80.086952 36.434666 -4.337569
v -80.086952 36.388718 -4.356937
v -80.086952 36.343796 -4.378571
v -80.086952 36.300007 -4.402418
v -80.086952 36.257462 -4.428417
v -80.086952 36.216263 -4.456505
v -80.086952 36.176517 -4.486611
v -80.086952 36.138321 -4.518661
v -80.086952 36.101768 -4.552576
v -80.086952 36.066956 -4.588270
v -80.086952 36.033962 -4.625655
v -80.086952 36.002872 -4.664639
v -80.086952 35.973766 -4.705123
v -80.086952 35.946716 -4.747008
v -80.086952 35.921783 -4.790189
v -80.086952 35.899036 -4.834559
v -80.086952 35.878529 -4.880008
v -80.086952 35.860313 -4.926423
v -80.086952 35.844433 -4.973688
v -80.086952 35.830929 -5.021686
v -80.086952 35.819836 -5.070297
v -80.086952 35.811176 -5.119401
v -80.086952 35.804977 -5.168875
v -80.086952 35.801250 -5.218597
v -80.086952 35.800007 -5.268443
v -80.086952 35.801250 -5.318289
v -80.086952 35.804977 -5.368011
v -80.086952 35.811176 -5.417485
v -80.086952 35.819836 -5.466589
v -80.086952 35.830929 -5.515200
v -80.086952 35.844433 -5.563198
v -80.086952 35.860313 -5.610463
v -80.086952 35.878529 -5.656878
v -80.086952 35.899036 -5.702327
v -80.086952 35.921783 -5.746697
v -80.086952 35.946716 -5.789878
v -80.086952 35.973766 -5.831763
v -80.086952 36.002872 -5.872247
v -80.086952 36.033962 -5.911231
v -80.086952 36.066956 -5.948616
v -80.086952 36.101768 -5.984310
v -80.086952 36.138321 -6.018224
v -80.086952 36.176517 -6.050274
v -80.086952 36.216263 -6.080381
v -80.086952 36.257462 -6.108469
v -80.086952 36.300007 -6.134468
v -80.086952 36.343796 -6.158315
v -80.086952 36.388718 -6.179949
v -80.086952 36.434666 -6.199317
v -80.086952 36.481522 -6.216370
v -80.086952 36.529167 -6.231067
v -80.086952 36.577484 -6.243371
v -80.086952 36.626358 -6.253251
v -80.086952 36.675663 -6.260682
v -80.086952 36.725277 -6.265646
v -80.086952 36.775078 -6.268132
v -80.086952 36.824936 -6.268132
v -80.086952 36.874737 -6.265646
v -80.086952 36.924351 -6.260682
v -80.086952 36.973656 -6.253251
v -80.086952 37.022526 -6.243371
v -80.086952 37.070847 -6.231067
v -80.086952 37.118492 -6.216370
v -80.086952 37.165348 -6.199317
v -80.086952 37.211292 -6.179949
v -80.086952 37.256218 -6.158315
v -80.086952 37.300007 -6.134468
v -80.086952 37.342552 -6.108469
v -80.086952 37.383751 -6.080381
v -80.086952 37.423496 -6.050274
v -80.086952 37.461693 -6.018224
v -80.086952 37.498245 -5.984310
v -80.086952 37.533058 -5.948616
v -80.086952 37.566051 -5.911231
v -80.086952 37.597137 -5.872247
v -80.086952 37.626244 -5.831763
v -80.086952 37.653297 -5.789878
v -80.086952 37.678226 -5.746697
v -80.086952 37.700977 -5.702327
v -80.086952 37.721481 -5.656878
v -80.086952 37.739700 -5.610463
v -80.086952 37.755581 -5.563198
v -80.086952 37.769085 -5.515200
v -80.086952 37.780178 -5.466589
v -80.086952 37.788837 -5.417485
v -80.086952 37.795036 -5.368011
v -80.086952 37.798763 -5.318289
v -80.086952 6.276473 -5.218631
v -80.086952 6.275229 -5.168785
v -80.086952 6.271503 -5.119063
v -80.086952 6.265304 -5.069589
v -80.086952 6.256645 -5.020485
v -80.086952 6.245550 -4.971873
v -80.086952 6.232046 -4.923876
v -80.086952 6.216165 -4.876611
v -80.086952 6.197949 -4.830196
v -80.086952 6.177442 -4.784747
v -80.086952 6.154694 -4.740377
v -80.086952 6.129764 -4.697196
v -80.086952 6.102711 -4.655311
v -80.086952 6.073605 -4.614827
v -80.086952 6.042517 -4.575843
v -80.086952 6.009524 -4.538458
v -80.086952 5.974710 -4.502764
v -80.086952 5.938159 -4.468850
v -80.086952 5.899962 -4.436800
v -80.086952 5.860216 -4.406693
v -80.086952 5.819019 -4.378605
v -80.086952 5.776473 -4.352605
v -80.086952 5.732683 -4.328759
v -80.086952 5.687760 -4.307125
v -80.086952 5.641814 -4.287757
v -80.086952 5.594959 -4.270703
v -80.086952 5.547313 -4.256007
v -80.086952 5.498993 -4.243703
v -80.086952 5.450121 -4.233823
v -80.086952 5.400816 -4.226392
v -80.086952 5.351203 -4.221427
v -80.086952 5.301404 -4.218942
v -80.086952 5.251542 -4.218942
v -80.086952 5.201743 -4.221427
v -80.086952 5.152129 -4.226392
v -80.086952 5.102825 -4.233823
v -80.086952 5.053952 -4.243703
v -80.086952 5.005632 -4.256007
v -80.086952 4.957986 -4.270703
v -80.086952 4.911132 -4.287757
v -80.086952 4.865186 -4.307125
v -80.086952 4.820262 -4.328759
v -80.086952 4.776473 -4.352605
v -80.086952 4.733926 -4.378605
v -80.086952 4.692729 -4.406693
v -80.086952 4.652983 -4.436800
v -80.086952 4.614787 -4.468850
v -80.086952 4.578236 -4.502764
v -80.086952 4.543421 -4.538458
v -80.086952 4.510428 -4.575843
v -80.086952 4.479340 -4.614827
v -80.086952 4.450234 -4.655311
v -80.086952 4.423182 -4.697196
v -80.086952 4.398251 -4.740377
v -80.086952 4.375504 -4.784747
v -80.086952 4.354996 -4.830196
v -80.086952 4.336780 -4.876611
v -80.086952 4.320900 -4.923876
v -80.086952 4.307395 -4.971873
v -80.086952 4.296300 -5.020485
v -80.086952 4.287642 -5.069589
v -80.086952 4.281442 -5.119063
v -80.086952 4.277716 -5.168785
v -80.086952 4.276473 -5.218631
v -80.086952 4.277716 -5.268477
v -80.086952 4.281442 -5.318199
v -80.086952 4.287642 -5.367673
v -80.086952 4.296300 -5.416777
v -80.086952 4.307395 -5.465388
v -80.086952 4.320900 -5.513386
v -80.086952 4.336780 -5.560651
v -80.086952 4.354996 -5.607066
v -80.086952 4.375504 -5.652514
v -80.086952 4.398251 -5.696885
v -80.086952 4.423182 -5.740066
v -80.086952 4.450234 -5.781951
v -80.086952 4.479340 -5.822435
v -80.086952 4.510428 -5.861418
v -80.086952 4.543421 -5.898804
v -80.086952 4.578236 -5.934498
v -80.086952 4.614787 -5.968412
v -80.086952 4.652983 -6.000463
v -80.086952 4.692729 -6.030569
v -80.086952 4.733926 -6.058657
v -80.086952 4.776473 -6.084656
v -80.086952 4.820262 -6.108503
v -80.086952 4.865186 -6.130136
v -80.086952 4.911132 -6.149505
v -80.086952 4.957986 -6.166558
v -80.086952 5.005632 -6.181255
v -80.086952 5.053952 -6.193559
v -80.086952 5.102825 -6.203439
v -80.086952 5.152129 -6.210870
v -80.086952 5.201743 -6.215835
v -80.086952 5.251542 -6.218320
v -80.086952 5.301404 -6.218320
v -80.086952 5.351203 -6.215835
v -80.086952 5.400816 -6.210870
v -80.086952 5.450121 -6.203439
v -80.086952 5.498993 -6.193559
v -80.086952 5.547313 -6.181255
v -80.086952 5.594959 -6.166558
v -80.086952 5.641814 -6.149505
v -80.086952 5.687760 -6.130136
v -80.086952 5.732683 -6.108503
v -80.086952 5.776473 -6.084656
v -80.086952 5.819019 -6.058657
v -80.086952 5.860216 -6.030569
v -80.086952 5.899962 -6.000463
v -80.086952 5.938159 -5.968412
v -80.086952 5.974710 -5.934498
v -80.086952 6.009524 -5.898804
v -80.086952 6.042517 -5.861418
v -80.086952 6.073605 -5.822435
v -80.086952 6.102711 -5.781951
v -80.086952 6.129764 -5.740066
v -80.086952 6.154694 -5.696885
v -80.086952 6.177442 -5.652514
v -80.086952 6.197949 -5.607066
v -80.086952 6.216165 -5.560651
v -80.086952 6.232046 -5.513386
v -80.086952 6.245550 -5.465388
v -80.086952 6.256645 -5.416777
v -80.086952 6.265304 -5.367673
v -80.086952 6.271503 -5.318199
v -80.086952 6.275229 -5.268477
v -45.716160 0.000008 -7.499979
v -45.716160 -2.999992 -7.499981
v -77.084595 0.000000 -32.298134
v -77.084587 -3.000000 -32.298134
v -80.086960 -2.999988 -7.500000
v 45.380756 -3.000000 -7.614028
v 32.710232 -2.999988 -7.500000
v 32.710232 -2.999994 -7.614028
v 45.383343 -2.999988 -7.500000
v 45.383343 -2.999994 -7.616053
v -32.974945 -2.999992 -7.499981
v -80.086960 0.000000 0.000000
v -80.086960 0.000000 -7.500000
v -77.086952 -3.000000 -42.299999
v 45.383343 0.000006 -7.500000
v 64.167740 0.000002 -32.298134
v -64.408722 0.000000 -32.298134
v 45.383343 0.000006 -7.616053
v 32.710258 42.000004 -7.632146
v -32.974945 0.000008 -7.499979
v 32.710232 0.000006 -7.500000
v -64.408722 -3.000000 -32.298134
v 32.710232 0.000006 -7.614028
v 45.380756 0.000000 -7.614028
v 64.167740 -2.999998 -32.298134
v 32.707047 -3.000000 -7.614028
v 32.707047 0.000000 -7.614028
v 32.710232 0.000006 -7.616525
v -80.086952 -3.000000 -42.299999
v 76.913063 -3.000000 -42.298138
v -38.057556 190.000000 -7.500000
v -38.057556 190.000000 0.000000
v -35.057556 190.000000 -7.500000
v -35.057556 190.000000 0.000000
v -38.057556 45.000004 3.000000
v -38.057556 190.000000 3.000000
v -38.057556 45.000000 -7.500000
v -35.057556 45.000000 -7.500000
v -35.057556 45.000000 0.000000
v 37.942444 190.000000 0.000000
v 34.942444 190.000015 0.000000
v 37.942444 190.000000 3.000000
v -24.557552 58.700005 3.000000
v -21.357552 55.500004 3.000000
v -24.557552 85.600006 3.000000
v -4.092102 72.150009 3.000000
v -21.357552 88.800003 3.000000
v 0.000000 69.593307 3.000000
v -0.057554 74.801529 3.000000
v 3.976997 72.150009 3.000000
v 21.242449 55.500004 3.000000
v -21.357552 100.800003 3.000000
v -24.557552 104.000008 3.000000
v 37.942444 45.000004 3.000000
v 24.442448 58.700005 3.000000
v 21.242449 88.800003 3.000000
v 24.442448 85.600006 3.000000
v -4.092107 117.450005 3.000000
v -21.357552 134.100006 3.000000
v -24.557552 130.900009 3.000000
v -0.057551 114.798477 3.000000
v -0.057551 120.101540 3.000000
v 3.977001 117.450005 3.000000
v 21.242449 100.800003 3.000000
v -21.357552 146.100006 3.000000
v -24.557552 149.300003 3.000000
v 24.442448 104.000008 3.000000
v -24.557552 176.199997 3.000000
v 21.242449 134.100006 3.000000
v 24.442448 130.900009 3.000000
v -21.357552 179.400009 3.000000
v -4.092108 162.750015 3.000000
v -0.057551 160.098480 3.000000
v -0.057552 165.401535 3.000000
v 3.977005 162.750000 3.000000
v 21.242449 146.100006 3.000000
v 24.442448 149.300003 3.000000
v 21.242449 179.400009 3.000000
v 24.442448 176.199997 3.000000
v 24.442448 58.700005 0.000000
v 34.942444 45.000008 0.000000
v 21.242449 55.500004 0.000000
v 24.442448 85.600006 0.000000
v 3.976997 72.150009 0.000000
v 21.242449 88.800003 0.000000
v 0.000000 69.593307 0.000000
v -0.057554 74.801529 0.000000
v -4.092102 72.150009 0.000000
v -21.357552 55.500004 0.000000
v 21.242449 100.800003 0.000000
v 24.442448 104.000008 0.000000
v -24.557552 58.700005 0.000000
v -21.357552 88.800003 0.000000
v -24.557552 85.600006 0.000000
v 3.977001 117.450005 0.000000
v 21.242449 134.100006 0.000000
v 24.442448 130.900009 0.000000
v -0.057551 114.798477 0.000000
v -0.057551 120.101540 0.000000
v -4.092107 117.450005 0.000000
v -21.357552 100.800003 0.000000
v 21.242449 146.100006 0.000000
v 24.442448 149.300003 0.000000
v -24.557552 104.000008 0.000000
v 24.442448 176.199997 0.000000
v -21.357552 134.100006 0.000000
v -24.557552 130.900009 0.000000
v 21.242449 179.400009 0.000000
v 3.977005 162.750000 0.000000
v -0.057551 160.098480 0.000000
v -0.057552 165.401535 0.000000
v -4.092108 162.750015 0.000000
v -21.357552 146.100006 0.000000
v -24.557552 149.300003 0.000000
v -21.357552 179.400009 0.000000
v -24.557552 176.199997 0.000000
v 37.942444 45.000008 -7.500000
v 37.942444 190.000015 -7.500000
v 34.942444 190.000015 -7.500000
v 34.942444 45.000008 -7.500000
vn -0.000297 -1.000000 -0.000379
vn 0.000000 0.000002 -1.000000
vn 0.000000 0.000002 -1.000000
vn 0.000001 1.000000 0.000000
vn 0.000000 1.000000 0.000000
vn 0.000000 1.000000 -0.000001
vn -0.000000 1.000000 0.000001
vn 0.000000 1.000000 -0.000000
vn 0.000001 1.000000 -0.000000
vn 0.000000 1.000000 0.000000
vn 0.000000 1.000000 0.000000
vn 0.000000 1.000000 0.000000
vn 0.000000 1.000000 0.000000
vn 0.000000 1.000000 0.000000
vn 0.000000 1.000000 0.000000
vn 0.000000 1.000000 0.000000
vn 0.000000 1.000000 0.000000
vn 0.000000 1.000000 0.000000
vn 0.000000 1.000000 0.000000
vn 0.000000 1.000000 0.000000
vn -0.000000 1.000000 -0.000000
vn -0.000000 1.000000 -0.000000
vn -0.000008 1.000000 -0.000033
vn 0.000000 1.000000 -0.000067
vn 0.000000 1.000000 0.000000
vn -0.000000 1.000000 -0.000001
vn -0.000008 1.000000 0.000000
vn -0.000000 1.000000 -0.000000
vn 0.000000 1.000000 0.000000
vn 0.000000 1.000000 0.000000
vn -0.000026 1.000000 -0.000033
vn 0.000000 1.000000 -0.000033
vn 0.000000 1.000000 -0.000067
vn 0.000000 1.000000 0.000000
vn 0.000000 0.000000 1.000000
vn 0.000000 0.000000 1.000000
vn 0.000000 0.000000 1.000000
vn 0.000000 0.000000 1.000000
vn 0.000000 0.000000 1.000000
vn 0.000000 0.000000 1.000000
vn 0.000000 0.000000 1.000000
vn 0.000000 0.000000 1.000000
vn 0.000000 0.000000 1.000000
vn 0.000000 0.000000 1.000000
vn 0.000000 0.000000 1.000000
vn 0.000000 0.000000 1.000000
vn 0.000000 0.000000 1.000000
vn 0.000000 0.000000 1.000000
vn 0.000000 0.000000 1.000000
vn 0.000000 0.000000 1.000000
vn 0.000000 0.000000 1.000000
vn 0.000000 0.000000 1.000000
vn 0.000000 0.000000 1.000000
vn 0.000000 0.000000 1.000000
vn 0.000000 0.000000 1.000000
vn 0.000000 0.000000 1.000000
vn 0.000000 0.000000 1.000000
vn 0.000000 0.000000 1.000000
vn 0.000000 0.000000 1.000000
vn 0.000000 0.000000 1.000000
vn 0.000000 0.000000 1.000000
vn 0.000000 0.000000 1.000000
vn 0.000000 0.000000 1.000000
vn 0.000000 0.000000 1.000000
vn 0.000000 0.000000 1.000000
vn 0.000000 0.000000 1.000000
vn 0.000000 0.000000 1.000000
vn 0.000000 0.000000 1.000000
vn 0.000000 0.000000 1.000000
vn 0.000000 0.000000 1.000000
vn 0.000000 0.000000 1.000000
vn 0.000000 0.000000 1.000000
vn 0.000000 0.000000 1.000000
vn 0.000000 0.000000 1.000000
vn 0.000000 0.000000 1.000000
vn 0.000000 0.000000 1.000000
vn 0.000000 0.000000 1.000000
vn 0.000000 0.000000 1.000000
vn 0.000000 0.000000 1.000000
vn 0.000000 0.000000 1.000000
vn 0.000000 0.000000 1.000000
vn 0.000000 0.000000 1.000000
vn 0.000000 0.000000 1.000000
vn 0.000000 0.000000 1.000000
vn 0.000000 0.000000 1.000000
vn 0.000000 0.000000 1.000000
vn 0.000000 0.000000 1.000000
vn 0.000000 0.000000 1.000000
vn 0.000000 0.000000 1.000000
vn 0.000000 0.000000 1.000000
vn 0.000000 0.000000 1.000000
vn 0.000000 0.000000 1.000000
vn 0.000000 0.000000 1.000000
vn 0.000000 0.000000 1.000000
vn 0.000000 0.000000 1.000000
vn 0.000000 0.000000 1.000000
vn 0.000000 0.000000 1.000000
vn 0.000000 0.000000 1.000000
vn 0.000000 0.000000 1.000000
vn 0.000000 0.000000 1.000000
vn 0.000000 0.000000 1.000000
vn 0.000000 0.000000 1.000000
vn 0.000000 0.000000 1.000000
vn 0.000000 0.000000 1.000000
vn 0.000000 0.000000 1.000000
vn 0.000000 0.000000 1.000000
vn 0.000000 0.000000 1.000000
vn 0.000000 0.000000 1.000000
vn 0.000000 0.000000 1.000000
vn 0.000000 0.000000 1.000000
vn 0.000000 0.000000 1.000000
vn 0.000000 0.000000 1.000000
vn 0.000000 0.000000 1.000000
vn 0.000000 0.000000 1.000000
vn 0.000000 0.000000 1.000000
vn 0.000000 0.000000 1.000000
vn 0.000000 0.000000 1.000000
vn 0.000000 0.000000 1.000000
vn 0.000000 1.000000 0.000000
vn 0.000000 1.000000 0.000000
vn 0.000000 1.000000 0.000000
vn 0.000000 1.000000 -0.000000
vn 0.000000 1.000000 0.000000
vn 0.000000 1.000000 0.000000
vn 0.000000 1.000000 0.000000
vn 0.000000 1.000000 0.000000
vn 0.000000 1.000000 0.000000
vn 0.000000 1.000000 0.000000
vn 0.000000 1.000000 0.000000
vn 0.000000 1.000000 0.000000
vn 0.000000 1.000000 0.000000
vn 0.000000 1.000000 0.000000
vn 0.000000 1.000000 0.000000
vn -1.000000 0.000000 0.000000
vn -1.000000 -0.000000 0.000000
vn -0.000000 0.000000 -1.000000
vn -0.000000 -0.000000 -1.000000
vn 0.619367 0.000000 -0.785101
vn 0.619367 0.000000 -0.785101
vn 0.000000 0.000000 1.000000
vn 0.000000 0.000000 1.000000
vn 0.000000 0.000000 -1.000000
vn -0.000000 -0.000001 -1.000000
vn -1.000000 0.000000 0.000000
vn -1.000000 -0.000003 -0.000001
vn 1.000000 0.000000 -0.000000
vn 1.000000 0.000000 0.000000
vn 1.000000 -0.000001 0.000001
vn 1.000000 -0.000001 0.000001
vn 1.000000 -0.000001 0.000001
vn 1.000000 -0.000001 0.000001
vn 1.000000 -0.000001 0.000001
vn 1.000000 -0.000001 0.000001
vn 1.000000 -0.000001 0.000001
vn 1.000000 -0.000001 0.000001
vn 1.000000 -0.000001 0.000001
vn 1.000000 -0.000001 0.000001
vn 1.000000 -0.000001 0.000001
vn 1.000000 -0.000001 0.000001
vn 1.000000 -0.000001 0.000001
vn 1.000000 -0.000001 0.000001
vn 1.000000 -0.000001 0.000001
vn 1.000000 -0.000000 0.000001
vn 1.000000 -0.000001 0.000000
vn 1.000000 -0.000000 0.000001
vn 1.000000 -0.000001 0.000000
vn 1.000000 -0.000000 0.000001
vn 1.000000 -0.000001 0.000000
vn 1.000000 -0.000000 0.000001
vn 1.000000 -0.000001 0.000000
vn 1.000000 -0.000000 0.000001
vn 1.000000 -0.000001 0.000000
vn 1.000000 -0.000000 0.000001
vn 1.000000 -0.000002 0.000000
vn 1.000000 -0.000000 0.000001
vn 1.000000 -0.000000 0.000002
vn 1.000000 0.000000 0.000002
vn 1.000000 0.000000 0.000002
vn 1.000000 0.000000 0.000002
vn 1.000000 0.000000 -0.000000
vn 1.000000 0.000000 -0.000000
vn 1.000000 0.000000 0.000000
vn 1.000000 0.000000 0.000000
vn 1.000000 -0.000001 0.000001
vn 1.000000 0.000000 0.000000
vn 1.000000 0.000000 0.000002
vn 1.000000 0.000000 0.000000
vn 1.000000 0.000000 0.000002
vn 1.000000 0.000000 0.000000
vn 1.000000 0.000001 0.000002
vn 1.000000 0.000000 0.000000
vn 1.000000 0.000001 0.000002
vn 1.000000 0.000000 0.000000
vn 1.000000 0.000001 0.000003
vn 1.000000 0.000000 0.000000
vn 1.000000 0.000001 0.000003
vn 1.000000 0.000000 0.000000
vn 1.000000 0.000002 0.000004
vn 1.000000 0.000000 0.000000
vn 1.000000 0.000002 0.000004
vn 1.000000 0.000000 0.000000
vn 1.000000 0.000003 0.000006
vn 1.000000 0.000000 0.000000
vn 1.000000 0.000000 0.000000
vn 1.000000 0.000000 0.000000
vn 1.000000 0.000000 0.000000
vn 1.000000 0.000000 0.000000
vn 1.000000 0.000000 0.000000
vn 1.000000 0.000000 0.000000
vn 1.000000 0.000000 0.000000
vn 1.000000 0.000000 0.000000
vn 1.000000 0.000000 0.000000
vn 1.000000 0.000000 0.000000
vn 1.000000 0.000000 0.000000
vn 1.000000 0.000000 0.000000
vn 1.000000 0.000000 0.000000
vn 1.000000 0.000000 0.000000
vn 1.000000 0.000000 0.000000
vn 1.000000 0.000000 0.000000
vn 1.000000 0.000000 0.000000
vn 1.000000 0.000000 0.000000
vn 1.000000 0.000000 0.000000
vn 1.000000 0.000000 0.000000
vn 1.000000 0.000000 0.000000
vn 1.000000 0.000000 0.000000
vn 1.000000 0.000000 0.000000
vn 1.000000 0.000000 0.000000
vn 1.000000 0.000000 0.000000
vn 1.000000 0.000000 0.000000
vn 1.000000 0.000000 0.000000
vn 1.000000 0.000000 0.000000
vn 1.000000 0.000000 0.000000
vn 1.000000 0.000000 0.000000
vn 1.000000 0.000000 0.000000
vn 1.000000 0.000000 0.000000
vn 1.000000 0.000000 0.000000
vn 1.000000 0.000000 0.000000
vn 1.000000 0.000000 0.000000
vn 1.000000 0.000000 0.000000
vn 1.000000 0.000000 0.000000
vn 1.000000 0.000000 0.000000
vn 1.000000 0.000000 0.000000
vn 1.000000 0.000000 0.000000
vn 1.000000 0.000000 0.000000
vn 1.000000 0.000000 0.000000
vn 1.000000 0.000000 0.000000
vn 1.000000 0.000000 0.000000
vn 1.000000 0.000000 0.000000
vn 1.000000 0.000000 0.000000
vn 1.000000 0.000000 0.000000
vn 1.000000 0.000000 0.000000
vn 1.000000 0.000000 0.000000
vn 1.000000 0.000000 0.000000
vn 1.000000 0.000000 0.000000
vn 1.000000 0.000000 0.000000
vn 1.000000 0.000000 0.000000
vn 1.000000 0.000000 0.000000
vn 1.000000 0.000000 0.000000
vn 1.000000 0.000000 0.000000
vn 1.000000 0.000000 0.000000
vn 1.000000 0.000000 0.000000
vn 1.000000 0.000000 0.000000
vn 1.000000 0.000000 0.000000
vn 1.000000 0.000000 0.000000
vn 1.000000 0.000000 0.000000
vn 1.000000 0.000000 0.000000
vn 1.000000 0.000000 0.000000
vn 1.000000 0.000000 0.000000
vn 1.000000 0.000000 0.000000
vn 1.000000 0.000000 0.000000
vn 1.000000 0.000000 0.000000
vn 1.000000 0.000000 0.000000
vn 1.000000 0.000000 0.000000
vn 1.000000 0.000000 0.000000
vn 1.000000 0.000000 0.000000
vn 1.000000 0.000000 0.000000
vn 1.000000 0.000000 0.000000
vn 1.000000 0.000000 0.000000
vn 1.000000 0.000000 0.000000
vn 1.000000 0.000000 0.000000
vn 1.000000 0.000000 0.000000
vn 1.000000 0.000000 0.000000
vn 1.000000 0.000000 0.000000
vn 1.000000 0.000000 0.000000
vn 1.000000 0.000000 0.000000
vn 1.000000 0.000000 0.000000
vn 1.000000 0.000000 0.000000
vn 1.000000 0.000000 0.000000
vn 1.000000 0.000000 0.000000
vn 1.000000 0.000000 0.000000
vn 1.000000 0.000000 0.000000
vn 1.000000 0.000000 0.000000
vn 1.000000 0.000000 0.000000
vn 1.000000 0.000000 0.000000
vn 1.000000 0.000000 0.000000
vn 1.000000 0.000000 0.000000
vn 1.000000 0.000000 0.000000
vn 1.000000 0.000000 0.000000
vn 1.000000 0.000000 0.000000
vn 1.000000 0.000000 0.000000
vn 1.000000 0.000000 0.000000
vn 1.000000 0.000000 0.000000
vn 1.000000 0.000000 0.000000
vn 1.000000 0.000000 0.000000
vn 1.000000 0.000000 0.000000
vn 1.000000 0.000000 0.000000
vn 1.000000 0.000000 0.000000
vn 1.000000 0.000000 -0.000000
vn 1.000000 0.000000 0.000000
vn 1.000000 0.000000 -0.000000
vn 1.000000 0.000000 -0.000000
vn 1.000000 0.000000 -0.000000
vn 1.000000 0.000000 0.000000
vn 1.000000 0.000000 0.000000
vn 1.000000 0.000000 0.000000
vn 1.000000 0.000000 0.000000
vn 1.000000 0.000000 0.000000
vn 1.000000 0.000000 0.000000
vn 1.000000 0.000000 0.000000
vn 1.000000 0.000000 0.000000
vn 1.000000 0.000000 0.000000
vn 1.000000 0.000000 0.000000
vn 1.000000 0.000000 0.000000
vn 1.000000 0.000000 0.000000
vn 1.000000 0.000000 0.000000
vn 1.000000 0.000000 0.000000
vn 1.000000 0.000000 0.000000
vn 1.000000 0.000000 0.000000
vn 1.000000 0.000000 0.000000
vn 1.000000 0.000000 0.000000
vn 1.000000 0.000000 0.000000
vn 1.000000 0.000000 0.000000
vn 1.000000 0.000000 0.000000
vn 1.000000 0.000000 0.000000
vn 1.000000 0.000000 0.000000
vn 1.000000 0.000000 0.000000
vn 1.000000 0.000000 0.000000
vn 1.000000 0.000000 0.000000
vn 1.000000 0.000000 0.000000
vn 1.000000 0.000000 0.000000
vn 1.000000 0.000000 0.000000
vn 1.000000 -0.000000 0.000000
vn 1.000000 0.000000 0.000000
vn 1.000000 -0.000000 0.000000
vn 1.000000 0.000000 0.000000
vn 1.000000 0.000000 0.000000
vn 1.000000 0.000000 0.000000
vn 1.000000 0.000000 0.000000
vn 1.000000 0.000000 0.000000
vn 1.000000 0.000000 0.000000
vn 1.000000 0.000000 0.000000
vn 1.000000 0.000000 0.000000
vn 1.000000 0.000000 0.000000
vn 1.000000 0.000000 0.000002
vn 1.000000 0.000000 0.000000
vn 1.000000 0.000000 0.000000
vn 1.000000 0.000000 0.000000
vn 1.000000 0.000000 0.000000
vn 1.000000 0.000000 0.000000
vn 1.000000 0.000000 0.000000
vn 1.000000 0.000000 0.000000
vn 1.000000 0.000000 0.000000
vn 1.000000 0.000000 -0.000000
vn 1.000000 0.000000 0.000000
vn 1.000000 0.000000 0.000000
vn 1.000000 0.000000 0.000000
vn 1.000000 0.000000 0.000000
vn 1.000000 0.000000 0.000000
vn 1.000000 0.000000 0.000000
vn 1.000000 0.000000 0.000000
vn 1.000000 0.000000 0.000000
vn 1.000000 0.000000 0.000000
vn 1.000000 0.000000 0.000000
vn 1.000000 0.000000 -0.000000
vn 1.000000 0.000000 0.000000
vn 1.000000 0.000000 0.000000
vn 1.000000 0.000000 0.000000
vn 1.000000 0.000000 0.000000
vn 1.000000 0.000000 0.000000
vn 1.000000 0.000000 0.000000
vn 1.000000 0.000000 0.000000
vn 1.000000 0.000000 0.000000
vn 1.000000 0.000000 0.000000
vn 1.000000 0.000000 0.000000
vn 1.000000 0.000000 0.000000
vn 1.000000 0.000000 0.000000
vn 1.000000 0.000000 -0.000000
vn 1.000000 0.000000 0.000000
vn 1.000000 0.000000 0.000000
vn 1.000000 0.000000 0.000000
vn 1.000000 0.000000 0.000000
vn 1.000000 0.000000 0.000000
vn 1.000000 0.000000 0.000000
vn 1.000000 0.000000 -0.000000
vn 1.000000 0.000000 0.000000
vn 1.000000 0.000000 0.000000
vn 1.000000 0.000000 0.000000
vn 1.000000 0.000000 0.000000
vn 1.000000 0.000000 0.000000
vn 1.000000 0.000000 0.000000
vn 1.000000 0.000000 0.000000
vn 1.000000 0.000000 0.000000
vn 1.000000 0.000000 0.000000
vn 1.000000 0.000000 0.000000
vn 1.000000 0.000000 -0.000000
vn 1.000000 0.000000 0.000000
vn 1.000000 0.000000 0.000000
vn 1.000000 0.000000 0.000000
vn 1.000000 0.000000 0.000000
vn 1.000000 0.000000 0.000000
vn 1.000000 0.000000 0.000000
vn 1.000000 0.000000 -0.000000
vn 1.000000 0.000000 0.000000
vn 1.000000 0.000000 0.000000
vn 1.000000 0.000000 0.000000
vn 1.000000 0.000000 0.000000
vn 1.000000 0.000000 0.000000
vn 1.000000 0.000000 0.000000
vn 1.000000 0.000000 0.000001
vn 1.000000 0.000000 0.000001
vn 1.000000 0.000000 0.000001
vn 1.000000 0.000000 0.000001
vn 1.000000 0.000000 0.000001
vn 1.000000 0.000000 0.000001
vn 1.000000 0.000000 0.000001
vn 1.000000 0.000000 0.000002
vn 1.000000 -0.000000 0.000002
vn 1.000000 0.000000 0.000002
vn 1.000000 -0.000000 0.000002
vn 1.000000 -0.000000 0.000002
vn 1.000000 -0.000000 0.000002
vn 1.000000 -0.000000 0.000002
vn 1.000000 -0.000001 0.000002
vn 1.000000 -0.000001 0.000003
vn 1.000000 -0.000001 0.000003
vn 1.000000 -0.000001 0.000003
vn 1.000000 -0.000002 0.000004
vn 1.000000 -0.000002 0.000004
vn 1.000000 -0.000004 0.000006
vn 1.000000 0.000000 0.000000
vn 1.000000 0.000000 -0.000000
vn 1.000000 0.000001 0.000001
vn 1.000000 0.000000 0.000000
vn 1.000000 0.000000 0.000000
vn 1.000000 0.000001 0.000001
vn 1.000000 0.000000 0.000000
vn 1.000000 0.000000 0.000000
vn 1.000000 0.000000 0.000000
vn 1.000000 0.000001 0.000001
vn 1.000000 0.000000 0.000000
vn 1.000000 0.000001 0.000001
vn 1.000000 0.000000 0.000000
vn 1.000000 0.000000 0.000000
vn 1.000000 0.000001 0.000001
vn 1.000000 0.000000 -0.000000
vn 1.000000 0.000000 -0.000000
vn 1.000000 0.000000 -0.000000
vn 1.000000 0.000000 -0.000000
vn 1.000000 0.000000 -0.000000
vn 1.000000 0.000000 -0.000000
vn 1.000000 0.000000 -0.000000
vn 1.000000 0.000000 -0.000000
vn 1.000000 0.000000 -0.000000
vn 1.000000 0.000000 -0.000000
vn 1.000000 0.000000 -0.000000
vn 1.000000 0.000000 0.000000
vn 1.000000 0.000000 0.000000
vn 1.000000 0.000001 0.000001
vn 1.000000 0.000000 0.000000
vn 1.000000 0.000000 0.000000
vn 1.000000 0.000000 0.000000
vn 1.000000 0.000000 0.000000
vn 1.000000 0.000000 0.000000
vn 1.000000 0.000000 0.000000
vn 1.000000 0.000001 0.000001
vn 1.000000 0.000000 0.000000
vn 1.000000 0.000000 0.000000
vn 1.000000 0.000001 0.000001
vn 1.000000 0.000000 0.000000
vn 1.000000 0.000001 0.000001
vn 1.000000 0.000000 0.000000
vn 1.000000 0.000001 0.000001
vn 1.000000 0.000000 0.000000
vn 1.000000 0.000001 0.000001
vn 1.000000 0.000000 0.000000
vn 1.000000 0.000000 -0.000000
vn 1.000000 0.000000 -0.000000
vn 1.000000 0.000000 0.000000
vn 1.000000 0.000001 0.000001
vn 1.000000 0.000000 0.000000
vn 1.000000 0.000001 0.000001
vn 1.000000 0.000000 0.000000
vn 1.000000 0.000001 0.000001
vn 1.000000 0.000000 0.000000
vn 1.000000 0.000001 0.000001
vn 1.000000 0.000000 0.000000
vn 1.000000 0.000001 0.000000
vn 1.000000 0.000000 0.000000
vn 1.000000 0.000000 0.000000
vn 1.000000 0.000001 0.000000
vn 1.000000 0.000000 0.000000
vn 1.000000 0.000000 0.000000
vn 1.000000 0.000000 0.000000
vn 1.000000 0.000000 0.000000
vn 1.000000 0.000000 0.000000
vn 1.000000 0.000001 0.000000
vn 1.000000 0.000000 0.000000
vn 1.000000 0.000001 0.000000
vn 1.000000 0.000000 0.000000
vn 1.000000 0.000001 0.000000
vn 1.000000 0.000000 0.000000
vn 1.000000 0.000002 0.000000
vn 1.000000 0.000000 0.000000
vn 1.000000 0.000000 0.000000
vn 1.000000 0.000000 0.000000
vn 1.000000 0.000000 0.000000
vn 1.000000 0.000000 0.000000
vn 1.000000 0.000000 0.000000
vn 1.000000 0.000000 -0.000000
vn 1.000000 0.000000 -0.000000
vn 1.000000 0.000000 -0.000000
vn 1.000000 0.000000 0.000000
vn 1.000000 0.000000 0.000000
vn 1.000000 0.000000 0.000000
vn 1.000000 0.000000 0.000000
vn 1.000000 0.000000 0.000000
vn 1.000000 0.000000 0.000000
vn 1.000000 0.000000 0.000000
vn 1.000000 0.000000 -0.000000
vn 1.000000 0.000000 -0.000000
vn 1.000000 0.000000 -0.000000
vn 1.000000 0.000000 0.000000
vn 1.000000 0.000000 0.000000
vn 1.000000 0.000000 0.000000
vn 1.000000 0.000000 0.000000
vn 1.000000 0.000000 0.000000
vn 1.000000 0.000000 -0.000000
vn 1.000000 0.000000 -0.000000
vn 1.000000 0.000000 0.000000
vn 1.000000 0.000000 0.000000
vn 1.000000 0.000000 0.000000
vn 1.000000 0.000000 0.000000
vn 1.000000 0.000000 -0.000000
vn 1.000000 0.000000 -0.000000
vn 1.000000 0.000000 -0.000000
vn 1.000000 0.000000 0.000000
vn 1.000000 0.000000 0.000000
vn 1.000000 0.000000 0.000000
vn 1.000000 0.000000 0.000000
vn 1.000000 0.000000 0.000000
vn 1.000000 0.000000 -0.000000
vn 1.000000 0.000000 0.000000
vn 1.000000 0.000000 0.000000
vn 1.000000 0.000000 0.000000
vn 1.000000 0.000000 0.000000
vn 1.000000 0.000000 0.000000
vn 1.000000 0.000000 0.000000
vn 1.000000 0.000000 0.000000
vn 1.000000 0.000000 0.000000
vn 1.000000 0.000000 0.000000
vn 1.000000 0.000000 0.000000
vn 1.000000 0.000000 0.000000
vn 1.000000 0.000000 0.000000
vn 1.000000 0.000000 0.000000
vn 1.000000 0.000000 0.000000
vn 1.000000 0.000000 0.000000
vn 1.000000 0.000000 0.000000
vn 1.000000 0.000000 0.000000
vn 1.000000 0.000000 0.000000
vn 1.000000 0.000000 0.000000
vn 1.000000 0.000000 0.000000
vn 1.000000 0.000000 0.000000
vn 1.000000 0.000000 0.000000
vn 1.000000 0.000000 0.000000
vn 1.000000 0.000000 0.000000
vn 1.000000 0.000002 0.000000
vn 1.000000 0.000001 -0.000001
vn 1.000000 0.000001 -0.000001
vn 1.000000 0.000001 -0.000001
vn 1.000000 0.000001 -0.000001
vn 1.000000 0.000001 -0.000001
vn 1.000000 0.000001 -0.000001
vn 1.000000 0.000001 -0.000001
vn 1.000000 0.000001 -0.000001
vn 1.000000 0.000001 -0.000001
vn 1.000000 0.000001 -0.000001
vn 1.000000 0.000001 -0.000001
vn 1.000000 0.000001 -0.000001
vn 1.000000 0.000001 -0.000001
vn 1.000000 0.000001 -0.000001
vn 1.000000 0.000001 -0.000001
vn 1.000000 0.000001 -0.000001
vn 1.000000 0.000001 -0.000001
vn 1.000000 0.000001 -0.000000
vn 1.000000 0.000001 -0.000000
vn 1.000000 0.000001 -0.000000
vn 1.000000 0.000002 -0.000000
vn 1.000000 0.000002 -0.000000
vn 1.000000 0.000002 -0.000000
vn 1.000000 0.000002 -0.000000
vn 1.000000 0.000002 0.000000
vn 1.000000 0.000002 0.000000
vn 1.000000 0.000000 0.000000
vn 1.000000 0.000000 0.000000
vn 1.000000 0.000000 0.000000
vn 1.000000 0.000000 0.000000
vn 1.000000 0.000000 0.000000
vn 1.000000 0.000000 0.000000
vn 0.999988 0.002825 0.004098
vn 1.000000 0.000000 0.000000
vn 1.000000 0.000000 0.000000
vn 1.000000 0.000000 0.000000
vn 1.000000 0.000000 0.000000
vn 1.000000 0.000000 0.000000
vn 1.000000 0.000000 0.000000
vn 1.000000 0.000000 0.000000
vn 1.000000 0.000000 0.000000
vn 1.000000 0.000000 0.000000
vn 1.000000 0.000000 0.000000
vn 1.000000 0.000000 0.000000
vn 1.000000 0.000000 0.000000
vn 1.000000 0.000000 0.000000
vn 1.000000 0.000000 0.000000
vn 1.000000 0.000000 0.000000
vn 1.000000 0.000000 0.000000
vn 1.000000 0.000000 0.000000
vn 1.000000 0.000000 0.000000
vn 1.000000 0.000000 0.000000
vn 1.000000 0.000000 0.000000
vn 1.000000 0.000000 0.000000
vn 1.000000 0.000000 0.000000
vn 1.000000 0.000000 0.000000
vn 1.000000 0.000000 0.000000
vn 1.000000 0.000000 0.000000
vn 1.000000 0.000000 0.000000
vn 1.000000 0.000000 0.000000
vn 1.000000 0.000000 0.000000
vn 1.000000 0.000000 0.000000
vn 1.000000 0.000000 0.000000
vn 1.000000 0.000000 0.000000
vn 1.000000 0.000000 0.000000
vn 1.000000 0.000000 0.000000
vn 1.000000 0.000000 0.000000
vn 1.000000 0.000000 0.000000
vn 1.000000 0.000000 0.000000
vn 1.000000 0.000000 0.000000
vn 1.000000 0.000000 0.000000
vn 1.000000 0.000000 0.000000
vn 1.000000 0.000000 0.000000
vn 1.000000 0.000000 0.000000
vn 1.000000 0.000000 0.000000
vn 1.000000 0.000000 0.000000
vn 1.000000 0.000000 0.000000
vn 1.000000 0.000000 0.000000
vn 1.000000 0.000000 0.000000
vn 1.000000 0.000000 0.000000
vn 1.000000 0.000000 0.000000
vn 1.000000 0.000000 0.000000
vn 1.000000 0.000000 0.000000
vn 1.000000 0.000000 0.000000
vn 1.000000 0.000000 0.000000
vn 1.000000 0.000000 0.000000
vn 1.000000 0.000000 0.000000
vn 1.000000 0.000000 0.000000
vn 1.000000 0.000000 0.000000
vn 1.000000 0.000000 0.000000
vn 1.000000 0.000000 0.000000
vn 1.000000 0.000000 0.000000
vn 1.000000 0.000000 0.000000
vn 1.000000 0.000000 0.000000
vn 1.000000 0.000000 0.000000
vn 1.000000 0.000000 0.000000
vn 1.000000 0.000000 0.000000
vn 1.000000 0.000000 0.000000
vn 1.000000 0.000000 0.000000
vn 1.000000 0.000000 0.000000
vn 1.000000 0.000000 0.000000
vn 1.000000 0.000000 0.000000
vn 1.000000 0.000000 0.000000
vn 1.000000 0.000000 0.000000
vn 1.000000 0.000000 0.000000
vn 1.000000 0.000000 0.000000
vn 1.000000 0.000000 0.000000
vn 1.000000 0.000000 0.000000
vn 1.000000 0.000000 0.000000
vn 1.000000 0.000000 0.000000
vn 1.000000 0.000000 0.000000
vn 1.000000 0.000000 0.000000
vn 1.000000 0.000000 0.000000
vn 1.000000 0.000000 0.000000
vn 1.000000 0.000000 0.000000
vn 1.000000 0.000000 0.000000
vn 1.000000 0.000000 0.000000
vn 1.000000 0.000000 0.000000
vn 1.000000 0.000000 0.000000
vn 1.000000 0.000000 0.000000
vn 1.000000 0.000000 0.000000
vn 1.000000 0.000000 0.000000
vn 1.000000 0.000000 0.000000
vn 1.000000 0.000000 0.000000
vn 1.000000 0.000000 0.000000
vn 1.000000 0.000000 0.000000
vn 1.000000 0.000000 0.000000
vn 1.000000 0.000000 0.000000
vn 1.000000 0.000000 0.000000
vn 1.000000 0.000000 0.000000
vn 1.000000 0.000000 0.000000
vn 1.000000 0.000000 0.000000
vn 1.000000 0.000000 0.000000
vn 1.000000 0.000000 0.000000
vn 1.000000 0.000000 0.000000
vn 1.000000 0.000000 0.000000
vn 1.000000 0.000000 0.000000
vn 1.000000 0.000000 0.000000
vn 1.000000 0.000000 0.000000
vn 1.000000 0.000000 0.000000
vn 1.000000 0.000000 0.000000
vn 1.000000 0.000000 0.000000
vn 1.000000 0.000000 0.000000
vn 1.000000 0.000000 0.000000
vn 1.000000 0.000000 0.000000
vn 1.000000 0.000000 0.000000
vn 1.000000 0.000000 0.000000
vn 1.000000 0.000000 0.000000
vn 1.000000 0.000000 0.000000
vn 1.000000 0.000000 0.000000
vn 1.000000 0.000000 0.000000
vn 1.000000 0.000000 0.000000
vn 1.000000 0.000000 0.000000
vn 1.000000 0.000000 0.000000
vn 1.000000 0.000000 0.000000
vn 1.000000 0.000000 0.000000
vn 1.000000 0.000000 0.000000
vn 1.000000 0.000000 0.000000
vn 1.000000 0.000000 0.000000
vn 1.000000 0.000000 0.000000
vn 1.000000 0.000000 0.000000
vn 1.000000 0.000000 0.000000
vn 1.000000 0.000000 0.000000
vn 1.000000 0.000000 0.000000
vn 1.000000 0.000000 0.000000
vn 1.000000 0.000000 0.000000
vn 1.000000 0.000000 0.000000
vn 1.000000 0.000000 0.000000
vn 1.000000 0.000000 0.000000
vn 1.000000 0.000000 0.000000
vn 1.000000 0.000000 0.000000
vn 1.000000 0.000000 0.000000
vn 1.000000 0.000000 0.000000
vn 1.000000 0.000000 0.000000
vn 1.000000 0.000000 0.000000
vn 1.000000 0.000000 0.000000
vn 1.000000 0.000000 0.000000
vn 1.000000 0.000000 0.000000
vn 1.000000 0.000000 0.000000
vn 1.000000 0.000000 0.000000
vn 1.000000 0.000000 0.000000
vn 1.000000 0.000000 0.000000
vn 1.000000 0.000000 0.000000
vn 1.000000 0.000000 0.000000
vn 1.000000 0.000000 0.000000
vn 1.000000 0.000000 0.000000
vn 1.000000 0.000000 0.000000
vn 1.000000 0.000000 0.000000
vn 1.000000 0.000000 0.000000
vn 1.000000 0.000000 0.000000
vn 1.000000 0.000000 0.000000
vn 1.000000 0.000000 0.000000
vn 1.000000 0.000000 0.000000
vn 1.000000 0.000000 0.000000
vn 1.000000 0.000000 0.000000
vn 1.000000 0.000000 0.000000
vn 1.000000 0.000000 0.000000
vn 1.000000 0.000000 0.000000
vn 1.000000 0.000000 0.000000
vn 1.000000 0.000000 0.000000
vn 1.000000 0.000000 0.000000
vn 1.000000 0.000000 0.000000
vn 1.000000 0.000000 0.000000
vn 1.000000 0.000000 0.000000
vn 1.000000 0.000000 0.000000
vn 1.000000 0.000000 0.000000
vn 1.000000 0.000000 0.000000
vn 1.000000 0.000000 0.000000
vn 1.000000 0.000000 0.000000
vn 1.000000 0.000000 0.000000
vn 1.000000 0.000000 0.000000
vn 1.000000 0.000000 0.000000
vn 1.000000 0.000000 0.000000
vn 1.000000 0.000000 0.000000
vn 1.000000 0.000000 0.000000
vn 1.000000 0.000000 0.000000
vn 1.000000 0.000000 0.000000
vn 1.000000 0.000000 0.000000
vn 1.000000 0.000000 0.000000
vn 1.000000 0.000000 0.000000
vn 1.000000 0.000000 0.000000
vn 1.000000 0.000000 0.000000
vn -0.620162 0.000000 0.784474
vn -0.620162 0.000000 0.784474
vn 0.000000 0.000000 -1.000000
vn 0.000000 0.000000 -1.000000
vn 1.000000 0.000003 0.000000
vn 1.000000 0.000000 -0.000003
vn 1.000000 -0.000000 0.000003
vn -0.000000 -1.000000 -0.000001
vn 0.000000 -1.000000 -0.000001
vn -0.636907 0.770941 0.000000
vn -0.636907 0.770941 0.000000
vn 1.000000 0.000000 0.000000
vn 1.000000 0.000000 0.000000
vn -0.639478 -0.768810 0.000000
vn -0.639478 -0.768810 0.000000
vn 0.640351 -0.768082 0.000000
vn 0.640351 -0.768082 0.000000
vn -0.639478 -0.768810 0.000000
vn -0.639478 -0.768810 0.000000
vn 0.000000 1.000000 0.000000
vn 0.000000 1.000000 -0.000000
vn 0.000000 -1.000000 0.000000
vn 0.000000 -1.000000 0.000000
vn -0.639477 0.768810 0.000000
vn -0.639477 0.768810 0.000000
vn 0.639477 0.768810 0.000000
vn 0.639477 0.768810 -0.000000
vn 0.639477 0.768810 -0.000000
vn 0.639477 0.768810 0.000000
vn -1.000000 0.000000 0.000000
vn -1.000000 -0.000000 0.000000
vn 0.640351 -0.768082 0.000000
vn 0.640351 -0.768082 0.000000
vn -0.639549 0.768750 0.000000
vn -0.639549 0.768750 0.000000
vn 1.000000 0.000000 0.000000
vn 1.000000 0.000000 0.000000
vn -0.639410 -0.768866 0.000000
vn -0.639410 -0.768866 0.000000
vn 0.639486 -0.768803 0.000000
vn 0.639486 -0.768803 0.000000
vn 0.000000 1.000000 -0.000000
vn 0.000000 1.000000 0.000000
vn -0.639524 -0.768771 0.000000
vn -0.639524 -0.768771 0.000000
vn -0.639456 0.768828 0.000000
vn -0.639456 0.768828 0.000000
vn 0.000000 -1.000000 0.000000
vn 0.000000 -1.000000 0.000000
vn 0.639477 0.768810 -0.000000
vn 0.639477 0.768810 0.000000
vn 0.639477 0.768810 -0.000000
vn 0.639477 0.768810 0.000000
vn -1.000000 0.000000 0.000000
vn -1.000000 0.000000 0.000000
vn 0.639451 -0.768832 0.000000
vn 0.639451 -0.768832 0.000000
vn -0.639488 0.768801 0.000000
vn -0.639488 0.768801 0.000000
vn 1.000000 0.000000 0.000000
vn 1.000000 0.000000 0.000000
vn -0.639517 -0.768777 0.000000
vn -0.639517 -0.768777 0.000000
vn 0.639488 -0.768801 0.000000
vn 0.639488 -0.768801 0.000000
vn 0.000000 1.000000 -0.000000
vn 0.000000 1.000000 0.000000
vn -0.639517 -0.768777 0.000000
vn -0.639517 -0.768777 0.000000
vn 0.639429 0.768850 -0.000000
vn 0.639429 0.768850 0.000000
vn -1.000000 0.000000 0.000000
vn -1.000000 -0.000000 0.000000
vn 0.639488 -0.768801 0.000000
vn 0.639488 -0.768801 0.000000
vn 0.639430 0.768849 0.000000
vn 0.639430 0.768849 -0.000000
vn 0.000000 -1.000000 0.000000
vn 0.000000 -1.000000 0.000000
vn -0.639488 0.768801 0.000000
vn -0.639488 0.768801 0.000000
vn -0.637736 0.770255 0.000000
vn -0.637736 0.770255 0.000000
vn 1.000000 0.000000 0.000000
vn 1.000000 0.000000 0.000000
vn -0.637679 -0.770302 0.000000
vn -0.637679 -0.770302 0.000000
vn 0.000000 1.000000 -0.000000
vn 0.000000 1.000000 0.000000
vn -0.637679 -0.770302 0.000000
vn -0.637679 -0.770302 0.000000
vn 0.637727 -0.770263 0.000000
vn 0.637727 -0.770263 0.000000
vn 0.637727 -0.770263 0.000000
vn 0.637727 -0.770263 0.000000
vn -1.000000 0.000000 0.000000
vn -1.000000 0.000000 0.000000
vn 0.637750 0.770244 0.000000
vn 0.637750 0.770244 -0.000000
vn 0.000000 -1.000000 0.000000
vn 0.000000 -1.000000 0.000000
vn 0.637750 0.770244 -0.000000
vn 0.637750 0.770244 0.000000
vn -0.637736 0.770255 0.000000
vn -0.637736 0.770255 0.000000
vn 1.000000 0.000000 0.000000
vn 1.000000 -0.000000 0.000000
vn 1.000000 0.000000 0.000000
vn 1.000000 -0.000000 0.000000
vn 1.000000 0.000000 0.000000
vn 1.000000 -0.000000 0.000000
vn 1.000000 0.000000 0.000000
vn 1.000000 -0.000000 0.000000
vn 1.000000 0.000000 0.000000
vn 1.000000 -0.000000 0.000000
vn 1.000000 0.000000 0.000000
vn 1.000000 -0.000000 0.000000
vn 1.000000 0.000000 0.000000
vn 1.000000 -0.000000 0.000000
vn 1.000000 0.000000 0.000000
vn 1.000000 -0.000000 0.000000
vn 1.000000 0.000000 0.000000
vn 1.000000 -0.000000 0.000000
vn 1.000000 0.000000 0.000000
vn 1.000000 -0.000000 0.000000
vn 1.000000 0.000000 0.000000
vn 1.000000 -0.000000 0.000000
vn 1.000000 0.000000 0.000000
vn 1.000000 -0.000000 0.000000
vn 1.000000 0.000000 0.000000
vn 1.000000 -0.000000 0.000000
vn 1.000000 0.000000 0.000000
vn 1.000000 -0.000000 0.000000
vn 1.000000 0.000000 0.000000
vn 1.000000 -0.000000 0.000000
vn 1.000000 0.000000 0.000000
vn 1.000000 -0.000000 0.000000
vn 1.000000 0.000000 0.000000
vn 1.000000 0.000000 0.000000
vn 1.000000 0.000000 0.000000
vn 1.000000 0.000000 0.000000
vn 1.000000 0.000000 0.000000
vn 1.000000 0.000000 0.000000
vn 1.000000 0.000000 0.000000
vn 1.000000 0.000000 0.000000
vn 1.000000 0.000000 0.000000
vn 1.000000 0.000000 0.000000
vn 1.000000 0.000000 0.000000
vn 1.000000 0.000000 0.000000
vn 1.000000 0.000000 0.000000
vn 1.000000 0.000000 0.000000
vn 1.000000 0.000000 0.000000
vn 1.000000 0.000000 0.000000
vn 1.000000 0.000000 0.000000
vn 1.000000 0.000000 0.000000
vn 1.000000 0.000000 0.000000
vn 1.000000 0.000000 0.000000
vn 1.000000 0.000000 0.000000
vn 1.000000 0.000000 0.000000
vn 1.000000 0.000000 0.000000
vn 1.000000 0.000000 0.000000
vn 1.000000 0.000000 0.000000
vn 1.000000 0.000000 0.000000
vn 1.000000 0.000000 0.000000
vn 1.000000 -0.000000 0.000000
vn 1.000000 0.000000 0.000000
vn 1.000000 0.000000 0.000000
vn 1.000000 0.000000 0.000000
vn 1.000000 0.000000 0.000000
vn 1.000000 0.000000 0.000000
vn 1.000000 -0.000000 0.000000
vn 1.000000 0.000000 0.000000
vn 1.000000 0.000000 0.000000
vn 1.000000 0.000000 0.000000
vn 1.000000 0.000000 0.000000
vn 1.000000 0.000000 0.000000
vn 1.000000 0.000000 0.000000
vn 1.000000 0.000000 0.000000
vn 1.000000 0.000000 0.000000
vn 1.000000 0.000000 0.000000
vn 1.000000 -0.000000 0.000000
vn 1.000000 0.000000 0.000000
vn 1.000000 0.000000 0.000000
vn 1.000000 0.000000 0.000000
vn 1.000000 -0.000000 0.000000
vn 1.000000 0.000000 0.000000
vn 1.000000 0.000000 0.000000
vn 1.000000 0.000000 0.000000
vn 1.000000 0.000000 0.000000
vn 1.000000 0.000000 0.000000
vn 1.000000 0.000000 0.000000
vn 1.000000 0.000000 0.000000
vn 1.000000 0.000000 0.000000
vn 1.000000 0.000000 0.000000
vn 1.000000 -0.000000 0.000000
vn 1.000000 0.000000 0.000000
vn 1.000000 0.000000 0.000000
vn 1.000000 0.000000 0.000000
vn 1.000000 -0.000000 0.000000
vn 1.000000 0.000000 0.000000
vn 1.000000 0.000000 0.000000
vn 1.000000 0.000000 0.000000
vn 1.000000 0.000000 0.000000
vn 1.000000 0.000000 0.000000
vn 1.000000 0.000000 0.000000
vn 1.000000 -0.000000 0.000000
vn 1.000000 0.000000 0.000000
vn 1.000000 0.000000 0.000000
vn 1.000000 0.000000 0.000000
vn 1.000000 0.000000 0.000000
vn 1.000000 0.000000 0.000000
vn 1.000000 0.000000 0.000000
vn 1.000000 -0.000000 0.000000
vn 1.000000 0.000000 0.000000
vn 1.000000 0.000000 0.000000
vn 1.000000 0.000000 0.000000
vn 1.000000 0.000000 0.000000
vn 1.000000 0.000000 0.000000
vn 1.000000 0.000000 0.000000
vn 1.000000 0.000000 0.000000
vn 1.000000 -0.000000 0.000000
vn 1.000000 0.000017 0.000009
vn 1.000000 0.000000 0.000001
vn 1.000000 0.000000 0.000001
vn 1.000000 0.000000 0.000000
vn 1.000000 0.000000 0.000000
vn 1.000000 -0.000000 0.000000
vn 1.000000 -0.000001 0.000000
vn 1.000000 0.000000 0.000001
vn 1.000000 0.000000 0.000000
vn 1.000000 0.000000 0.000000
vn 1.000000 -0.000000 0.000000
vn 1.000000 -0.000001 0.000000
vn 1.000000 0.000001 0.000001
vn 1.000000 0.000000 0.000001
vn 1.000000 0.000000 0.000000
vn 1.000000 -0.000000 0.000000
vn 1.000000 -0.000001 0.000000
vn 1.000000 0.000001 0.000001
vn 1.000000 0.000001 0.000001
vn 1.000000 0.000000 0.000000
vn 1.000000 0.000000 0.000000
vn 1.000000 -0.000000 0.000000
vn 1.000000 -0.000001 0.000000
vn 1.000000 0.000001 0.000001
vn 1.000000 0.000001 0.000001
vn 1.000000 -0.000000 0.000000
vn 1.000000 0.000000 0.000000
vn 1.000000 -0.000001 0.000000
vn 1.000000 0.000001 0.000001
vn 1.000000 0.000000 0.000000
vn 1.000000 0.000000 0.000000
vn 1.000000 -0.000000 0.000000
vn 1.000000 0.000001 0.000001
vn 1.000000 -0.000001 0.000000
vn 1.000000 -0.000000 0.000000
vn 1.000000 0.000000 0.000000
vn 1.000000 0.000000 0.000000
vn 1.000000 0.000000 0.000000
vn 1.000000 0.000000 0.000000
vn 1.000000 0.000000 0.000000
vn 1.000000 -0.000000 0.000000
vn 1.000000 0.000000 0.000000
vn 1.000000 -0.000001 0.000000
vn 1.000000 -0.000000 0.000000
vn 1.000000 0.000000 0.000000
vn 1.000000 -0.000000 0.000000
vn 1.000000 -0.000000 0.000000
vn 1.000000 0.000000 0.000000
vn 1.000000 -0.000000 0.000000
vn 1.000000 -0.000000 0.000000
vn 1.000000 -0.000000 0.000000
vn 1.000000 -0.000000 0.000000
vn 1.000000 0.000000 0.000000
vn 1.000000 -0.000000 0.000000
vn 1.000000 -0.000000 0.000000
vn 1.000000 -0.000000 0.000000
vn 1.000000 -0.000000 0.000000
vn 1.000000 0.000000 0.000000
vn 1.000000 -0.000000 0.000000
vn 1.000000 -0.000000 0.000000
vn 1.000000 -0.000000 0.000000
vn 1.000000 -0.000000 0.000000
vn 1.000000 0.000000 0.000000
vn 1.000000 -0.000000 0.000000
vn 1.000000 -0.000000 0.000000
vn 1.000000 -0.000000 0.000000
vn 1.000000 -0.000000 0.000000
vn 1.000000 -0.000000 0.000000
vn 1.000000 0.000000 0.000000
vn 1.000000 0.000000 0.000000
vn 1.000000 -0.000000 0.000000
vn 1.000000 0.000000 0.000000
vn 1.000000 0.000000 0.000000
vn 1.000000 -0.000000 0.000000
vn 1.000000 -0.000000 0.000000
vn 1.000000 0.000000 0.000000
vn 1.000000 -0.000000 0.000000
vn 1.000000 0.000000 0.000000
vn 1.000000 -0.000000 0.000000
vn 1.000000 0.000000 0.000000
vn 1.000000 -0.000000 0.000000
vn 1.000000 -0.000000 0.000000
vn 1.000000 0.000000 0.000000
vn 1.000000 -0.000000 0.000000
vn 1.000000 0.000000 0.000000
vn 1.000000 -0.000000 0.000000
vn 1.000000 -0.000000 0.000000
vn 1.000000 -0.000000 0.000000
vn 1.000000 0.000000 0.000000
vn 1.000000 -0.000000 0.000000
vn 1.000000 0.000000 0.000000
vn 1.000000 -0.000000 0.000000
vn 1.000000 0.000000 0.000000
vn 1.000000 -0.000000 0.000000
vn 1.000000 -0.000000 0.000000
vn 1.000000 0.000000 0.000000
vn 1.000000 -0.000000 0.000000
vn 1.000000 -0.000000 0.000000
vn 1.000000 0.000000 0.000000
vn 1.000000 -0.000000 0.000000
vn 1.000000 0.000000 0.000000
vn 1.000000 -0.000000 0.000000
vn 1.000000 -0.000000 0.000000
vn 1.000000 0.000000 0.000000
vn 1.000000 0.000000 0.000000
vn 1.000000 -0.000000 0.000000
vn 1.000000 -0.000000 0.000000
vn 1.000000 -0.000000 0.000000
vn 1.000000 -0.000000 0.000000
vn 1.000000 0.000000 0.000000
vn 1.000000 0.000000 0.000000
vn 1.000000 -0.000000 0.000000
vn 1.000000 -0.000000 0.000000
vn 1.000000 -0.000000 0.000000
vn 1.000000 -0.000000 0.000000
vn 1.000000 0.000000 0.000000
vn 1.000000 -0.000000 0.000000
vn 1.000000 -0.000000 0.000000
vn 1.000000 -0.000000 0.000000
vn 1.000000 0.000000 0.000000
vn 1.000000 -0.000000 0.000000
vn 1.000000 0.000000 0.000000
vn 1.000000 -0.000000 0.000000
vn 1.000000 0.000000 0.000000
vn 1.000000 0.000000 0.000000
vn 1.000000 -0.000000 0.000000
vn 1.000000 -0.000000 0.000000
vn 1.000000 0.000000 0.000000
vn 1.000000 -0.000000 0.000000
vn 1.000000 -0.000000 0.000000
vn 1.000000 0.000000 0.000000
vn 1.000000 0.000000 0.000000
vn 1.000000 -0.000000 0.000000
vn 1.000000 0.000000 0.000000
vn 1.000000 -0.000000 0.000000
vn 1.000000 0.000000 0.000000
vn 1.000000 -0.000000 0.000000
vn 1.000000 -0.000000 0.000000
vn 1.000000 0.000000 0.000000
vn 1.000000 -0.000000 0.000000
vn 1.000000 0.000000 0.000000
vn 1.000000 -0.000000 0.000000
vn 1.000000 -0.000000 0.000000
vn 1.000000 0.000000 0.000000
vn 1.000000 0.000000 0.000000
vn 1.000000 -0.000000 0.000000
vn 1.000000 -0.000000 0.000000
vn 1.000000 0.000000 0.000000
vn 1.000000 0.000000 0.000000
vn 1.000000 -0.000000 0.000000
vn 1.000000 -0.000000 0.000000
vn 1.000000 0.000000 0.000000
vn 1.000000 0.000000 0.000000
vn 1.000000 -0.000000 0.000000
vn 1.000000 -0.000000 0.000000
vn 1.000000 0.000000 0.000000
vn 1.000000 -0.000000 0.000000
vn 1.000000 -0.000000 0.000000
vn 1.000000 0.000000 0.000000
vn 1.000000 0.000000 0.000000
vn 1.000000 -0.000000 0.000000
vn 1.000000 -0.000000 0.000000
vn 1.000000 0.000000 0.000000
vn 1.000000 0.000000 0.000000
vn 1.000000 -0.000000 0.000000
vn 1.000000 -0.000000 0.000000
vn 1.000000 0.000000 0.000000
vn 1.000000 -0.000000 0.000000
vn 1.000000 -0.000000 0.000000
vn 1.000000 0.000000 0.000000
vn 1.000000 0.000000 0.000000
vn 1.000000 -0.000000 0.000000
vn 1.000000 -0.000000 0.000000
vn 1.000000 -0.000000 0.000000
vn 1.000000 -0.000000 0.000000
vn 1.000000 0.000000 0.000000
vn 1.000000 -0.000000 0.000000
vn 1.000000 -0.000000 0.000000
vn 1.000000 -0.000000 0.000000
vn 1.000000 0.000000 0.000000
vn 1.000000 0.000000 0.000000
vn 1.000000 0.000000 0.000000
vn 1.000000 -0.000000 0.000000
vn 1.000000 -0.000000 0.000000
vn 1.000000 -0.000000 0.000000
vn 1.000000 -0.000000 0.000000
vn 1.000000 -0.000000 0.000000
vn 1.000000 -0.000000 0.000000
vn 1.000000 -0.000000 0.000000
vn 1.000000 -0.000000 0.000000
vn 1.000000 0.000000 0.000000
vn 1.000000 0.000000 0.000000
vn 1.000000 0.000000 0.000000
vn 1.000000 -0.000000 0.000000
vn 1.000000 -0.000000 0.000000
vn 1.000000 -0.000000 0.000000
vn 1.000000 -0.000000 0.000000
vn 1.000000 -0.000000 0.000000
vn 1.000000 -0.000000 0.000000
vn 1.000000 0.000000 0.000000
vn 1.000000 0.000000 0.000000
vn 1.000000 0.000000 0.000000
vn 1.000000 -0.000000 0.000000
vn 1.000000 -0.000000 0.000000
vn 1.000000 -0.000000 0.000000
vn 1.000000 0.000000 0.000000
vn 1.000000 0.000000 0.000000
vn 1.000000 0.000000 0.000000
vn 1.000000 0.000000 0.000000
vn 1.000000 0.000000 0.000000
vn 1.000000 0.000000 0.000000
vn 1.000000 0.000000 0.000000
vn 1.000000 0.000000 0.000000
vn 1.000000 0.000000 0.000000
vn 1.000000 0.000000 0.000000
vn 1.000000 0.000000 0.000000
vn 1.000000 0.000000 0.000000
vn 1.000000 0.000000 0.000000
vn 1.000000 0.000000 0.000000
vn 1.000000 -0.000000 0.000000
vn 1.000000 0.000000 0.000001
vn 1.000000 0.000000 0.000001
vn 1.000000 0.000000 0.000001
vn 1.000000 -0.000010 0.000009
vn 1.000000 0.000000 0.000000
vn 1.000000 0.000000 0.000000
vn 1.000000 0.000000 0.000000
vn 1.000000 -0.000000 0.000000
vn 1.000000 0.000000 0.000000
vn 1.000000 0.000000 0.000000
vn 1.000000 0.000000 0.000000
vn 1.000000 0.000000 0.000000
vn 1.000000 0.000000 0.000000
vn 1.000000 0.000000 0.000000
vn 1.000000 0.000000 0.000000
vn 1.000000 0.000000 0.000000
vn 1.000000 0.000000 0.000000
vn 1.000000 0.000000 0.000000
vn 1.000000 0.000000 0.000000
vn 1.000000 0.000000 0.000000
vn 1.000000 0.000000 0.000000
vn 1.000000 0.000000 0.000000
vn 1.000000 0.000000 0.000000
vn 1.000000 0.000000 0.000000
vn 1.000000 0.000000 0.000000
vn 1.000000 0.000000 0.000000
vn 1.000000 0.000000 0.000000
vn 1.000000 0.000000 0.000000
vn 1.000000 0.000000 0.000000
vn 1.000000 0.000000 0.000000
vn 1.000000 0.000000 0.000000
vn 1.000000 0.000000 0.000000
vn 1.000000 0.000000 0.000000
vn 1.000000 0.000000 0.000000
vn 1.000000 0.000000 0.000000
vn 1.000000 0.000000 0.000000
vn 1.000000 0.000000 0.000000
vn 1.000000 0.000000 0.000000
vn 1.000000 0.000000 0.000000
vn 1.000000 0.000000 0.000000
vn 1.000000 0.000000 0.000000
vn 1.000000 0.000000 0.000000
vn 1.000000 0.000000 0.000000
vn 1.000000 0.000000 0.000000
vn 1.000000 0.000000 0.000000
vn 1.000000 0.000000 0.000000
vn 1.000000 0.000000 0.000000
vn 1.000000 0.000000 0.000000
vn 1.000000 0.000000 0.000000
vn 1.000000 0.000000 0.000000
vn 1.000000 0.000000 0.000000
vn 1.000000 0.000000 0.000000
vn 1.000000 0.000000 0.000000
vn 1.000000 0.000000 0.000000
vn 1.000000 0.000000 0.000000
vn 1.000000 0.000000 0.000000
vn 1.000000 0.000000 0.000000
vn 1.000000 0.000000 0.000000
vn 1.000000 0.000000 0.000000
vn 1.000000 0.000000 0.000000
vn 1.000000 0.000000 0.000001
vn 1.000000 0.000000 0.000001
vn 1.000000 0.000001 0.000000
vn 1.000000 -0.000000 0.000000
vn 1.000000 0.000000 0.000000
vn 1.000000 0.000000 0.000000
vn 1.000000 0.000000 0.000001
vn 1.000000 0.000000 0.000001
vn 1.000000 0.000000 0.000001
vn 1.000000 0.000001 0.000000
vn 1.000000 0.000000 0.000000
vn 1.000000 0.000000 0.000000
vn 1.000000 0.000000 0.000000
vn 1.000000 -0.000000 0.000000
vn 1.000000 0.000000 0.000001
vn 1.000000 0.000000 0.000001
vn 1.000000 0.000001 0.000000
vn 1.000000 0.000000 0.000000
vn 1.000000 0.000000 0.000000
vn 1.000000 -0.000000 0.000000
vn 1.000000 0.000000 0.000001
vn 1.000000 -0.000000 0.000001
vn 1.000000 0.000001 0.000000
vn 1.000000 0.000000 0.000000
vn 1.000000 0.000000 0.000000
vn 1.000000 -0.000000 0.000000
vn 1.000000 0.000001 0.000000
vn 1.000000 -0.000000 0.000001
vn 1.000000 -0.000000 0.000001
vn 1.000000 -0.000000 0.000000
vn 1.000000 0.000000 0.000000
vn 1.000000 0.000000 0.000000
vn 1.000000 0.000001 0.000000
vn 1.000000 -0.000000 0.000001
vn 1.000000 -0.000000 0.000001
vn 1.000000 0.000000 0.000000
vn 1.000000 0.000000 0.000000
vn 1.000000 -0.000000 0.000000
vn 1.000000 -0.000000 0.000001
vn 1.000000 -0.000000 0.000001
vn 1.000000 0.000001 0.000000
vn 1.000000 0.000000 0.000000
vn 1.000000 0.000000 0.000000
vn 1.000000 -0.000000 0.000000
vn 1.000000 0.000001 0.000000
vn 1.000000 -0.000000 0.000001
vn 1.000000 -0.000000 0.000001
vn 1.000000 0.000000 0.000000
vn 1.000000 0.000000 0.000000
vn 1.000000 -0.000000 0.000000
vn 1.000000 -0.000000 0.000001
vn 1.000000 -0.000001 0.000001
vn 1.000000 0.000001 0.000000
vn 1.000000 0.000000 0.000000
vn 1.000000 0.000000 0.000000
vn 1.000000 -0.000000 0.000000
vn 1.000000 -0.000001 0.000001
vn 1.000000 -0.000001 0.000001
vn 1.000000 0.000001 0.000000
vn 1.000000 0.000000 0.000000
vn 1.000000 -0.000000 0.000000
vn 1.000000 -0.000001 0.000001
vn 1.000000 0.000001 0.000000
vn 1.000000 0.000000 0.000000
vn 1.000000 0.000000 0.000000
vn 1.000000 -0.000000 0.000000
vn 1.000000 0.000000 0.000000
vn 1.000000 -0.000000 0.000000
vn 1.000000 0.000000 0.000000
vn 1.000000 0.000000 0.000000
vn 1.000000 0.000000 0.000000
vn 1.000000 -0.000000 0.000000
vn 1.000000 0.000000 0.000000
vn 1.000000 0.000000 0.000000
vn 1.000000 -0.000000 0.000000
vn 1.000000 0.000000 0.000000
vn 1.000000 -0.000000 0.000000
vn 1.000000 0.000000 0.000000
vn 1.000000 0.000000 0.000000
vn 1.000000 -0.000000 0.000000
vn 1.000000 0.000000 0.000000
vn 1.000000 0.000000 0.000000
vn 1.000000 -0.000000 0.000000
vn 1.000000 0.000000 0.000000
vn 1.000000 -0.000000 0.000000
vn 1.000000 0.000000 0.000000
vn 1.000000 0.000000 0.000000
vn 1.000000 0.000000 0.000000
vn 1.000000 -0.000000 0.000000
vn 1.000000 0.000000 0.000000
vn 1.000000 0.000000 0.000000
vn 1.000000 -0.000000 0.000000
vn 1.000000 0.000000 0.000000
vn 1.000000 -0.000000 0.000000
vn 1.000000 0.000000 0.000000
vn 1.000000 0.000000 0.000000
vn 1.000000 -0.000000 0.000000
vn 1.000000 0.000000 0.000000
vn 1.000000 -0.000000 0.000000
vn 1.000000 0.000000 0.000000
vn 1.000000 0.000000 0.000000
vn 1.000000 0.000000 0.000000
vn 1.000000 -0.000000 0.000000
vn 1.000000 0.000000 0.000000
vn 1.000000 0.000000 0.000000
vn 1.000000 -0.000000 0.000000
vn 1.000000 0.000000 0.000000
vn 1.000000 -0.000000 0.000000
vn 1.000000 0.000000 0.000000
vn 1.000000 0.000000 0.000000
vn 1.000000 0.000000 0.000000
vn 1.000000 -0.000000 0.000000
vn 1.000000 0.000000 0.000000
vn 1.000000 -0.000000 0.000000
vn 1.000000 0.000000 0.000000
vn 1.000000 0.000000 0.000000
vn 1.000000 0.000000 0.000000
vn 1.000000 0.000000 0.000000
vn 1.000000 0.000000 0.000000
vn 1.000000 0.000000 0.000000
vn 1.000000 0.000000 0.000000
vn 1.000000 0.000000 0.000000
vn 1.000000 0.000000 0.000000
vn 1.000000 0.000000 0.000000
vn 1.000000 0.000000 0.000000
vn 1.000000 0.000000 0.000000
vn 1.000000 0.000000 0.000000
vn 1.000000 0.000000 0.000000
vn 1.000000 0.000000 0.000000
vn 1.000000 0.000000 0.000000
vn 1.000000 0.000000 0.000000
vn 1.000000 0.000000 0.000000
vn 1.000000 0.000000 0.000000
vn 1.000000 0.000000 0.000000
vn 1.000000 0.000000 0.000000
vn 1.000000 0.000000 0.000000
vn 1.000000 0.000000 0.000000
vn 1.000000 0.000000 0.000000
vn 1.000000 0.000000 0.000000
vn 1.000000 0.000000 0.000000
vn 1.000000 0.000000 0.000000
vn 1.000000 0.000000 0.000000
vn 1.000000 0.000000 0.000000
vn 1.000000 0.000000 0.000000
vn 1.000000 0.000000 0.000000
vn 1.000000 0.000000 0.000000
vn 1.000000 0.000000 0.000000
vn 1.000000 0.000000 0.000000
vn 1.000000 0.000000 0.000000
vn 1.000000 0.000000 0.000000
vn 1.000000 0.000000 0.000000
vn 1.000000 0.000000 0.000000
vn 1.000000 -0.000004 0.000001
vn 1.000000 -0.000004 0.000001
vn 1.000000 -0.000004 0.000001
vn 1.000000 -0.000004 0.000000
vn 1.000000 -0.000004 0.000000
vn 1.000000 -0.000004 0.000000
vn 1.000000 -0.000004 -0.000000
vn 1.000000 -0.000003 -0.000000
vn 1.000000 -0.000003 -0.000000
vn 1.000000 -0.000003 -0.000001
vn 1.000000 -0.000003 -0.000001
vn 1.000000 -0.000003 -0.000001
vn 1.000000 -0.000003 -0.000001
vn 1.000000 -0.000003 -0.000001
vn 1.000000 -0.000003 -0.000001
vn 1.000000 -0.000003 -0.000001
vn 1.000000 -0.000003 -0.000002
vn 1.000000 -0.000003 -0.000002
vn 1.000000 -0.000003 -0.000002
vn 1.000000 -0.000003 -0.000002
vn 1.000000 -0.000003 -0.000002
vn 1.000000 -0.000002 -0.000002
vn 1.000000 -0.000002 -0.000003
vn 1.000000 -0.000002 -0.000003
vn 1.000000 -0.000001 0.000000
vn 1.000000 -0.000002 -0.000003
vn 1.000000 -0.000001 0.000000
vn 1.000000 -0.000002 -0.000003
vn 1.000000 -0.000001 0.000000
vn 1.000000 -0.000002 -0.000004
vn 1.000000 -0.000002 -0.000004
vn 1.000000 -0.000001 0.000000
vn 1.000000 -0.000002 -0.000004
vn 1.000000 -0.000001 0.000000
vn 1.000000 -0.000002 -0.000004
vn 1.000000 -0.000001 0.000000
vn 1.000000 -0.000002 -0.000005
vn 1.000000 -0.000002 -0.000005
vn 1.000000 -0.000001 -0.000006
vn 1.000000 -0.000001 -0.000007
vn 1.000000 -0.000001 -0.000007
vn 1.000000 -0.000003 -0.000001
vn 1.000000 -0.000000 0.000001
vn 1.000000 -0.000001 0.000001
vn 1.000000 -0.000001 0.000001
vn 1.000000 -0.000001 0.000001
vn 1.000000 -0.000001 0.000001
vn 1.000000 -0.000001 0.000001
vn 1.000000 -0.000001 0.000001
vn 1.000000 -0.000000 0.000001
vn 1.000000 -0.000001 0.000000
vn 1.000000 -0.000001 0.000000
vn 1.000000 -0.000001 -0.000000
vn 1.000000 -0.000001 -0.000000
vn 1.000000 0.000007 0.000013
vn 1.000000 0.000005 0.000010
vn 1.000000 0.000003 0.000008
vn 1.000000 0.000002 0.000007
vn 1.000000 0.000002 0.000006
vn 1.000000 0.000001 0.000005
vn 1.000000 0.000001 0.000005
vn 1.000000 0.000001 0.000004
vn 1.000000 0.000000 0.000004
vn 1.000000 0.000000 0.000004
vn 1.000000 0.000000 0.000004
vn 1.000000 -0.000000 0.000003
vn 1.000000 -0.000000 0.000003
vn 1.000000 -0.000000 0.000003
vn 1.000000 -0.000001 0.000003
vn 1.000000 -0.000001 0.000003
vn 1.000000 -0.000001 0.000003
vn 1.000000 -0.000001 0.000003
vn 1.000000 -0.000001 0.000002
vn 1.000000 -0.000001 0.000002
vn 1.000000 -0.000001 0.000002
vn 1.000000 -0.000000 0.000001
vn 1.000000 -0.000001 0.000002
vn 1.000000 -0.000001 0.000002
vn 1.000000 -0.000001 0.000002
vn 1.000000 -0.000002 0.000002
vn 1.000000 -0.000002 0.000002
vn 1.000000 -0.000002 0.000002
vn 1.000000 -0.000002 0.000002
vn 1.000000 -0.000002 0.000001
vn 1.000000 -0.000002 0.000001
vn 1.000000 -0.000002 0.000001
vn 1.000000 -0.000002 0.000001
vn 1.000000 -0.000002 0.000001
vn 1.000000 -0.000002 0.000001
vn 1.000000 -0.000002 0.000001
vn 1.000000 -0.000003 0.000001
vn 1.000000 -0.000004 0.000000
vn 1.000000 0.000000 0.000004
vn 1.000000 -0.000000 0.000001
vn 1.000000 -0.000000 0.000001
vn 1.000000 -0.000000 0.000001
vn 0.000000 0.000001 -1.000000
vn -0.000001 -0.000000 -1.000000
vn 0.000000 -0.000000 -1.000000
vn 0.000000 0.000000 -1.000000
vn -1.000000 0.000000 0.000000
vn -1.000000 0.000000 -0.000000
vn -1.000000 0.000000 0.000000
vn -1.000000 0.000000 -0.000000
vn -1.000000 0.000000 0.000000
vn -1.000000 0.000000 -0.000000
vn -1.000000 0.000000 0.000000
vn -1.000000 0.000000 -0.000000
vn -1.000000 0.000000 0.000000
vn -1.000000 0.000000 -0.000000
vn -1.000000 0.000000 0.000000
vn -1.000000 0.000000 -0.000000
vn -1.000000 0.000000 0.000000
vn -1.000000 0.000000 -0.000000
vn -1.000000 0.000000 0.000000
vn -1.000000 0.000000 -0.000000
vn -1.000000 0.000000 0.000000
vn -1.000000 0.000000 -0.000000
vn -1.000000 0.000000 0.000000
vn -1.000000 0.000000 -0.000000
vn -1.000000 0.000000 0.000000
vn -1.000000 0.000000 -0.000000
vn -1.000000 0.000000 0.000000
vn -1.000000 0.000000 -0.000000
vn -1.000000 0.000000 0.000000
vn -1.000000 0.000000 -0.000000
vn -1.000000 0.000000 0.000000
vn -0.999985 0.003718 -0.004097
vn -1.000000 0.000000 -0.000000
vn -1.000000 -0.000000 -0.000002
vn -1.000000 0.000000 -0.000002
vn -1.000000 0.000000 0.000000
vn -1.000000 0.000000 0.000000
vn -1.000000 0.000000 0.000000
vn -1.000000 0.000000 0.000000
vn -1.000000 0.000000 -0.000002
vn -1.000000 0.000000 0.000000
vn -1.000000 0.000000 -0.000002
vn -1.000000 0.000000 0.000000
vn -1.000000 0.000000 -0.000002
vn -1.000000 0.000000 0.000000
vn -1.000000 0.000000 -0.000002
vn -1.000000 0.000000 0.000000
vn -1.000000 0.000001 -0.000002
vn -1.000000 0.000000 0.000000
vn -1.000000 0.000001 -0.000003
vn -1.000000 0.000000 0.000000
vn -1.000000 0.000001 -0.000003
vn -1.000000 0.000000 0.000000
vn -1.000000 0.000001 -0.000003
vn -1.000000 0.000000 0.000000
vn -1.000000 0.000002 -0.000004
vn -1.000000 0.000000 0.000000
vn -1.000000 0.000002 -0.000004
vn -1.000000 0.000000 0.000000
vn -1.000000 0.000004 -0.000006
vn -1.000000 0.000000 0.000000
vn -1.000000 0.000000 0.000000
vn -1.000000 0.000000 0.000000
vn -1.000000 0.000000 0.000000
vn -1.000000 0.000000 0.000000
vn -1.000000 0.000000 0.000000
vn -1.000000 0.000000 0.000000
vn -1.000000 0.000000 0.000000
vn -1.000000 0.000000 0.000000
vn -1.000000 0.000000 0.000000
vn -1.000000 0.000000 0.000000
vn -1.000000 0.000000 0.000000
vn -1.000000 0.000000 0.000000
vn -1.000000 0.000000 0.000000
vn -1.000000 0.000000 0.000000
vn -1.000000 0.000000 0.000000
vn -1.000000 0.000000 0.000000
vn -1.000000 0.000000 0.000000
vn -1.000000 0.000000 0.000000
vn -1.000000 0.000000 0.000000
vn -1.000000 0.000000 0.000000
vn -1.000000 0.000000 0.000000
vn -1.000000 0.000000 0.000000
vn -1.000000 0.000000 0.000000
vn -1.000000 0.000000 0.000000
vn -1.000000 0.000000 0.000000
vn -1.000000 0.000000 0.000000
vn -1.000000 0.000000 0.000000
vn -1.000000 0.000000 -0.000000
vn -1.000000 0.000000 0.000000
vn -1.000000 0.000000 0.000000
vn -1.000000 0.000000 0.000000
vn -1.000000 0.000000 0.000000
vn -1.000000 0.000000 0.000000
vn -1.000000 0.000000 0.000000
vn -1.000000 0.000000 0.000000
vn -1.000000 0.000000 0.000000
vn -1.000000 0.000000 0.000000
vn -1.000000 0.000000 -0.000000
vn -1.000000 0.000000 0.000000
vn -1.000000 0.000000 0.000000
vn -1.000000 0.000000 0.000000
vn -1.000000 0.000000 0.000000
vn -1.000000 0.000000 0.000000
vn -1.000000 0.000000 0.000000
vn -1.000000 0.000000 0.000000
vn -1.000000 0.000000 -0.000000
vn -1.000000 0.000000 0.000000
vn -1.000000 0.000000 0.000000
vn -1.000000 0.000000 0.000000
vn -1.000000 0.000000 -0.000000
vn -1.000000 0.000000 0.000000
vn -1.000000 0.000000 0.000000
vn -1.000000 0.000000 0.000000
vn -1.000000 0.000000 0.000000
vn -1.000000 0.000000 0.000000
vn -1.000000 0.000000 0.000000
vn -1.000000 0.000000 -0.000000
vn -1.000000 0.000000 0.000000
vn -1.000000 0.000000 0.000000
vn -1.000000 0.000000 0.000000
vn -1.000000 0.000000 0.000000
vn -1.000000 0.000000 0.000000
vn -1.000000 0.000000 0.000000
vn -1.000000 0.000000 -0.000000
vn -1.000000 0.000000 -0.000000
vn -1.000000 0.000000 -0.000000
vn -1.000000 0.000000 0.000000
vn -1.000000 0.000000 -0.000000
vn -1.000000 0.000000 -0.000000
vn -1.000000 0.000000 -0.000000
vn -1.000000 0.000000 0.000000
vn -1.000000 0.000000 -0.000000
vn -1.000000 0.000000 -0.000000
vn -1.000000 0.000000 -0.000000
vn -1.000000 0.000000 0.000000
vn -1.000000 0.000000 -0.000000
vn -1.000000 0.000000 -0.000000
vn -1.000000 0.000000 -0.000000
vn -1.000000 0.000000 0.000000
vn -1.000000 0.000000 -0.000000
vn -1.000000 0.000000 -0.000000
vn -1.000000 0.000000 -0.000000
vn -1.000000 0.000000 0.000000
vn -1.000000 0.000000 -0.000000
vn -1.000000 0.000000 -0.000000
vn -1.000000 0.000000 -0.000000
vn -1.000000 0.000000 0.000000
vn -1.000000 0.000000 -0.000000
vn -1.000000 0.000000 -0.000000
vn -1.000000 0.000000 0.000000
vn -1.000000 0.000000 -0.000000
vn -1.000000 0.000000 -0.000000
vn -1.000000 0.000000 -0.000000
vn -1.000000 0.000000 0.000000
vn -1.000000 0.000000 -0.000000
vn -1.000000 0.000000 -0.000000
vn -1.000000 0.000000 -0.000000
vn -1.000000 0.000000 0.000000
vn -1.000000 0.000000 -0.000000
vn -1.000000 0.000000 -0.000000
vn -1.000000 0.000000 0.000000
vn -1.000000 0.000000 0.000000
vn -1.000000 0.000000 -0.000000
vn -1.000000 0.000000 0.000000
vn -1.000000 0.000000 0.000000
vn -1.000000 0.000000 0.000000
vn -1.000000 0.000000 0.000000
vn -1.000000 0.000000 0.000000
vn -1.000000 0.000000 0.000000
vn -1.000000 0.000000 0.000000
vn -1.000000 0.000000 0.000000
vn -1.000000 0.000000 0.000000
vn -1.000000 0.000000 0.000000
vn -1.000000 0.000000 -0.000000
vn -1.000000 0.000000 0.000000
vn -1.000000 0.000000 -0.000000
vn -1.000000 0.000000 0.000000
vn -1.000000 0.000000 -0.000000
vn -1.000000 0.000000 0.000000
vn -1.000000 0.000000 -0.000000
vn -1.000000 0.000000 0.000000
vn -1.000000 0.000000 -0.000000
vn -1.000000 0.000000 0.000000
vn -1.000000 0.000000 -0.000000
vn -1.000000 0.000000 0.000000
vn -1.000000 0.000000 -0.000000
vn -1.000000 0.000000 0.000000
vn -1.000000 0.000000 -0.000000
vn -1.000000 0.000000 0.000000
vn -1.000000 0.000000 -0.000000
vn -1.000000 0.000000 0.000000
vn -1.000000 0.000000 -0.000000
vn -1.000000 0.000000 -0.000000
vn -1.000000 0.000000 -0.000000
vn -1.000000 0.000000 0.000000
vn -1.000000 -0.000000 -0.000000
vn -1.000000 0.000000 0.000000
vn -1.000000 0.000000 0.000000
vn -1.000000 0.000000 -0.000000
vn -1.000000 0.000000 -0.000000
vn -1.000000 -0.000000 -0.000000
vn -1.000000 -0.000000 -0.000000
vn -1.000000 0.000000 0.000000
vn -1.000000 0.000000 -0.000000
vn -1.000000 0.000000 -0.000000
vn -1.000000 0.000000 -0.000000
vn -1.000000 0.000000 -0.000000
vn -1.000000 0.000000 0.000000
vn -1.000000 0.000000 -0.000000
vn -1.000000 0.000000 -0.000000
vn -1.000000 0.000000 0.000000
vn -1.000000 0.000000 0.000000
vn -1.000000 0.000000 0.000000
vn -1.000000 0.000000 -0.000000
vn -1.000000 0.000000 -0.000000
vn -1.000000 0.000000 0.000000
vn -1.000000 0.000000 0.000000
vn -1.000000 0.000000 0.000000
vn -1.000000 0.000000 0.000000
vn -1.000000 0.000000 -0.000000
vn -1.000000 0.000000 0.000000
vn -1.000000 0.000000 -0.000000
vn -1.000000 0.000000 0.000000
vn -1.000000 0.000000 0.000000
vn -1.000000 0.000000 0.000000
vn -1.000000 0.000000 0.000000
vn -1.000000 0.000000 -0.000000
vn -1.000000 0.000000 0.000000
vn -1.000000 0.000000 0.000000
vn -1.000000 0.000000 0.000000
vn -1.000000 0.000000 0.000000
vn -1.000000 0.000000 0.000000
vn -1.000000 0.000000 -0.000000
vn -1.000000 0.000000 0.000000
vn -1.000000 0.000000 0.000000
vn -1.000000 0.000000 0.000000
vn -1.000000 0.000000 0.000000
vn -1.000000 0.000000 0.000000
vn -1.000000 0.000000 -0.000000
vn -1.000000 0.000000 0.000000
vn -1.000000 0.000000 0.000000
vn -1.000000 0.000000 0.000000
vn -1.000000 0.000000 0.000000
vn -1.000000 0.000000 0.000000
vn -1.000000 0.000000 0.000000
vn -1.000000 0.000000 0.000000
vn -1.000000 0.000000 0.000000
vn -1.000000 0.000000 0.000000
vn -1.000000 0.000000 0.000000
vn -1.000000 0.000000 -0.000000
vn -1.000000 0.000000 0.000000
vn -1.000000 0.000000 0.000000
vn -1.000000 0.000000 0.000000
vn -1.000000 0.000000 0.000000
vn -1.000000 0.000000 0.000000
vn -1.000000 0.000000 0.000000
vn -1.000000 0.000000 0.000000
vn -1.000000 0.000000 -0.000000
vn -1.000000 0.000000 0.000000
vn -1.000000 0.000000 0.000000
vn -1.000000 0.000000 0.000000
vn -1.000000 0.000000 0.000000
vn -1.000000 0.000000 0.000000
vn -1.000000 0.000000 0.000000
vn -1.000000 0.000000 0.000000
vn -1.000000 0.000000 -0.000000
vn -1.000000 0.000000 0.000000
vn -1.000000 0.000000 0.000000
vn -1.000000 0.000000 0.000000
vn -1.000000 0.000000 0.000000
vn -1.000000 -0.000000 -0.000000
vn -1.000000 -0.000000 -0.000000
vn -1.000000 -0.000000 -0.000000
vn -1.000000 -0.000000 -0.000000
vn -1.000000 -0.000000 -0.000000
vn -1.000000 -0.000000 -0.000000
vn -1.000000 -0.000000 -0.000000
vn -1.000000 -0.000000 -0.000000
vn -1.000000 -0.000000 -0.000000
vn -1.000000 -0.000000 -0.000000
vn -1.000000 -0.000000 -0.000000
vn -1.000000 -0.000000 -0.000000
vn -1.000000 -0.000000 -0.000001
vn -1.000000 0.000000 -0.000000
vn -1.000000 -0.000000 -0.000000
vn -1.000000 0.000000 0.000000
vn -1.000000 0.000000 -0.000000
vn -1.000000 0.000000 -0.000000
vn -1.000000 0.000000 -0.000000
vn -1.000000 0.000000 -0.000000
vn -1.000000 0.000000 -0.000000
vn -1.000000 0.000000 -0.000000
vn -1.000000 0.000000 0.000000
vn -1.000000 0.000000 -0.000000
vn -1.000000 0.000000 0.000000
vn -1.000000 0.000000 0.000000
vn -1.000000 0.000000 0.000000
vn -1.000000 0.000000 0.000000
vn -1.000000 0.000000 0.000000
vn -1.000000 0.000000 0.000000
vn -1.000000 0.000000 0.000000
vn -1.000000 0.000000 0.000000
vn -1.000000 0.000000 0.000000
vn -1.000000 0.000000 0.000000
vn -1.000000 0.000000 -0.000000
vn -1.000000 0.000000 0.000000
vn -1.000000 0.000000 0.000000
vn -1.000000 0.000000 0.000000
vn -1.000000 0.000000 0.000000
vn -1.000000 0.000000 0.000000
vn -1.000000 0.000000 0.000000
vn -1.000000 0.000000 0.000000
vn -1.000000 0.000000 0.000000
vn -1.000000 0.000000 0.000000
vn -1.000000 0.000000 0.000000
vn -1.000000 0.000000 0.000000
vn -1.000000 0.000000 0.000000
vn -1.000000 0.000000 0.000000
vn -1.000000 0.000000 0.000000
vn -1.000000 0.000000 0.000000
vn -1.000000 0.000000 0.000000
vn -1.000000 0.000000 -0.000000
vn -1.000000 0.000000 0.000000
vn -1.000000 0.000000 0.000000
vn -1.000000 0.000000 0.000000
vn -1.000000 0.000000 0.000000
vn -1.000000 0.000000 0.000000
vn -1.000000 0.000000 0.000000
vn -1.000000 0.000000 0.000000
vn -1.000000 0.000000 -0.000000
vn -1.000000 0.000000 -0.000000
vn -1.000000 0.000000 0.000000
vn -1.000000 0.000000 0.000000
vn -1.000000 0.000000 0.000000
vn -1.000000 0.000000 0.000000
vn -1.000000 0.000000 0.000000
vn -1.000000 0.000000 0.000000
vn -1.000000 0.000000 0.000000
vn -1.000000 0.000000 0.000000
vn -1.000000 0.000000 0.000000
vn -1.000000 0.000000 0.000000
vn -1.000000 0.000000 0.000000
vn -1.000000 0.000000 0.000000
vn -1.000000 0.000000 0.000000
vn -1.000000 0.000000 0.000000
vn -1.000000 0.000000 0.000000
vn -1.000000 0.000000 0.000000
vn -1.000000 0.000000 0.000000
vn -1.000000 0.000000 0.000000
vn -1.000000 0.000000 0.000000
vn -1.000000 0.000000 0.000000
vn -1.000000 0.000000 0.000000
vn -1.000000 0.000000 0.000000
vn -1.000000 0.000000 0.000000
vn -1.000000 0.000000 0.000000
vn -1.000000 0.000000 0.000000
vn -1.000000 0.000000 0.000000
vn -1.000000 0.000000 0.000000
vn -1.000000 0.000000 0.000000
vn -1.000000 0.000000 0.000000
vn -1.000000 0.000000 0.000000
vn -1.000000 0.000000 -0.000000
vn -1.000000 0.000000 -0.000000
vn -1.000000 0.000000 -0.000000
vn -1.000000 0.000000 0.000000
vn -1.000000 0.000000 0.000000
vn -1.000000 0.000000 0.000000
vn -1.000000 0.000000 0.000000
vn -1.000000 0.000000 0.000000
vn -1.000000 0.000000 0.000000
vn -1.000000 0.000000 0.000000
vn -1.000000 0.000000 0.000000
vn -1.000000 0.000000 0.000000
vn -1.000000 0.000000 0.000000
vn -1.000000 0.000000 0.000000
vn -1.000000 0.000000 0.000000
vn -1.000000 0.000000 0.000000
vn -1.000000 0.000000 0.000000
vn -1.000000 0.000000 0.000000
vn -1.000000 0.000000 0.000000
vn -1.000000 0.000000 0.000000
vn -1.000000 0.000000 0.000000
vn -1.000000 0.000000 0.000000
vn -1.000000 0.000000 -0.000000
vn -1.000000 0.000000 -0.000000
vn -1.000000 0.000000 0.000000
vn -1.000000 0.000000 0.000000
vn -1.000000 0.000000 0.000000
vn -1.000000 0.000000 0.000000
vn -1.000000 0.000000 0.000000
vn -1.000000 0.000000 -0.000000
vn -1.000000 0.000000 -0.000000
vn -1.000000 0.000000 -0.000000
vn -1.000000 0.000000 0.000000
vn -1.000000 0.000000 0.000000
vn -1.000000 0.000000 0.000000
vn -1.000000 0.000000 0.000000
vn -1.000000 0.000000 0.000000
vn -1.000000 0.000000 -0.000000
vn -1.000000 0.000000 -0.000000
vn -1.000000 0.000000 0.000000
vn -1.000000 0.000000 0.000000
vn -1.000000 0.000000 0.000000
vn -1.000000 0.000000 0.000000
vn -1.000000 0.000000 -0.000000
vn -1.000000 0.000000 -0.000000
vn -1.000000 0.000000 -0.000000
vn -1.000000 0.000000 0.000000
vn -1.000000 0.000000 0.000000
vn -1.000000 0.000000 0.000000
vn -1.000000 0.000000 0.000000
vn -1.000000 0.000000 0.000000
vn -1.000000 0.000000 -0.000000
vn -1.000000 0.000000 0.000000
vn -1.000000 0.000000 0.000000
vn -1.000000 0.000000 0.000000
vn -1.000000 0.000000 0.000000
vn -1.000000 0.000000 0.000000
vn -1.000000 0.000000 0.000000
vn -1.000000 0.000000 0.000000
vn -1.000000 0.000000 0.000000
vn -1.000000 0.000000 0.000000
vn -1.000000 0.000000 0.000000
vn -1.000000 0.000000 0.000000
vn -1.000000 0.000000 0.000000
vn -1.000000 0.000000 0.000000
vn -1.000000 0.000000 0.000000
vn -1.000000 0.000000 0.000000
vn -1.000000 0.000000 0.000000
vn -1.000000 0.000000 0.000000
vn -1.000000 0.000000 0.000000
vn -1.000000 0.000000 0.000000
vn -1.000000 0.000000 0.000000
vn -1.000000 0.000000 -0.000000
vn -1.000000 0.000000 -0.000000
vn -1.000000 0.000000 -0.000000
vn -1.000000 0.000000 -0.000000
vn -1.000000 0.000000 -0.000000
vn -1.000000 0.000000 -0.000000
vn -1.000000 0.000000 -0.000000
vn -1.000000 0.000000 0.000000
vn -1.000000 0.000000 0.000000
vn -1.000000 0.000000 0.000000
vn -1.000000 0.000000 0.000000
vn -1.000000 0.000000 0.000000
vn -1.000000 0.000000 0.000000
vn -1.000000 0.000000 0.000000
vn -1.000000 0.000000 0.000000
vn -1.000000 0.000000 0.000000
vn -1.000000 0.000000 0.000000
vn -1.000000 0.000000 0.000000
vn -1.000000 0.000000 0.000000
vn -1.000000 0.000000 0.000000
vn -1.000000 0.000000 0.000000
vn -1.000000 0.000000 0.000000
vn -1.000000 0.000000 0.000000
vn -1.000000 0.000000 0.000000
vn -1.000000 0.000000 0.000000
vn -1.000000 0.000000 0.000000
vn -1.000000 0.000000 0.000000
vn -1.000000 0.000000 0.000000
vn -1.000000 0.000000 0.000000
vn -1.000000 0.000000 0.000000
vn -1.000000 0.000000 0.000000
vn -1.000000 0.000000 0.000000
vn -1.000000 0.000000 -0.000000
vn -1.000000 0.000000 0.000000
vn -1.000000 0.000000 -0.000000
vn -1.000000 0.000000 0.000000
vn -1.000000 0.000000 0.000000
vn -1.000000 0.000000 0.000000
vn -1.000000 0.000000 0.000000
vn -1.000000 0.000000 0.000000
vn -1.000000 0.000000 0.000000
vn -1.000000 0.000000 0.000000
vn -1.000000 0.000000 0.000000
vn -1.000000 0.000000 0.000000
vn -1.000000 0.000000 0.000000
vn -1.000000 0.000000 0.000000
vn -1.000000 0.000000 0.000000
vn -1.000000 0.000000 0.000000
vn -1.000000 0.000000 0.000000
vn -1.000000 0.000000 0.000000
vn -1.000000 0.000000 0.000000
vn -1.000000 0.000000 0.000000
vn -1.000000 0.000000 0.000000
vn -1.000000 0.000000 0.000000
vn -1.000000 0.000000 0.000000
vn -1.000000 0.000000 0.000000
vn -1.000000 0.000000 -0.000000
vn -1.000000 0.000000 0.000000
vn -1.000000 0.000000 0.000000
vn -1.000000 0.000000 -0.000000
vn -1.000000 0.000000 0.000000
vn -1.000000 0.000000 0.000000
vn -1.000000 0.000000 -0.000000
vn -1.000000 0.000000 0.000000
vn -1.000000 0.000000 -0.000000
vn -1.000000 0.000000 0.000000
vn -1.000000 0.000000 0.000000
vn -1.000000 0.000000 -0.000000
vn -1.000000 0.000000 0.000000
vn -1.000000 0.000000 0.000000
vn -1.000000 0.000000 -0.000000
vn -1.000000 0.000000 0.000000
vn -1.000000 0.000000 0.000000
vn -1.000000 0.000000 -0.000000
vn -1.000000 0.000000 0.000000
vn -1.000000 0.000000 0.000000
vn -1.000000 0.000000 -0.000000
vn -1.000000 0.000000 0.000000
vn -1.000000 0.000000 -0.000000
vn -1.000000 0.000000 0.000000
vn -1.000000 0.000000 0.000000
vn -1.000000 0.000000 -0.000000
vn -1.000000 0.000000 0.000000
vn -1.000000 0.000000 0.000000
vn -1.000000 0.000000 -0.000000
vn -1.000000 0.000000 0.000000
vn -1.000000 0.000000 0.000000
vn -1.000000 0.000000 -0.000000
vn -1.000000 0.000000 0.000000
vn -1.000000 0.000000 -0.000000
vn -1.000000 0.000000 0.000000
vn -1.000000 0.000000 0.000000
vn -1.000000 0.000000 -0.000000
vn -1.000000 0.000000 0.000000
vn -1.000000 0.000000 0.000000
vn -1.000000 0.000000 -0.000000
vn -1.000000 0.000000 0.000000
vn -1.000000 0.000000 -0.000000
vn -1.000000 0.000000 0.000000
vn -1.000000 0.000000 0.000000
vn -1.000000 0.000000 0.000000
vn -1.000000 0.000000 -0.000000
vn -1.000000 0.000000 0.000000
vn -1.000000 0.000000 0.000000
vn -1.000000 0.000000 -0.000000
vn -1.000000 0.000000 0.000000
vn -1.000000 0.000000 0.000000
vn -1.000000 0.000000 0.000000
vn -1.000000 0.000000 0.000000
vn -1.000000 0.000000 0.000000
vn -1.000000 0.000000 0.000000
vn -1.000000 0.000000 0.000000
vn -1.000000 0.000000 0.000000
vn -1.000000 0.000000 0.000000
vn -1.000000 0.000000 0.000000
vn -1.000000 0.000000 0.000000
vn -1.000000 0.000000 0.000000
vn -1.000000 0.000000 0.000000
vn -1.000000 0.000000 0.000000
vn -1.000000 0.000000 0.000000
vn -1.000000 0.000000 0.000000
vn -1.000000 0.000000 0.000000
vn -1.000000 0.000000 0.000000
vn -1.000000 0.000000 0.000000
vn -1.000000 0.000000 0.000000
vn -1.000000 0.000000 0.000000
vn -1.000000 0.000000 0.000000
vn -1.000000 0.000000 0.000000
vn -1.000000 0.000000 0.000000
vn -1.000000 0.000000 0.000000
vn -1.000000 0.000000 0.000000
vn -1.000000 0.000000 0.000000
vn -1.000000 0.000000 0.000000
vn -1.000000 0.000000 0.000000
vn -1.000000 0.000000 0.000000
vn -1.000000 0.000000 0.000000
vn -1.000000 0.000000 -0.000000
vn -1.000000 0.000000 -0.000000
vn -1.000000 0.000000 0.000000
vn -1.000000 0.000000 -0.000000
vn -1.000000 0.000000 0.000000
vn -1.000000 0.000000 -0.000000
vn -1.000000 0.000000 0.000000
vn -1.000000 0.000000 -0.000000
vn -1.000000 0.000000 0.000000
vn -1.000000 0.000000 -0.000000
vn -1.000000 0.000000 0.000000
vn -1.000000 0.000000 -0.000000
vn -1.000000 0.000000 0.000000
vn -1.000000 0.000000 -0.000000
vn -1.000000 0.000000 -0.000000
vn -1.000000 0.000000 -0.000000
vn -1.000000 0.000000 -0.000000
vn -1.000000 0.000000 -0.000000
vn -1.000000 0.000000 -0.000000
vn -1.000000 0.000000 -0.000000
vn -1.000000 0.000000 -0.000000
vn -1.000000 0.000000 -0.000000
vn -1.000000 0.000000 -0.000000
vn -1.000000 0.000000 -0.000000
vn -1.000000 0.000000 -0.000000
vn -1.000000 0.000000 -0.000000
vn -1.000000 0.000000 -0.000000
vn -1.000000 0.000000 -0.000000
vn -1.000000 0.000000 -0.000000
vn -1.000000 0.000000 -0.000000
vn -1.000000 0.000000 -0.000000
vn -1.000000 0.000000 -0.000000
vn -1.000000 0.000000 -0.000000
vn -1.000000 0.000000 0.000000
vn -1.000000 0.000000 0.000000
vn -1.000000 0.000000 0.000000
vn -1.000000 0.000000 0.000000
vn -1.000000 0.000000 0.000000
vn -1.000000 0.000000 0.000000
vn -1.000000 0.000000 -0.000000
vn -1.000000 0.000000 -0.000000
vn -1.000000 0.000000 -0.000000
vn -1.000000 0.000000 0.000000
vn -1.000000 0.000000 -0.000000
vn -1.000000 0.000000 0.000000
vn -1.000000 0.000000 0.000000
vn -1.000000 0.000000 0.000000
vn -1.000000 0.000000 0.000000
vn -1.000000 0.000000 0.000000
vn -1.000000 0.000000 0.000000
vn -1.000000 0.000000 0.000000
vn -1.000000 0.000000 0.000000
vn -1.000000 0.000000 0.000000
vn -1.000000 0.000000 0.000000
vn -1.000000 0.000000 0.000000
vn -1.000000 0.000000 0.000000
vn -1.000000 0.000000 0.000000
vn -1.000000 0.000000 0.000000
vn -1.000000 0.000000 0.000000
vn -1.000000 0.000000 0.000000
vn -1.000000 0.000000 0.000000
vn -1.000000 0.000000 0.000000
vn -1.000000 0.000000 0.000000
vn -1.000000 0.000000 0.000000
vn -1.000000 0.000000 0.000000
vn -1.000000 0.000000 0.000000
vn -1.000000 0.000000 0.000000
vn -1.000000 0.000000 0.000000
vn -1.000000 0.000000 0.000000
vn -1.000000 0.000000 0.000000
vn -1.000000 0.000000 0.000000
vn -1.000000 0.000000 0.000000
vn -1.000000 0.000000 0.000000
vn -1.000000 0.000000 0.000000
vn -1.000000 0.000000 0.000000
vn -1.000000 0.000000 0.000000
vn -1.000000 0.000000 0.000000
vn -1.000000 0.000000 0.000000
vn -1.000000 0.000000 0.000000
vn -1.000000 0.000000 0.000000
vn -1.000000 0.000000 0.000000
vn -1.000000 0.000000 0.000000
vn -1.000000 0.000000 0.000000
vn -1.000000 0.000000 0.000000
vn -1.000000 0.000000 0.000000
vn -1.000000 0.000000 0.000000
vn -0.000000 0.000000 -1.000000
vn -0.000000 -0.000000 -1.000000
vn 0.616411 0.000000 0.787424
vn 0.616411 0.000000 0.787424
vn -0.617280 0.000000 -0.786743
vn -0.617280 0.000001 -0.786743
vn 0.000192 1.000000 0.000245
vn -0.617235 -0.000000 -0.786779
vn -0.617235 0.000000 -0.786779
vn 0.000000 0.000000 1.000000
vn 0.000000 0.000000 1.000000
vn 0.000000 -1.000000 0.000033
vn 0.000026 -1.000000 0.000033
vn 0.000000 -1.000000 0.000033
vn -0.000000 -1.000000 0.000000
vn 0.000000 -1.000000 0.000000
vn 0.000000 -1.000000 0.000000
vn -0.000000 -1.000000 0.000000
vn 0.000000 -1.000000 -0.000001
vn -0.000000 -1.000000 0.000000
vn 0.000000 -1.000000 0.000000
vn -0.000000 -1.000000 0.000000
vn 0.000000 -1.000000 -0.000001
vn 0.000000 -1.000000 0.000000
vn 0.000000 -1.000000 0.000000
vn 0.000000 -1.000000 0.000000
vn 0.000000 -0.999690 -0.024882
vn 0.000000 -0.999690 -0.024882
vn -0.000001 -0.997205 -0.074718
vn -0.000000 -0.997199 -0.074794
vn 0.000000 -0.992232 -0.124401
vn -0.000001 -0.992241 -0.124326
vn 0.000000 -0.984810 -0.173637
vn -0.000000 -0.984812 -0.173624
vn 0.000000 -0.974921 -0.222551
vn 0.000000 -0.974921 -0.222551
vn 0.000000 -0.962639 -0.270788
vn 0.000000 -0.962639 -0.270788
vn 0.000000 -0.947933 -0.318471
vn 0.000000 -0.947925 -0.318494
vn 0.000000 -0.930863 -0.365369
vn -0.000000 -0.930873 -0.365343
vn 0.000001 -0.911503 -0.411294
vn 0.000001 -0.889864 -0.456227
vn 0.000001 -0.911503 -0.411294
vn 0.000000 -0.889848 -0.456258
vn -0.000000 -0.866032 -0.499989
vn 0.000000 -0.866032 -0.499989
vn 0.000000 -0.840029 -0.542542
vn 0.000000 -0.840029 -0.542542
vn -0.000000 -0.811945 -0.583734
vn 0.000000 -0.811945 -0.583734
vn -0.000000 -0.781843 -0.623475
vn 0.000000 -0.781843 -0.623475
vn -0.000000 -0.749771 -0.661697
vn 0.000000 -0.749771 -0.661697
vn 0.000000 -0.715867 -0.698237
vn 0.000000 -0.715867 -0.698237
vn -0.000000 -0.680167 -0.733057
vn 0.000000 -0.680167 -0.733057
vn 0.000000 -0.642786 -0.766046
vn 0.000000 -0.642786 -0.766046
vn 0.000000 -0.603803 -0.797133
vn 0.000001 -0.603852 -0.797097
vn 0.000001 -0.563318 -0.826240
vn 0.000000 -0.563266 -0.826276
vn -0.000000 -0.521493 -0.853255
vn 0.000001 -0.521438 -0.853289
vn 0.000001 -0.478232 -0.878234
vn 0.000000 -0.478291 -0.878202
vn 0.000000 -0.433884 -0.900969
vn -0.000000 -0.433884 -0.900969
vn 0.000000 -0.388395 -0.921493
vn -0.000000 -0.388395 -0.921493
vn 0.000000 -0.342074 -0.939673
vn 0.000000 -0.294740 -0.955577
vn -0.000000 -0.342074 -0.939673
vn 0.000000 -0.246754 -0.969078
vn 0.000000 -0.294740 -0.955577
vn 0.000000 -0.246754 -0.969078
vn 0.000000 -0.198126 -0.980177
vn -0.000000 -0.198126 -0.980177
vn 0.000000 -0.149057 -0.988829
vn 0.000000 -0.099519 -0.995036
vn -0.000000 -0.149057 -0.988829
vn 0.000001 -0.049839 -0.998757
vn 0.000001 -0.099594 -0.995028
vn 0.000001 -0.049839 -0.998757
vn 0.000001 0.000000 -1.000000
vn 0.000001 0.049835 -0.998757
vn 0.000001 0.000000 -1.000000
vn 0.000001 0.049835 -0.998757
vn 0.000000 0.099526 -0.995035
vn 0.000001 0.099602 -0.995027
vn 0.000000 0.149057 -0.988829
vn 0.000000 0.149057 -0.988829
vn 0.000000 0.198126 -0.980177
vn 0.000000 0.198126 -0.980177
vn 0.000000 0.246754 -0.969078
vn 0.000000 0.246754 -0.969078
vn 0.000000 0.294740 -0.955577
vn 0.000000 0.294740 -0.955577
vn 0.000000 0.342074 -0.939673
vn 0.000000 0.342074 -0.939673
vn 0.000000 0.388395 -0.921493
vn 0.000000 0.388395 -0.921493
vn 0.000000 0.433884 -0.900969
vn 0.000000 0.433884 -0.900969
vn 0.000000 0.478291 -0.878202
vn 0.000001 0.478232 -0.878234
vn 0.000001 0.521438 -0.853289
vn 0.000000 0.521493 -0.853255
vn 0.000000 0.563266 -0.826276
vn 0.000001 0.563318 -0.826240
vn 0.000001 0.603803 -0.797133
vn 0.000000 0.603852 -0.797097
vn 0.000000 0.642748 -0.766078
vn 0.000000 0.642748 -0.766078
vn 0.000000 0.680205 -0.733022
vn 0.000000 0.680205 -0.733022
vn 0.000000 0.715867 -0.698237
vn 0.000000 0.715867 -0.698237
vn 0.000000 0.749771 -0.661697
vn 0.000000 0.749771 -0.661697
vn 0.000000 0.781843 -0.623475
vn 0.000000 0.781843 -0.623475
vn 0.000000 0.811909 -0.583784
vn 0.000000 0.811909 -0.583784
vn 0.000000 0.840063 -0.542488
vn 0.000000 0.840063 -0.542488
vn 0.000000 0.865999 -0.500046
vn 0.000000 0.865999 -0.500046
vn 0.000000 0.889895 -0.456166
vn 0.000001 0.889879 -0.456197
vn 0.000001 0.911503 -0.411294
vn 0.000001 0.911503 -0.411294
vn 0.000000 0.930873 -0.365343
vn 0.000000 0.930863 -0.365369
vn 0.000000 0.947933 -0.318471
vn 0.000000 0.947925 -0.318494
vn 0.000000 0.962619 -0.270858
vn 0.000000 0.974938 -0.222479
vn 0.000000 0.962619 -0.270858
vn 0.000000 0.974938 -0.222479
vn 0.000000 0.984797 -0.173711
vn 0.000000 0.984799 -0.173698
vn 0.000000 0.992241 -0.124326
vn 0.000000 0.992241 -0.124326
vn 0.000000 0.997205 -0.074718
vn 0.000000 0.997205 -0.074718
vn 0.000000 0.999689 -0.024958
vn 0.000000 0.999689 -0.024958
vn 0.000000 0.999689 0.024956
vn 0.000000 0.999689 0.024956
vn 0.000000 0.997204 0.074724
vn -0.000000 0.997205 0.074718
vn -0.000000 0.992241 0.124326
vn -0.000000 0.992241 0.124326
vn -0.000000 0.984799 0.173698
vn 0.000000 0.984797 0.173711
vn -0.000000 0.974938 0.222479
vn 0.000000 0.974938 0.222479
vn 0.000000 0.962619 0.270858
vn 0.000000 0.962619 0.270858
vn 0.000000 0.947925 0.318494
vn 0.000000 0.947925 0.318494
vn 0.000000 0.930873 0.365343
vn 0.000000 0.930873 0.365343
vn 0.000000 0.911503 0.411294
vn 0.000000 0.911503 0.411294
vn 0.000000 0.889879 0.456197
vn -0.000001 0.889895 0.456166
vn -0.000001 0.866018 0.500013
vn 0.000000 0.865999 0.500046
vn 0.000000 0.840041 0.542523
vn 0.000000 0.840041 0.542523
vn -0.000001 0.811935 0.583748
vn 0.000000 0.811909 0.583784
vn -0.000001 0.781843 0.623475
vn -0.000001 0.749771 0.661697
vn -0.000001 0.781843 0.623475
vn -0.000001 0.749771 0.661697
vn 0.000000 0.715829 0.698275
vn -0.000000 0.680205 0.733022
vn -0.000001 0.715867 0.698237
vn 0.000000 0.680205 0.733022
vn -0.000001 0.642793 0.766040
vn 0.000000 0.642748 0.766078
vn 0.000000 0.603803 0.797133
vn -0.000000 0.563318 0.826240
vn -0.000001 0.603852 0.797097
vn 0.000000 0.563318 0.826240
vn 0.000000 0.521438 0.853289
vn 0.000000 0.521438 0.853289
vn 0.000000 0.478232 0.878234
vn 0.000000 0.478232 0.878234
vn 0.000000 0.433884 0.900969
vn -0.000000 0.388460 0.921466
vn 0.000000 0.433884 0.900969
vn 0.000000 0.388460 0.921466
vn 0.000000 0.342007 0.939698
vn 0.000000 0.342007 0.939698
vn 0.000000 0.294740 0.955577
vn 0.000000 0.294740 0.955577
vn -0.000000 0.246754 0.969078
vn 0.000000 0.246754 0.969078
vn 0.000000 0.198126 0.980177
vn -0.000001 0.198200 0.980162
vn 0.000000 0.148982 0.988840
vn -0.000000 0.099602 0.995027
vn -0.000001 0.149057 0.988829
vn -0.000000 0.049835 0.998757
vn 0.000000 0.099602 0.995027
vn 0.000000 0.000000 1.000000
vn 0.000000 0.049835 0.998757
vn 0.000000 -0.000000 1.000000
vn 0.000000 -0.049839 0.998757
vn 0.000000 -0.049839 0.998757
vn 0.000000 -0.099594 0.995028
vn 0.000000 -0.148982 0.988840
vn 0.000000 -0.099594 0.995028
vn -0.000001 -0.149057 0.988829
vn 0.000000 -0.198200 0.980162
vn 0.000000 -0.246754 0.969078
vn -0.000001 -0.198126 0.980177
vn 0.000000 -0.246754 0.969078
vn 0.000000 -0.294740 0.955577
vn 0.000000 -0.294740 0.955577
vn 0.000000 -0.342007 0.939698
vn 0.000000 -0.342007 0.939698
vn 0.000000 -0.388460 0.921466
vn 0.000000 -0.388460 0.921466
vn 0.000000 -0.433884 0.900969
vn 0.000000 -0.433884 0.900969
vn 0.000000 -0.478232 0.878234
vn 0.000000 -0.478232 0.878234
vn 0.000000 -0.521438 0.853289
vn 0.000000 -0.521438 0.853289
vn 0.000000 -0.563318 0.826240
vn 0.000000 -0.603803 0.797133
vn 0.000000 -0.563318 0.826240
vn -0.000001 -0.603852 0.797097
vn 0.000000 -0.642830 0.766008
vn -0.000001 -0.642786 0.766046
vn 0.000000 -0.680167 0.733057
vn 0.000000 -0.680167 0.733057
vn -0.000001 -0.715829 0.698275
vn 0.000000 -0.715867 0.698237
vn -0.000001 -0.749771 0.661697
vn -0.000001 -0.749771 0.661697
vn -0.000001 -0.781843 0.623475
vn -0.000001 -0.781843 0.623475
vn -0.000001 -0.811971 0.583697
vn 0.000000 -0.811945 0.583734
vn 0.000000 -0.840006 0.542577
vn 0.000000 -0.840006 0.542577
vn 0.000000 -0.866051 0.499956
vn -0.000001 -0.866032 0.499989
vn -0.000001 -0.889848 0.456258
vn 0.000000 -0.889864 0.456227
vn 0.000000 -0.911503 0.411294
vn 0.000000 -0.911503 0.411294
vn 0.000000 -0.930873 0.365343
vn 0.000000 -0.930873 0.365343
vn 0.000000 -0.947925 0.318494
vn 0.000000 -0.947925 0.318494
vn 0.000000 -0.962639 0.270788
vn 0.000000 -0.962639 0.270788
vn 0.000000 -0.974921 0.222551
vn 0.000000 -0.974921 0.222551
vn 0.000000 -0.984812 0.173624
vn -0.000000 -0.984810 0.173637
vn -0.000001 -0.992232 0.124401
vn -0.000000 -0.992241 0.124326
vn -0.000001 -0.997199 0.074799
vn 0.000000 -0.997205 0.074718
vn 0.000000 -0.999690 0.024880
vn 0.000000 -0.999690 0.024880
vn 0.000000 -0.999689 -0.024927
vn 0.000000 -0.999689 -0.024927
vn 0.000000 -0.997204 -0.074732
vn 0.000000 -0.997204 -0.074733
vn 0.000000 -0.992239 -0.124343
vn -0.000000 -0.992239 -0.124343
vn 0.000000 -0.984808 -0.173647
vn 0.000000 -0.984808 -0.173648
vn 0.000000 -0.974928 -0.222521
vn -0.000000 -0.974928 -0.222521
vn 0.000000 -0.962625 -0.270839
vn -0.000000 -0.962625 -0.270838
vn 0.000000 -0.947927 -0.318488
vn 0.000000 -0.930874 -0.365341
vn 0.000000 -0.947927 -0.318488
vn 0.000000 -0.930874 -0.365341
vn 0.000000 -0.911506 -0.411286
vn 0.000000 -0.911506 -0.411287
vn 0.000000 -0.889871 -0.456212
vn -0.000000 -0.889871 -0.456212
vn 0.000000 -0.866026 -0.499999
vn 0.000000 -0.866026 -0.499999
vn 0.000000 -0.840026 -0.542546
vn 0.000000 -0.840026 -0.542546
vn 0.000000 -0.811938 -0.583744
vn 0.000000 -0.811938 -0.583744
vn 0.000000 -0.781831 -0.623490
vn 0.000000 -0.781831 -0.623490
vn 0.000000 -0.749781 -0.661686
vn 0.000000 -0.749781 -0.661686
vn 0.000000 -0.715867 -0.698236
vn 0.000000 -0.715867 -0.698236
vn 0.000000 -0.680172 -0.733053
vn 0.000000 -0.680172 -0.733053
vn 0.000000 -0.642788 -0.766044
vn 0.000000 -0.642788 -0.766044
vn 0.000000 -0.603806 -0.797132
vn 0.000000 -0.603806 -0.797132
vn 0.000000 -0.563318 -0.826240
vn 0.000000 -0.563318 -0.826240
vn 0.000000 -0.521436 -0.853290
vn 0.000000 -0.521436 -0.853290
vn 0.000000 -0.478253 -0.878222
vn 0.000000 -0.478254 -0.878222
vn 0.000000 -0.433884 -0.900969
vn -0.000000 -0.433886 -0.900968
vn 0.000000 -0.388435 -0.921476
vn 0.000000 -0.388435 -0.921476
vn 0.000000 -0.342020 -0.939693
vn 0.000000 -0.342019 -0.939693
vn 0.000000 -0.294755 -0.955573
vn -0.000000 -0.294755 -0.955573
vn 0.000000 -0.246757 -0.969077
vn -0.000000 -0.246758 -0.969077
vn 0.000000 -0.198147 -0.980172
vn 0.000000 -0.198146 -0.980173
vn 0.000000 -0.149043 -0.988831
vn -0.000000 -0.149043 -0.988831
vn 0.000000 -0.099567 -0.995031
vn -0.000000 -0.099569 -0.995031
vn 0.000000 -0.049845 -0.998757
vn 0.000000 0.000000 -1.000000
vn 0.000000 -0.049845 -0.998757
vn 0.000000 0.049846 -0.998757
vn 0.000000 0.000000 -1.000000
vn 0.000000 0.049846 -0.998757
vn 0.000000 0.099567 -0.995031
vn 0.000000 0.149043 -0.988831
vn 0.000000 0.099569 -0.995031
vn 0.000000 0.149043 -0.988831
vn 0.000000 0.198145 -0.980173
vn 0.000000 0.198147 -0.980172
vn 0.000000 0.246758 -0.969077
vn 0.000000 0.246756 -0.969078
vn 0.000000 0.294756 -0.955573
vn 0.000000 0.294756 -0.955573
vn 0.000000 0.342020 -0.939693
vn 0.000000 0.342019 -0.939693
vn 0.000000 0.388435 -0.921476
vn 0.000000 0.388435 -0.921476
vn 0.000000 0.433883 -0.900969
vn 0.000000 0.433884 -0.900969
vn 0.000000 0.478254 -0.878222
vn 0.000000 0.478255 -0.878221
vn 0.000000 0.521435 -0.853291
vn 0.000000 0.521435 -0.853291
vn 0.000000 0.563319 -0.826239
vn 0.000000 0.563319 -0.826239
vn 0.000000 0.603805 -0.797132
vn 0.000000 0.603805 -0.797132
vn 0.000000 0.642788 -0.766044
vn 0.000000 0.642788 -0.766044
vn 0.000000 0.680172 -0.733052
vn 0.000000 0.680172 -0.733052
vn 0.000000 0.715867 -0.698237
vn 0.000000 0.715867 -0.698237
vn 0.000000 0.749782 -0.661685
vn 0.000000 0.749782 -0.661685
vn 0.000000 0.781831 -0.623490
vn 0.000000 0.781831 -0.623490
vn 0.000000 0.811938 -0.583744
vn 0.000000 0.811938 -0.583744
vn 0.000000 0.840026 -0.542546
vn 0.000000 0.840026 -0.542546
vn 0.000000 0.866026 -0.500000
vn 0.000000 0.866026 -0.500000
vn 0.000000 0.889872 -0.456210
vn 0.000000 0.889872 -0.456211
vn 0.000000 0.911506 -0.411287
vn 0.000000 0.911506 -0.411286
vn 0.000000 0.930873 -0.365342
vn 0.000000 0.930873 -0.365342
vn 0.000000 0.947928 -0.318486
vn 0.000000 0.947928 -0.318486
vn 0.000000 0.962624 -0.270840
vn 0.000000 0.962625 -0.270839
vn 0.000000 0.974928 -0.222521
vn 0.000000 0.974928 -0.222521
vn 0.000000 0.984808 -0.173647
vn 0.000000 0.992239 -0.124343
vn 0.000000 0.984808 -0.173648
vn 0.000000 0.992239 -0.124345
vn 0.000000 0.997204 -0.074729
vn 0.000000 0.997204 -0.074731
vn 0.000000 0.999689 -0.024931
vn 0.000000 0.999689 -0.024931
vn 0.000000 0.999689 0.024931
vn 0.000000 0.999689 0.024931
vn 0.000000 0.997204 0.074729
vn 0.000000 0.997204 0.074731
vn 0.000000 0.992239 0.124345
vn 0.000000 0.992239 0.124343
vn 0.000000 0.984808 0.173648
vn -0.000000 0.984808 0.173647
vn -0.000000 0.974928 0.222521
vn -0.000000 0.974928 0.222521
vn -0.000000 0.962625 0.270839
vn 0.000000 0.962624 0.270840
vn 0.000000 0.947928 0.318486
vn 0.000000 0.947928 0.318486
vn -0.000000 0.930873 0.365342
vn 0.000000 0.930873 0.365342
vn -0.000000 0.911506 0.411286
vn -0.000000 0.911506 0.411287
vn -0.000000 0.889872 0.456210
vn 0.000000 0.889871 0.456212
vn 0.000000 0.866025 0.500001
vn -0.000000 0.866026 0.499999
vn -0.000000 0.840026 0.542546
vn -0.000000 0.840026 0.542546
vn -0.000000 0.811938 0.583744
vn -0.000000 0.811938 0.583744
vn -0.000000 0.781832 0.623489
vn -0.000000 0.749781 0.661686
vn -0.000000 0.781832 0.623489
vn -0.000000 0.749781 0.661686
vn -0.000000 0.715867 0.698237
vn -0.000000 0.680173 0.733051
vn -0.000000 0.715867 0.698237
vn -0.000000 0.680173 0.733051
vn 0.000000 0.642787 0.766045
vn -0.000000 0.642789 0.766043
vn 0.000000 0.603804 0.797133
vn 0.000000 0.603804 0.797133
vn 0.000000 0.563320 0.826238
vn 0.000000 0.563320 0.826238
vn 0.000000 0.521434 0.853291
vn 0.000000 0.521434 0.853291
vn -0.000001 0.478257 0.878220
vn -0.000001 0.433883 0.900969
vn 0.000000 0.478254 0.878222
vn -0.000001 0.433883 0.900969
vn -0.000001 0.388435 0.921476
vn -0.000001 0.388435 0.921476
vn -0.000001 0.342020 0.939693
vn -0.000001 0.342020 0.939693
vn -0.000001 0.294757 0.955572
vn 0.000000 0.294754 0.955573
vn 0.000000 0.246756 0.969078
vn 0.000000 0.246756 0.969078
vn 0.000000 0.198147 0.980172
vn 0.000000 0.198147 0.980172
vn -0.000001 0.149044 0.988830
vn 0.000000 0.149041 0.988831
vn -0.000001 0.099569 0.995031
vn -0.000001 0.099566 0.995031
vn 0.000000 0.049840 0.998757
vn -0.000001 0.049847 0.998757
vn 0.000000 0.000000 1.000000
vn 0.000000 -0.000000 1.000000
vn -0.000001 -0.049840 0.998757
vn 0.000000 -0.049847 0.998757
vn -0.000001 -0.099569 0.995031
vn -0.000001 -0.149044 0.988830
vn -0.000001 -0.099566 0.995031
vn 0.000000 -0.149041 0.988831
vn -0.000000 -0.198147 0.980172
vn 0.000000 -0.198147 0.980172
vn 0.000000 -0.246757 0.969077
vn -0.000000 -0.246756 0.969078
vn -0.000001 -0.294753 0.955573
vn 0.000000 -0.294756 0.955572
vn -0.000001 -0.342020 0.939693
vn -0.000001 -0.342020 0.939693
vn -0.000001 -0.388435 0.921476
vn -0.000001 -0.388435 0.921476
vn -0.000001 -0.433884 0.900969
vn -0.000001 -0.433884 0.900969
vn 0.000000 -0.478255 0.878221
vn -0.000001 -0.478253 0.878222
vn 0.000000 -0.521435 0.853291
vn 0.000000 -0.521435 0.853291
vn 0.000000 -0.563320 0.826239
vn 0.000000 -0.603805 0.797132
vn 0.000000 -0.563320 0.826239
vn 0.000000 -0.603805 0.797132
vn -0.000000 -0.642787 0.766045
vn 0.000000 -0.642789 0.766043
vn -0.000000 -0.680173 0.733052
vn -0.000000 -0.715867 0.698236
vn -0.000000 -0.680173 0.733052
vn -0.000000 -0.715867 0.698236
vn -0.000000 -0.749780 0.661687
vn -0.000000 -0.749780 0.661687
vn -0.000000 -0.781832 0.623489
vn -0.000000 -0.781832 0.623489
vn -0.000000 -0.811938 0.583744
vn -0.000000 -0.811938 0.583744
vn -0.000000 -0.840026 0.542546
vn -0.000000 -0.840026 0.542546
vn -0.000000 -0.866026 0.499999
vn 0.000000 -0.866027 0.499998
vn 0.000000 -0.889871 0.456212
vn -0.000000 -0.889871 0.456213
vn -0.000000 -0.911506 0.411287
vn 0.000000 -0.911506 0.411286
vn 0.000000 -0.930874 0.365341
vn 0.000000 -0.930874 0.365341
vn 0.000000 -0.947927 0.318488
vn 0.000000 -0.947927 0.318488
vn 0.000000 -0.962625 0.270838
vn -0.000000 -0.962625 0.270839
vn -0.000000 -0.974928 0.222521
vn -0.000000 -0.974928 0.222521
vn -0.000000 -0.984808 0.173647
vn 0.000000 -0.984808 0.173648
vn 0.000000 -0.992239 0.124343
vn 0.000000 -0.992239 0.124343
vn 0.000000 -0.997204 0.074732
vn 0.000000 -0.997204 0.074732
vn 0.000000 -0.999689 0.024927
vn 0.000000 -0.999689 0.024927
vn 0.000000 -0.999689 -0.024931
vn 0.000000 -0.999689 -0.024931
vn 0.000000 -0.997204 -0.074729
vn -0.000000 -0.997204 -0.074729
vn -0.000000 -0.992240 -0.124337
vn -0.000000 -0.992239 -0.124346
vn 0.000000 -0.984807 -0.173652
vn -0.000000 -0.984809 -0.173643
vn -0.000000 -0.974930 -0.222511
vn -0.000000 -0.974928 -0.222520
vn 0.000000 -0.962619 -0.270859
vn -0.000000 -0.962622 -0.270850
vn -0.000000 -0.947931 -0.318476
vn -0.000000 -0.947928 -0.318484
vn -0.000000 -0.930869 -0.365352
vn -0.000000 -0.930869 -0.365352
vn 0.000000 -0.911506 -0.411288
vn -0.000000 -0.911509 -0.411280
vn 0.000000 -0.889877 -0.456201
vn -0.000000 -0.889877 -0.456201
vn -0.000000 -0.866029 -0.499995
vn -0.000000 -0.866033 -0.499987
vn -0.000000 -0.840012 -0.542568
vn 0.000000 -0.840007 -0.542575
vn -0.000000 -0.811955 -0.583720
vn 0.000000 -0.811955 -0.583720
vn -0.000000 -0.781838 -0.623482
vn 0.000001 -0.781808 -0.623520
vn 0.000001 -0.749753 -0.661718
vn 0.000000 -0.749786 -0.661680
vn -0.000000 -0.715884 -0.698219
vn 0.000000 -0.715884 -0.698219
vn -0.000000 -0.680171 -0.733053
vn 0.000000 -0.680171 -0.733053
vn -0.000000 -0.642810 -0.766026
vn 0.000001 -0.642765 -0.766063
vn 0.000001 -0.603795 -0.797140
vn 0.000000 -0.603844 -0.797103
vn -0.000000 -0.563310 -0.826245
vn 0.000000 -0.563310 -0.826245
vn -0.000000 -0.521438 -0.853289
vn 0.000000 -0.521438 -0.853289
vn -0.000000 -0.478260 -0.878219
vn 0.000000 -0.478260 -0.878219
vn 0.000000 -0.433871 -0.900975
vn -0.000000 -0.433871 -0.900975
vn 0.000001 -0.388400 -0.921491
vn -0.000000 -0.388465 -0.921463
vn -0.000000 -0.342072 -0.939674
vn 0.000001 -0.342002 -0.939699
vn 0.000001 -0.294692 -0.955592
vn -0.000000 -0.294765 -0.955570
vn 0.000001 -0.246762 -0.969076
vn 0.000001 -0.246762 -0.969076
vn 0.000001 -0.198147 -0.980172
vn 0.000001 -0.198147 -0.980172
vn 0.000000 -0.149069 -0.988827
vn 0.000001 -0.148994 -0.988838
vn 0.000001 -0.099533 -0.995034
vn -0.000000 -0.099609 -0.995027
vn 0.000001 -0.049843 -0.998757
vn 0.000001 -0.049843 -0.998757
vn 0.000001 0.000000 -1.000000
vn 0.000001 0.049843 -0.998757
vn 0.000001 0.000000 -1.000000
vn 0.000001 0.049843 -0.998757
vn 0.000000 0.099533 -0.995034
vn 0.000001 0.099609 -0.995027
vn 0.000001 0.149070 -0.988827
vn 0.000001 0.198145 -0.980173
vn 0.000000 0.148994 -0.988838
vn 0.000001 0.198147 -0.980172
vn 0.000001 0.246762 -0.969076
vn 0.000001 0.246762 -0.969076
vn 0.000001 0.294765 -0.955570
vn 0.000000 0.294695 -0.955591
vn 0.000000 0.342002 -0.939699
vn 0.000001 0.342069 -0.939675
vn 0.000001 0.388400 -0.921491
vn 0.000000 0.388465 -0.921463
vn 0.000000 0.433871 -0.900975
vn 0.000000 0.433871 -0.900975
vn 0.000000 0.478260 -0.878219
vn 0.000000 0.478264 -0.878216
vn 0.000000 0.521438 -0.853289
vn 0.000000 0.521434 -0.853292
vn 0.000000 0.563310 -0.826245
vn 0.000000 0.563310 -0.826245
vn 0.000000 0.603795 -0.797140
vn 0.000001 0.603848 -0.797099
vn 0.000001 0.642810 -0.766026
vn 0.000000 0.642760 -0.766067
vn 0.000000 0.680171 -0.733053
vn 0.000000 0.680171 -0.733053
vn 0.000000 0.715884 -0.698219
vn 0.000000 0.715884 -0.698219
vn 0.000000 0.749753 -0.661718
vn 0.000001 0.749786 -0.661680
vn 0.000001 0.781838 -0.623482
vn 0.000000 0.781808 -0.623520
vn 0.000000 0.811955 -0.583720
vn 0.000000 0.811955 -0.583720
vn 0.000000 0.840012 -0.542568
vn 0.000000 0.840012 -0.542568
vn 0.000000 0.866029 -0.499995
vn 0.000000 0.866029 -0.499995
vn 0.000000 0.889877 -0.456201
vn 0.000000 0.889877 -0.456201
vn 0.000000 0.911506 -0.411288
vn 0.000000 0.911509 -0.411280
vn 0.000000 0.930869 -0.365352
vn 0.000000 0.930869 -0.365352
vn 0.000000 0.947931 -0.318476
vn 0.000000 0.947928 -0.318484
vn 0.000000 0.962622 -0.270850
vn 0.000000 0.962622 -0.270850
vn 0.000000 0.974928 -0.222520
vn 0.000000 0.974928 -0.222520
vn 0.000000 0.984809 -0.173643
vn 0.000000 0.984807 -0.173652
vn 0.000000 0.992239 -0.124346
vn 0.000000 0.992240 -0.124337
vn 0.000000 0.997204 -0.074729
vn 0.000000 0.997204 -0.074729
vn 0.000000 0.999689 -0.024931
vn 0.000000 0.999689 -0.024931
vn 0.000000 0.999689 0.024931
vn 0.000000 0.999689 0.024931
vn 0.000000 0.997204 0.074729
vn 0.000000 0.997204 0.074729
vn 0.000000 0.992240 0.124337
vn 0.000000 0.992239 0.124346
vn 0.000000 0.984809 0.173643
vn 0.000000 0.984807 0.173652
vn -0.000000 0.974928 0.222520
vn 0.000000 0.974928 0.222520
vn 0.000000 0.962622 0.270850
vn 0.000000 0.962622 0.270850
vn 0.000000 0.947931 0.318476
vn 0.000000 0.947928 0.318484
vn 0.000000 0.930869 0.365352
vn 0.000000 0.930869 0.365352
vn 0.000000 0.911506 0.411288
vn 0.000000 0.911509 0.411280
vn 0.000000 0.889877 0.456201
vn 0.000000 0.889877 0.456201
vn 0.000000 0.866029 0.499995
vn 0.000000 0.866029 0.499995
vn 0.000000 0.840012 0.542568
vn -0.000000 0.811955 0.583720
vn 0.000000 0.840012 0.542568
vn 0.000000 0.811955 0.583720
vn -0.000001 0.781838 0.623482
vn 0.000000 0.781808 0.623520
vn 0.000000 0.749753 0.661718
vn -0.000000 0.715884 0.698219
vn -0.000001 0.749786 0.661680
vn 0.000000 0.715884 0.698219
vn 0.000000 0.680171 0.733053
vn 0.000000 0.680171 0.733053
vn -0.000001 0.642805 0.766030
vn 0.000000 0.642765 0.766063
vn 0.000000 0.603800 0.797136
vn -0.000001 0.603844 0.797103
vn 0.000000 0.563310 0.826245
vn 0.000000 0.563310 0.826245
vn 0.000000 0.521434 0.853292
vn 0.000000 0.478264 0.878216
vn 0.000000 0.521438 0.853289
vn -0.000000 0.433871 0.900975
vn 0.000000 0.478260 0.878219
vn 0.000000 0.433871 0.900975
vn -0.000001 0.388465 0.921463
vn 0.000000 0.388400 0.921491
vn -0.000001 0.342069 0.939675
vn 0.000000 0.342002 0.939699
vn 0.000000 0.294695 0.955591
vn -0.000001 0.294765 0.955570
vn -0.000001 0.246762 0.969076
vn -0.000001 0.246762 0.969076
vn -0.000001 0.198147 0.980172
vn -0.000001 0.198145 0.980173
vn 0.000000 0.148995 0.988838
vn -0.000001 0.149069 0.988827
vn -0.000001 0.099609 0.995027
vn 0.000000 0.099533 0.995034
vn 0.000000 0.049843 0.998757
vn -0.000001 0.049920 0.998753
vn 0.000000 0.000000 1.000000
vn -0.000000 -0.049843 0.998757
vn 0.000000 -0.000000 1.000000
vn -0.000001 -0.049919 0.998753
vn 0.000000 -0.099609 0.995027
vn -0.000001 -0.099533 0.995034
vn -0.000001 -0.148994 0.988838
vn -0.000001 -0.198147 0.980172
vn 0.000000 -0.149069 0.988827
vn -0.000001 -0.198147 0.980172
vn -0.000001 -0.246762 0.969076
vn -0.000001 -0.246762 0.969076
vn -0.000000 -0.294762 0.955571
vn -0.000001 -0.294695 0.955591
vn -0.000001 -0.342005 0.939698
vn -0.000001 -0.388465 0.921463
vn -0.000000 -0.342069 0.939675
vn 0.000000 -0.388400 0.921491
vn 0.000000 -0.433871 0.900975
vn 0.000000 -0.433871 0.900975
vn 0.000000 -0.478260 0.878219
vn 0.000000 -0.478260 0.878219
vn 0.000000 -0.521438 0.853289
vn 0.000000 -0.563310 0.826245
vn 0.000000 -0.521438 0.853289
vn 0.000000 -0.563310 0.826245
vn -0.000001 -0.603795 0.797140
vn 0.000000 -0.603844 0.797103
vn 0.000000 -0.642810 0.766026
vn -0.000001 -0.642765 0.766063
vn 0.000000 -0.680171 0.733053
vn 0.000000 -0.680171 0.733053
vn 0.000000 -0.715884 0.698219
vn 0.000000 -0.749753 0.661718
vn 0.000000 -0.715884 0.698219
vn -0.000001 -0.781838 0.623482
vn -0.000001 -0.749786 0.661680
vn 0.000000 -0.781808 0.623520
vn 0.000000 -0.811955 0.583720
vn 0.000000 -0.811955 0.583720
vn 0.000000 -0.840012 0.542568
vn -0.000000 -0.840007 0.542575
vn -0.000000 -0.866033 0.499987
vn 0.000000 -0.866029 0.499995
vn 0.000000 -0.889877 0.456201
vn 0.000000 -0.889877 0.456201
vn 0.000000 -0.911509 0.411280
vn -0.000000 -0.911506 0.411288
vn -0.000000 -0.930869 0.365352
vn -0.000000 -0.930869 0.365352
vn -0.000000 -0.947931 0.318476
vn 0.000000 -0.947928 0.318484
vn 0.000000 -0.962622 0.270850
vn -0.000000 -0.962619 0.270859
vn -0.000000 -0.974930 0.222511
vn 0.000000 -0.974928 0.222520
vn 0.000000 -0.984809 0.173643
vn -0.000000 -0.984807 0.173652
vn -0.000000 -0.992239 0.124346
vn 0.000000 -0.992240 0.124337
vn 0.000000 -0.997204 0.074729
vn 0.000000 -0.997204 0.074729
vn 0.000000 -0.999689 0.024931
vn 0.000000 -0.999689 0.024931
vn 0.000000 -0.999689 -0.024941
vn 0.000000 -0.999689 -0.024941
vn 0.000000 -0.997203 -0.074747
vn 0.000000 -0.997203 -0.074747
vn 0.000000 -0.992242 -0.124322
vn 0.000000 -0.992242 -0.124323
vn 0.000000 -0.984804 -0.173669
vn 0.000000 -0.984804 -0.173667
vn 0.000000 -0.974937 -0.222482
vn 0.000000 -0.974937 -0.222482
vn 0.000000 -0.962627 -0.270831
vn 0.000000 -0.947925 -0.318493
vn 0.000000 -0.962627 -0.270831
vn 0.000000 -0.947924 -0.318496
vn 0.000000 -0.930855 -0.365388
vn 0.000000 -0.930857 -0.365385
vn -0.000001 -0.911532 -0.411229
vn 0.000000 -0.911502 -0.411296
vn 0.000000 -0.889843 -0.456268
vn -0.000001 -0.889874 -0.456207
vn 0.000000 -0.866041 -0.499974
vn 0.000000 -0.866038 -0.499978
vn 0.000000 -0.840010 -0.542570
vn 0.000000 -0.840010 -0.542570
vn 0.000000 -0.811940 -0.583741
vn 0.000000 -0.811940 -0.583741
vn 0.000000 -0.781853 -0.623463
vn 0.000000 -0.781849 -0.623467
vn 0.000000 -0.749777 -0.661691
vn 0.000000 -0.749773 -0.661696
vn 0.000000 -0.715888 -0.698215
vn -0.000001 -0.715850 -0.698254
vn -0.000001 -0.680194 -0.733033
vn 0.000000 -0.680161 -0.733063
vn 0.000000 -0.642786 -0.766046
vn 0.000000 -0.642781 -0.766050
vn 0.000000 -0.603812 -0.797126
vn 0.000000 -0.603812 -0.797126
vn 0.000000 -0.563304 -0.826250
vn 0.000000 -0.563310 -0.826246
vn 0.000000 -0.521445 -0.853285
vn 0.000000 -0.521438 -0.853289
vn 0.000000 -0.478261 -0.878218
vn 0.000000 -0.478261 -0.878218
vn 0.000000 -0.433868 -0.900976
vn 0.000000 -0.433860 -0.900980
vn 0.000000 -0.388445 -0.921472
vn 0.000000 -0.388453 -0.921469
vn 0.000000 -0.342010 -0.939696
vn 0.000000 -0.342010 -0.939696
vn 0.000000 -0.294762 -0.955571
vn 0.000000 -0.294762 -0.955571
vn 0.000000 -0.246755 -0.969078
vn 0.000000 -0.246746 -0.969080
vn 0.000000 -0.198152 -0.980171
vn 0.000000 -0.198161 -0.980169
vn 0.000000 -0.149042 -0.988831
vn 0.000000 -0.149042 -0.988831
vn 0.000000 -0.099562 -0.995031
vn 0.000000 -0.099562 -0.995031
vn 0.000000 -0.049852 -0.998757
vn 0.000000 -0.049842 -0.998757
vn 0.000000 0.000000 -1.000000
vn 0.000000 0.000000 -1.000000
vn 0.000000 0.049852 -0.998757
vn 0.000000 0.049846 -0.998757
vn 0.000000 0.099562 -0.995031
vn 0.000000 0.099562 -0.995031
vn 0.000000 0.149042 -0.988831
vn 0.000000 0.149042 -0.988831
vn 0.000000 0.198137 -0.980174
vn 0.000000 0.198146 -0.980173
vn 0.000000 0.246764 -0.969076
vn 0.000000 0.246773 -0.969073
vn 0.000000 0.294762 -0.955571
vn 0.000000 0.294762 -0.955571
vn 0.000000 0.342010 -0.939696
vn 0.000000 0.342010 -0.939696
vn 0.000000 0.388425 -0.921480
vn 0.000000 0.388417 -0.921484
vn 0.000000 0.433890 -0.900966
vn 0.000000 0.433898 -0.900962
vn 0.000000 0.478261 -0.878218
vn 0.000000 0.478261 -0.878218
vn 0.000000 0.521438 -0.853289
vn 0.000000 0.521445 -0.853285
vn 0.000000 0.563304 -0.826250
vn 0.000000 0.563310 -0.826246
vn 0.000000 0.603812 -0.797126
vn 0.000000 0.603812 -0.797126
vn 0.000000 0.642786 -0.766046
vn 0.000000 0.642781 -0.766050
vn 0.000000 0.680155 -0.733068
vn 0.000000 0.680161 -0.733063
vn 0.000000 0.715888 -0.698215
vn 0.000000 0.715888 -0.698215
vn 0.000000 0.749777 -0.661691
vn 0.000000 0.749773 -0.661696
vn 0.000000 0.781812 -0.623514
vn 0.000000 0.781816 -0.623509
vn 0.000000 0.811940 -0.583741
vn 0.000000 0.811940 -0.583741
vn 0.000000 0.840045 -0.542516
vn 0.000000 0.840045 -0.542516
vn 0.000000 0.866008 -0.500031
vn 0.000000 0.866005 -0.500035
vn 0.000000 0.889874 -0.456207
vn 0.000000 0.889874 -0.456207
vn 0.000000 0.911502 -0.411296
vn 0.000000 0.911503 -0.411293
vn 0.000000 0.930881 -0.365322
vn 0.000000 0.930883 -0.365318
vn 0.000000 0.947924 -0.318496
vn 0.000000 0.947925 -0.318493
vn 0.000000 0.962627 -0.270831
vn 0.000000 0.974937 -0.222482
vn 0.000000 0.962627 -0.270831
vn 0.000000 0.974937 -0.222482
vn 0.000000 0.984804 -0.173669
vn 0.000000 0.984804 -0.173667
vn 0.000000 0.992242 -0.124322
vn 0.000000 0.997203 -0.074747
vn 0.000000 0.992242 -0.124323
vn 0.000000 0.997203 -0.074747
vn 0.000000 0.999689 -0.024941
vn 0.000000 0.999689 -0.024941
vn -0.000000 0.999689 0.024941
vn -0.000000 0.999689 0.024941
vn -0.000000 0.997203 0.074746
vn -0.000000 0.997203 0.074747
vn -0.000000 0.992242 0.124322
vn -0.000000 0.992242 0.124323
vn -0.000000 0.984804 0.173669
vn -0.000000 0.984804 0.173669
vn -0.000000 0.974937 0.222482
vn -0.000000 0.974937 0.222480
vn -0.000000 0.962627 0.270831
vn -0.000000 0.962626 0.270834
vn -0.000000 0.947925 0.318493
vn -0.000000 0.947925 0.318493
vn -0.000000 0.930883 0.365318
vn -0.000000 0.930881 0.365322
vn -0.000000 0.911503 0.411293
vn -0.000000 0.911502 0.411296
vn -0.000000 0.889874 0.456207
vn -0.000000 0.889874 0.456207
vn -0.000000 0.866008 0.500031
vn -0.000000 0.866005 0.500035
vn -0.000000 0.840045 0.542516
vn -0.000000 0.811940 0.583741
vn -0.000000 0.840045 0.542516
vn -0.000000 0.811936 0.583746
vn -0.000000 0.781816 0.623509
vn -0.000000 0.781816 0.623509
vn -0.000000 0.749773 0.661696
vn -0.000000 0.715888 0.698215
vn -0.000000 0.749773 0.661696
vn -0.000000 0.715888 0.698215
vn -0.000000 0.680161 0.733063
vn -0.000000 0.680161 0.733063
vn -0.000000 0.642781 0.766050
vn -0.000000 0.642781 0.766050
vn -0.000000 0.603812 0.797126
vn -0.000000 0.563310 0.826246
vn -0.000000 0.603812 0.797126
vn -0.000000 0.521438 0.853289
vn -0.000000 0.563310 0.826246
vn -0.000000 0.478261 0.878218
vn -0.000000 0.521445 0.853285
vn -0.000000 0.478254 0.878222
vn -0.000000 0.433898 0.900962
vn -0.000000 0.433898 0.900962
vn -0.000000 0.388417 0.921484
vn -0.000000 0.388425 0.921480
vn -0.000000 0.342010 0.939696
vn -0.000000 0.342010 0.939696
vn -0.000000 0.294753 0.955573
vn -0.000000 0.294762 0.955571
vn -0.000000 0.246773 0.969073
vn -0.000000 0.246773 0.969073
vn -0.000000 0.198137 0.980174
vn -0.000000 0.198137 0.980174
vn -0.000000 0.149042 0.988831
vn -0.000000 0.149042 0.988831
vn -0.000000 0.099562 0.995031
vn -0.000000 0.099572 0.995030
vn -0.000000 0.049852 0.998757
vn -0.000000 0.049846 0.998757
vn -0.000000 0.000000 1.000000
vn -0.000000 0.000000 1.000000
vn -0.000000 -0.049852 0.998757
vn -0.000000 -0.049842 0.998757
vn -0.000000 -0.099562 0.995031
vn -0.000000 -0.099572 0.995030
vn -0.000000 -0.149042 0.988831
vn -0.000000 -0.149042 0.988831
vn -0.000000 -0.198152 0.980171
vn -0.000000 -0.198152 0.980171
vn -0.000000 -0.246755 0.969078
vn -0.000000 -0.246755 0.969078
vn -0.000000 -0.294762 0.955571
vn -0.000000 -0.294753 0.955573
vn -0.000000 -0.342010 0.939696
vn -0.000000 -0.342010 0.939696
vn -0.000000 -0.388445 0.921472
vn -0.000000 -0.388453 0.921469
vn -0.000000 -0.433868 0.900976
vn -0.000000 -0.478261 0.878218
vn -0.000000 -0.433868 0.900976
vn -0.000000 -0.478254 0.878222
vn -0.000000 -0.521438 0.853289
vn -0.000000 -0.521445 0.853285
vn -0.000000 -0.563310 0.826246
vn -0.000000 -0.563310 0.826246
vn -0.000000 -0.603812 0.797126
vn -0.000000 -0.603812 0.797126
vn -0.000000 -0.642781 0.766050
vn -0.000000 -0.680161 0.733063
vn -0.000000 -0.642781 0.766050
vn -0.000001 -0.680199 0.733028
vn -0.000000 -0.715888 0.698215
vn -0.000001 -0.715850 0.698254
vn -0.000000 -0.749773 0.661696
vn -0.000000 -0.749773 0.661696
vn -0.000000 -0.781853 0.623463
vn -0.000000 -0.781853 0.623463
vn -0.000000 -0.811936 0.583746
vn -0.000000 -0.811940 0.583741
vn -0.000000 -0.840010 0.542570
vn -0.000000 -0.840010 0.542570
vn -0.000000 -0.866041 0.499974
vn -0.000000 -0.866038 0.499978
vn -0.000000 -0.889843 0.456268
vn -0.000001 -0.889874 0.456207
vn -0.000001 -0.911502 0.411296
vn -0.000000 -0.911532 0.411229
vn -0.000000 -0.930855 0.365388
vn -0.000000 -0.930857 0.365385
vn -0.000000 -0.947925 0.318493
vn -0.000000 -0.947925 0.318493
vn -0.000000 -0.962627 0.270831
vn -0.000000 -0.962626 0.270834
vn -0.000000 -0.974937 0.222480
vn -0.000000 -0.974937 0.222482
vn -0.000000 -0.984804 0.173669
vn -0.000000 -0.984804 0.173669
vn -0.000000 -0.992242 0.124322
vn -0.000000 -0.992242 0.124323
vn -0.000000 -0.997203 0.074747
vn -0.000000 -0.997203 0.074746
vn -0.000000 -0.999689 0.024941
vn -0.000000 -0.999689 0.024941
vn 0.000000 -0.999689 -0.024932
vn 0.000000 -0.999689 -0.024932
vn 0.000000 -0.997204 -0.074727
vn 0.000000 -0.997204 -0.074728
vn -0.000000 -0.992239 -0.124342
vn 0.000000 -0.992238 -0.124350
vn 0.000000 -0.984807 -0.173650
vn 0.000000 -0.974929 -0.222516
vn -0.000000 -0.984809 -0.173641
vn -0.000000 -0.974926 -0.222527
vn -0.000000 -0.962624 -0.270843
vn -0.000000 -0.962624 -0.270840
vn 0.000000 -0.947925 -0.318493
vn -0.000000 -0.947928 -0.318485
vn 0.000000 -0.930876 -0.365335
vn 0.000000 -0.911505 -0.411288
vn 0.000000 -0.930875 -0.365338
vn 0.000000 -0.911507 -0.411285
vn 0.000000 -0.889870 -0.456215
vn 0.000000 -0.889870 -0.456215
vn 0.000000 -0.866026 -0.499999
vn 0.000000 -0.866028 -0.499995
vn 0.000000 -0.840024 -0.542550
vn 0.000000 -0.840024 -0.542550
vn 0.000000 -0.811940 -0.583741
vn 0.000000 -0.811936 -0.583746
vn 0.000000 -0.781834 -0.623486
vn 0.000000 -0.781834 -0.623486
vn 0.000000 -0.749777 -0.661690
vn 0.000000 -0.749777 -0.661690
vn 0.000000 -0.715869 -0.698234
vn 0.000000 -0.715869 -0.698234
vn 0.000000 -0.680175 -0.733050
vn 0.000000 -0.680175 -0.733050
vn 0.000000 -0.642785 -0.766046
vn 0.000000 -0.642785 -0.766046
vn 0.000000 -0.603803 -0.797133
vn 0.000000 -0.603803 -0.797133
vn 0.000000 -0.563323 -0.826236
vn 0.000000 -0.563323 -0.826236
vn 0.000000 -0.521429 -0.853295
vn 0.000000 -0.521436 -0.853290
vn 0.000000 -0.478257 -0.878220
vn 0.000000 -0.478250 -0.878224
vn 0.000000 -0.433887 -0.900967
vn 0.000000 -0.433883 -0.900969
vn 0.000000 -0.388439 -0.921474
vn 0.000000 -0.388434 -0.921476
vn 0.000000 -0.342019 -0.939693
vn 0.000000 -0.342019 -0.939693
vn 0.000000 -0.294750 -0.955574
vn 0.000000 -0.294759 -0.955572
vn 0.000000 -0.246759 -0.969077
vn 0.000000 -0.246759 -0.969077
vn 0.000000 -0.198142 -0.980173
vn 0.000000 -0.198142 -0.980173
vn 0.000000 -0.149043 -0.988831
vn 0.000000 -0.099573 -0.995030
vn 0.000000 -0.149043 -0.988831
vn 0.000000 -0.099562 -0.995031
vn 0.000000 -0.049844 -0.998757
vn 0.000000 -0.049853 -0.998757
vn 0.000000 0.000000 -1.000000
vn 0.000000 0.049844 -0.998757
vn 0.000000 0.000000 -1.000000
vn 0.000000 0.049854 -0.998757
vn 0.000000 0.099573 -0.995030
vn 0.000000 0.149043 -0.988831
vn 0.000000 0.099562 -0.995031
vn 0.000000 0.149043 -0.988831
vn 0.000000 0.198142 -0.980173
vn 0.000000 0.198141 -0.980174
vn 0.000000 0.246761 -0.969076
vn 0.000000 0.246759 -0.969077
vn 0.000000 0.294748 -0.955575
vn 0.000000 0.294759 -0.955572
vn 0.000000 0.342019 -0.939693
vn 0.000000 0.342023 -0.939692
vn 0.000000 0.388439 -0.921474
vn 0.000000 0.388431 -0.921478
vn 0.000000 0.433887 -0.900967
vn 0.000000 0.433883 -0.900969
vn 0.000000 0.478257 -0.878220
vn 0.000000 0.478250 -0.878224
vn 0.000000 0.521436 -0.853290
vn 0.000000 0.521429 -0.853295
vn 0.000000 0.563323 -0.826236
vn 0.000000 0.563323 -0.826236
vn 0.000000 0.603803 -0.797133
vn 0.000000 0.603803 -0.797133
vn 0.000000 0.642785 -0.766046
vn 0.000000 0.642785 -0.766046
vn 0.000000 0.680175 -0.733050
vn 0.000000 0.680175 -0.733050
vn 0.000000 0.715869 -0.698234
vn 0.000000 0.715869 -0.698234
vn 0.000000 0.749777 -0.661690
vn 0.000000 0.749782 -0.661685
vn 0.000000 0.781834 -0.623486
vn 0.000000 0.781830 -0.623492
vn 0.000000 0.811940 -0.583741
vn 0.000000 0.811936 -0.583746
vn 0.000000 0.840024 -0.542550
vn 0.000000 0.840024 -0.542550
vn 0.000000 0.866026 -0.499999
vn 0.000000 0.866028 -0.499995
vn 0.000000 0.889874 -0.456207
vn 0.000000 0.889870 -0.456215
vn 0.000000 0.911507 -0.411285
vn 0.000000 0.911502 -0.411296
vn 0.000000 0.930875 -0.365338
vn 0.000000 0.930876 -0.365335
vn 0.000000 0.947925 -0.318493
vn 0.000000 0.947928 -0.318485
vn 0.000000 0.962624 -0.270843
vn 0.000000 0.962627 -0.270831
vn 0.000000 0.974927 -0.222525
vn 0.000000 0.984809 -0.173641
vn 0.000000 0.974926 -0.222527
vn 0.000000 0.992238 -0.124351
vn 0.000000 0.984807 -0.173650
vn 0.000000 0.992240 -0.124341
vn 0.000000 0.997204 -0.074728
vn 0.000000 0.997204 -0.074727
vn 0.000000 0.999689 -0.024932
vn 0.000000 0.999689 -0.024932
vn -0.000000 0.999689 0.024931
vn -0.000000 0.999689 0.024931
vn -0.000000 0.997204 0.074728
vn -0.000000 0.997204 0.074728
vn -0.000000 0.992240 0.124341
vn 0.000000 0.992238 0.124351
vn 0.000000 0.984809 0.173639
vn -0.000000 0.984807 0.173650
vn -0.000000 0.974926 0.222527
vn -0.000000 0.974926 0.222527
vn -0.000000 0.962624 0.270840
vn 0.000000 0.962627 0.270831
vn 0.000000 0.947927 0.318488
vn -0.000000 0.947925 0.318493
vn -0.000000 0.930875 0.365338
vn -0.000000 0.930876 0.365335
vn -0.000000 0.911502 0.411296
vn 0.000000 0.911507 0.411285
vn 0.000000 0.889870 0.456215
vn -0.000000 0.889874 0.456207
vn -0.000000 0.840024 0.542550
vn -0.000000 0.866026 0.499999
vn -0.000000 0.866028 0.499995
vn -0.000000 0.811940 0.583741
vn -0.000000 0.840024 0.542550
vn -0.000000 0.811940 0.583741
vn 0.000000 0.781826 0.623497
vn 0.000000 0.749786 0.661680
vn -0.000000 0.781834 0.623486
vn -0.000000 0.715869 0.698234
vn -0.000000 0.749777 0.661690
vn -0.000000 0.715869 0.698234
vn -0.000000 0.680170 0.733055
vn -0.000000 0.680175 0.733050
vn -0.000000 0.642791 0.766042
vn -0.000000 0.642785 0.766046
vn -0.000000 0.603803 0.797133
vn -0.000000 0.603803 0.797133
vn -0.000000 0.563317 0.826241
vn -0.000000 0.521436 0.853290
vn -0.000000 0.563323 0.826236
vn -0.000000 0.521429 0.853295
vn -0.000000 0.478257 0.878220
vn -0.000000 0.478257 0.878220
vn -0.000000 0.433875 0.900973
vn -0.000000 0.388439 0.921474
vn -0.000000 0.433887 0.900967
vn -0.000000 0.388431 0.921478
vn -0.000000 0.342019 0.939693
vn -0.000000 0.342023 0.939692
vn -0.000000 0.294759 0.955572
vn -0.000000 0.294756 0.955572
vn -0.000000 0.246752 0.969079
vn -0.000000 0.198150 0.980172
vn -0.000000 0.246759 0.969077
vn -0.000000 0.198142 0.980173
vn -0.000000 0.149043 0.988831
vn -0.000000 0.149043 0.988831
vn -0.000000 0.099563 0.995031
vn -0.000000 0.099562 0.995031
vn -0.000000 0.049844 0.998757
vn -0.000000 0.049854 0.998757
vn -0.000000 0.000000 1.000000
vn -0.000000 0.000000 1.000000
vn -0.000000 -0.049844 0.998757
vn -0.000000 -0.049853 0.998757
vn -0.000000 -0.099563 0.995031
vn -0.000000 -0.099562 0.995031
vn -0.000000 -0.149043 0.988831
vn -0.000000 -0.149043 0.988831
vn -0.000000 -0.198152 0.980171
vn -0.000000 -0.198142 0.980173
vn -0.000000 -0.246750 0.969079
vn -0.000000 -0.246759 0.969077
vn -0.000000 -0.294759 0.955572
vn -0.000000 -0.342019 0.939693
vn -0.000000 -0.294759 0.955572
vn -0.000000 -0.342019 0.939693
vn -0.000000 -0.388439 0.921474
vn -0.000000 -0.388434 0.921476
vn -0.000000 -0.433879 0.900971
vn -0.000000 -0.433883 0.900969
vn -0.000000 -0.478257 0.878220
vn -0.000000 -0.478257 0.878220
vn -0.000000 -0.521436 0.853290
vn -0.000000 -0.521429 0.853295
vn -0.000000 -0.563317 0.826241
vn -0.000000 -0.603803 0.797133
vn -0.000000 -0.563323 0.826236
vn -0.000000 -0.642791 0.766042
vn -0.000000 -0.603803 0.797133
vn -0.000000 -0.642785 0.766046
vn -0.000000 -0.680170 0.733055
vn -0.000000 -0.715869 0.698234
vn -0.000000 -0.680175 0.733050
vn -0.000000 -0.715869 0.698234
vn -0.000000 -0.749781 0.661686
vn -0.000000 -0.749777 0.661690
vn -0.000000 -0.781834 0.623486
vn -0.000000 -0.781831 0.623491
vn -0.000000 -0.811940 0.583741
vn -0.000000 -0.811940 0.583741
vn -0.000000 -0.840024 0.542550
vn -0.000000 -0.840024 0.542550
vn -0.000000 -0.866026 0.499999
vn -0.000000 -0.866028 0.499995
vn -0.000000 -0.889870 0.456215
vn -0.000000 -0.889870 0.456215
vn -0.000000 -0.911507 0.411285
vn -0.000000 -0.911505 0.411288
vn -0.000000 -0.930875 0.365338
vn -0.000000 -0.930876 0.365335
vn -0.000000 -0.947924 0.318496
vn -0.000000 -0.947928 0.318485
vn -0.000000 -0.962624 0.270840
vn -0.000000 -0.962624 0.270840
vn -0.000000 -0.974926 0.222527
vn -0.000000 -0.974928 0.222518
vn -0.000000 -0.984808 0.173648
vn -0.000000 -0.984809 0.173641
vn -0.000000 -0.992239 0.124342
vn -0.000000 -0.992238 0.124350
vn -0.000000 -0.997204 0.074728
vn -0.000000 -0.997204 0.074728
vn -0.000000 -0.999689 0.024931
vn -0.000000 -0.999689 0.024931
vn 0.000000 0.000000 -1.000000
vn 0.000000 0.000000 -1.000000
vn 0.000000 -0.000000 -1.000000
vn 0.000000 -0.000000 -1.000000
vn 0.000000 0.000000 -1.000000
vn 0.000000 0.000000 -1.000000
vn 0.000000 0.000000 -1.000000
vn 0.000000 0.000000 -1.000000
vn 0.000000 0.000000 -1.000000
vn 0.000000 0.000000 -1.000000
vn 0.000000 0.000000 -1.000000
vn 0.000000 0.000000 -1.000000
vn 0.000000 0.000000 -1.000000
vn 0.000000 -0.000000 -1.000000
vn 0.000000 -0.000000 -1.000000
vn 0.000000 -0.000000 -1.000000
vn 0.000000 0.000000 -1.000000
vn 0.000000 0.000000 -1.000000
vn 0.000000 0.000000 -1.000000
vn 0.000000 0.000000 -1.000000
vn 0.000000 0.000000 -1.000000
vn 0.000000 0.000000 -1.000000
vn 0.000000 -0.000000 -1.000000
vn 0.000000 -0.000000 -1.000000
vn 0.000000 0.000000 -1.000000
vn 0.000000 0.000000 -1.000000
vn 0.000000 0.000000 -1.000000
vn 0.000000 0.000000 -1.000000
vn 0.000000 0.000000 -1.000000
vn 0.000000 0.000000 -1.000000
vn 0.000000 0.000000 -1.000000
vn 0.000000 -0.000000 -1.000000
vn 0.000000 0.000000 -1.000000
vn 0.000000 -0.000000 -1.000000
vn 0.000000 0.000000 -1.000000
vn 0.000000 -0.000000 -1.000000
vn 0.000000 0.000000 -1.000000
vn 0.000000 0.000000 -1.000000
vn 0.000000 0.000000 -1.000000
vn 0.000000 0.000000 -1.000000
vn 0.000000 0.000000 -1.000000
vn 0.000000 -0.000000 -1.000000
vn 0.000000 0.000000 -1.000000
vn 0.000000 0.000000 -1.000000
vn 0.000000 0.000000 -1.000000
vn 0.000000 0.000000 -1.000000
vn 0.000000 0.000000 -1.000000
vn 0.000000 0.000000 -1.000000
vn 0.000000 -0.000000 -1.000000
vn 0.000000 0.000000 -1.000000
vn 0.000000 -0.000000 -1.000000
vn 0.000000 0.000000 -1.000000
vn 0.000000 0.000000 -1.000000
vn 0.000000 0.000000 -1.000000
vn 0.000000 0.000000 -1.000000
vn 0.000000 0.000000 -1.000000
vn 0.000000 0.000000 -1.000000
vn 0.000000 -0.000000 -1.000000
vn 0.000000 -0.000000 -1.000000
vn -0.000000 -0.000000 -1.000000
vn -0.000000 -0.000000 -1.000000
vn -0.000000 -0.000000 -1.000000
vn 0.000000 0.000000 -1.000000
vn 0.000000 0.000000 -1.000000
vn 0.000000 0.000000 -1.000000
vn 0.000000 0.000000 -1.000000
vn 0.000000 0.000000 -1.000000
vn 0.000000 0.000000 -1.000000
vn 0.000000 -0.000000 -1.000000
vn 0.000000 0.000000 -1.000000
vn 0.000000 0.000000 -1.000000
vn 0.000000 0.000000 -1.000000
vn 0.000000 0.000000 -1.000000
vn 0.000000 0.000000 -1.000000
vn 0.000000 0.000000 -1.000000
vn 0.000000 0.000000 -1.000000
vn 0.000000 0.000000 -1.000000
vn 0.000000 0.000000 -1.000000
vn 0.000000 0.000000 -1.000000
vn 0.000000 0.000000 -1.000000
vn 0.000000 0.000000 -1.000000
vn 0.000000 0.000000 -1.000000
vn 0.000001 0.000000 -1.000000
vn 0.000001 0.000001 -1.000000
vn 0.000000 0.000000 1.000000
vn 0.000000 0.000000 1.000000
vn 0.000060 1.000000 -0.000152
vn 1.000000 0.000003 0.000000
vn 1.000000 0.000000 -0.000001
vn -0.000002 -1.000000 -0.000001
vn 0.000000 -1.000000 -0.000000
vn -0.000000 -1.000000 0.000050
vn 0.000000 -1.000000 0.000105
vn 0.002435 -0.999997 0.000049
vn 0.000000 -1.000000 -0.000001
vn -0.000000 -1.000000 -0.000000
vn 0.000002 -1.000000 -0.000001
vn -0.000000 -1.000000 -0.000001
vn 0.000000 -1.000000 -0.000000
vn -0.000000 -1.000000 -0.000001
vn -1.000000 -0.000003 0.000001
vn -1.000000 0.000000 0.000000
vn 0.000000 -0.999689 -0.024934
vn 0.000000 -0.999689 -0.024934
vn 0.000000 -0.997204 -0.074732
vn 0.000000 -0.997204 -0.074733
vn 0.000000 -0.992240 -0.124340
vn -0.000000 -0.992240 -0.124339
vn -0.000001 -0.984808 -0.173647
vn -0.000001 -0.974928 -0.222521
vn 0.000000 -0.984807 -0.173651
vn 0.000000 -0.974928 -0.222518
vn 0.000000 -0.962624 -0.270842
vn 0.000000 -0.947927 -0.318488
vn -0.000000 -0.962624 -0.270841
vn 0.000000 -0.947927 -0.318488
vn 0.000000 -0.930874 -0.365341
vn 0.000000 -0.930874 -0.365341
vn 0.000000 -0.911506 -0.411286
vn 0.000000 -0.911506 -0.411287
vn 0.000000 -0.889871 -0.456212
vn -0.000000 -0.889871 -0.456212
vn 0.000000 -0.866026 -0.499999
vn 0.000000 -0.866026 -0.499999
vn 0.000000 -0.840026 -0.542546
vn 0.000000 -0.840026 -0.542546
vn 0.000000 -0.811938 -0.583744
vn 0.000000 -0.811938 -0.583744
vn 0.000000 -0.781831 -0.623490
vn 0.000000 -0.781831 -0.623490
vn 0.000000 -0.749781 -0.661686
vn 0.000000 -0.749781 -0.661686
vn 0.000000 -0.715867 -0.698236
vn 0.000000 -0.715867 -0.698236
vn 0.000000 -0.680173 -0.733051
vn -0.000000 -0.680172 -0.733053
vn -0.000000 -0.642788 -0.766044
vn -0.000000 -0.642788 -0.766044
vn -0.000000 -0.603806 -0.797132
vn 0.000000 -0.603804 -0.797133
vn 0.000000 -0.563320 -0.826239
vn 0.000000 -0.563320 -0.826239
vn 0.000000 -0.521435 -0.853291
vn 0.000000 -0.521435 -0.853291
vn 0.000000 -0.478254 -0.878222
vn 0.000000 -0.478254 -0.878222
vn 0.000000 -0.433884 -0.900969
vn 0.000000 -0.433884 -0.900969
vn 0.000000 -0.388435 -0.921476
vn 0.000000 -0.342020 -0.939693
vn 0.000000 -0.388433 -0.921477
vn 0.000000 -0.294754 -0.955573
vn 0.000000 -0.342020 -0.939693
vn 0.000000 -0.294756 -0.955573
vn 0.000000 -0.246758 -0.969077
vn 0.000000 -0.246758 -0.969077
vn 0.000000 -0.198147 -0.980172
vn 0.000000 -0.198145 -0.980173
vn 0.000000 -0.149041 -0.988831
vn -0.000000 -0.149043 -0.988831
vn 0.000000 -0.099569 -0.995031
vn 0.000000 -0.049846 -0.998757
vn 0.000000 -0.099567 -0.995031
vn 0.000000 -0.049847 -0.998757
vn 0.000000 0.000000 -1.000000
vn 0.000000 0.000000 -1.000000
vn 0.000000 0.049845 -0.998757
vn 0.000000 0.099569 -0.995031
vn 0.000000 0.049847 -0.998757
vn 0.000000 0.099567 -0.995031
vn 0.000000 0.149041 -0.988831
vn 0.000000 0.149043 -0.988831
vn 0.000000 0.198147 -0.980172
vn 0.000000 0.198145 -0.980173
vn 0.000000 0.246759 -0.969077
vn 0.000000 0.246758 -0.969077
vn 0.000000 0.294755 -0.955573
vn 0.000000 0.294753 -0.955573
vn 0.000000 0.342020 -0.939693
vn 0.000000 0.342020 -0.939693
vn 0.000000 0.388433 -0.921477
vn 0.000000 0.388435 -0.921476
vn 0.000000 0.433886 -0.900968
vn 0.000000 0.433886 -0.900968
vn 0.000000 0.478253 -0.878222
vn 0.000000 0.478253 -0.878222
vn 0.000000 0.521435 -0.853291
vn 0.000000 0.521435 -0.853291
vn 0.000000 0.563320 -0.826239
vn 0.000000 0.563319 -0.826239
vn 0.000000 0.603805 -0.797132
vn 0.000000 0.603804 -0.797133
vn 0.000000 0.642788 -0.766044
vn 0.000000 0.642788 -0.766044
vn 0.000000 0.680173 -0.733052
vn 0.000000 0.680173 -0.733052
vn 0.000000 0.715867 -0.698236
vn 0.000000 0.715867 -0.698236
vn 0.000000 0.749781 -0.661686
vn 0.000000 0.749781 -0.661686
vn 0.000000 0.781831 -0.623490
vn 0.000000 0.781831 -0.623490
vn 0.000000 0.811938 -0.583743
vn 0.000000 0.811938 -0.583744
vn 0.000000 0.840026 -0.542546
vn 0.000000 0.840026 -0.542546
vn 0.000000 0.866025 -0.500000
vn 0.000000 0.866025 -0.500000
vn 0.000000 0.889872 -0.456210
vn 0.000000 0.889872 -0.456211
vn 0.000000 0.911506 -0.411287
vn 0.000000 0.911506 -0.411287
vn 0.000000 0.930874 -0.365341
vn 0.000000 0.930874 -0.365341
vn 0.000000 0.947927 -0.318488
vn 0.000000 0.947927 -0.318488
vn 0.000000 0.962624 -0.270840
vn 0.000000 0.962624 -0.270839
vn 0.000000 0.974928 -0.222521
vn 0.000000 0.974928 -0.222521
vn 0.000000 0.984808 -0.173647
vn 0.000000 0.992239 -0.124343
vn 0.000000 0.984808 -0.173648
vn 0.000000 0.992239 -0.124343
vn 0.000000 0.997204 -0.074731
vn 0.000000 0.997204 -0.074731
vn 0.000000 0.999689 -0.024931
vn 0.000000 0.999689 -0.024931
vn -0.000000 0.999689 0.024931
vn 0.000000 0.999689 0.024931
vn -0.000000 0.997204 0.074731
vn 0.000000 0.997204 0.074731
vn -0.000000 0.992239 0.124343
vn 0.000000 0.992239 0.124343
vn 0.000000 0.984808 0.173648
vn -0.000000 0.984808 0.173647
vn -0.000000 0.974928 0.222521
vn -0.000000 0.974928 0.222521
vn -0.000000 0.962624 0.270839
vn 0.000000 0.962624 0.270840
vn 0.000000 0.947927 0.318488
vn 0.000000 0.947927 0.318488
vn 0.000000 0.930874 0.365341
vn 0.000000 0.930874 0.365341
vn 0.000000 0.911506 0.411286
vn 0.000000 0.911506 0.411287
vn 0.000000 0.889872 0.456210
vn -0.000000 0.889871 0.456212
vn 0.000000 0.866025 0.500001
vn 0.000000 0.840026 0.542546
vn -0.000000 0.866026 0.499999
vn 0.000000 0.811938 0.583743
vn 0.000000 0.840026 0.542546
vn 0.000000 0.811938 0.583744
vn -0.000000 0.781832 0.623489
vn -0.000000 0.749780 0.661687
vn 0.000000 0.781831 0.623491
vn -0.000000 0.715867 0.698236
vn 0.000000 0.749782 0.661685
vn -0.000000 0.715866 0.698238
vn -0.000000 0.680173 0.733051
vn -0.000000 0.642787 0.766045
vn -0.000000 0.680173 0.733051
vn -0.000000 0.603803 0.797134
vn 0.000000 0.642789 0.766043
vn 0.000000 0.603804 0.797133
vn 0.000000 0.563321 0.826238
vn -0.000000 0.521437 0.853290
vn 0.000000 0.563320 0.826238
vn -0.000001 0.521434 0.853291
vn -0.000001 0.478253 0.878222
vn -0.000001 0.433884 0.900969
vn -0.000001 0.478253 0.878222
vn -0.000001 0.433884 0.900969
vn -0.000001 0.388435 0.921476
vn -0.000001 0.388435 0.921476
vn -0.000001 0.342020 0.939693
vn -0.000001 0.342020 0.939693
vn -0.000001 0.294753 0.955573
vn 0.000000 0.294756 0.955572
vn 0.000000 0.246757 0.969077
vn -0.000000 0.246760 0.969077
vn -0.000000 0.198147 0.980172
vn 0.000000 0.198144 0.980173
vn -0.000000 0.149044 0.988830
vn -0.000001 0.149041 0.988831
vn -0.000001 0.099569 0.995031
vn -0.000001 0.049840 0.998757
vn -0.000001 0.099566 0.995031
vn 0.000000 0.049847 0.998757
vn 0.000000 0.000000 1.000000
vn 0.000000 -0.000000 1.000000
vn -0.000001 -0.049840 0.998757
vn 0.000000 -0.049847 0.998757
vn -0.000001 -0.099569 0.995031
vn -0.000001 -0.099566 0.995031
vn 0.000000 -0.149044 0.988830
vn 0.000000 -0.198143 0.980173
vn -0.000001 -0.149041 0.988831
vn -0.000001 -0.198147 0.980172
vn 0.000000 -0.246760 0.969077
vn -0.000001 -0.246756 0.969078
vn -0.000001 -0.294754 0.955573
vn 0.000000 -0.294757 0.955572
vn -0.000001 -0.342020 0.939693
vn -0.000001 -0.342020 0.939693
vn -0.000001 -0.388435 0.921476
vn -0.000001 -0.433883 0.900969
vn -0.000001 -0.388435 0.921476
vn -0.000001 -0.433883 0.900969
vn -0.000001 -0.478254 0.878222
vn -0.000001 -0.521436 0.853290
vn -0.000001 -0.478254 0.878222
vn 0.000000 -0.521433 0.853292
vn 0.000000 -0.563321 0.826238
vn 0.000000 -0.563321 0.826238
vn -0.000000 -0.603803 0.797134
vn -0.000000 -0.642787 0.766045
vn 0.000000 -0.603805 0.797132
vn -0.000001 -0.680174 0.733050
vn -0.000001 -0.642789 0.766043
vn -0.000000 -0.715867 0.698236
vn -0.000000 -0.680173 0.733052
vn 0.000000 -0.715866 0.698238
vn 0.000000 -0.749782 0.661685
vn -0.000000 -0.749780 0.661687
vn -0.000000 -0.781832 0.623489
vn 0.000000 -0.781831 0.623491
vn 0.000000 -0.811938 0.583744
vn 0.000000 -0.811938 0.583744
vn 0.000000 -0.840026 0.542546
vn 0.000000 -0.840026 0.542546
vn 0.000000 -0.866027 0.499998
vn -0.000000 -0.866026 0.499999
vn -0.000000 -0.889871 0.456212
vn 0.000000 -0.889871 0.456213
vn 0.000000 -0.911506 0.411286
vn 0.000000 -0.911506 0.411286
vn 0.000000 -0.930874 0.365341
vn 0.000000 -0.930874 0.365341
vn 0.000000 -0.947927 0.318488
vn 0.000000 -0.947927 0.318488
vn 0.000000 -0.962624 0.270842
vn -0.000000 -0.962624 0.270841
vn -0.000000 -0.974928 0.222518
vn -0.000001 -0.974928 0.222521
vn -0.000001 -0.984807 0.173651
vn 0.000000 -0.984808 0.173647
vn 0.000000 -0.992240 0.124340
vn 0.000000 -0.997204 0.074732
vn 0.000000 -0.992240 0.124340
vn 0.000000 -0.997204 0.074732
vn -0.000000 -0.999689 0.024934
vn 0.000000 -0.999689 0.024934
vn -0.000000 -0.999690 -0.024882
vn 0.000000 -0.999690 -0.024882
vn 0.000000 -0.997205 -0.074718
vn -0.000000 -0.997205 -0.074718
vn 0.000000 -0.992232 -0.124401
vn -0.000000 -0.992232 -0.124401
vn 0.000000 -0.984810 -0.173637
vn -0.000000 -0.984812 -0.173624
vn 0.000000 -0.974938 -0.222479
vn 0.000000 -0.962619 -0.270858
vn 0.000000 -0.974938 -0.222479
vn 0.000000 -0.962614 -0.270878
vn 0.000000 -0.947933 -0.318471
vn -0.000000 -0.947933 -0.318471
vn 0.000000 -0.930863 -0.365369
vn 0.000001 -0.911503 -0.411294
vn -0.000000 -0.930873 -0.365343
vn 0.000001 -0.911503 -0.411294
vn 0.000000 -0.889895 -0.456166
vn 0.000001 -0.889879 -0.456197
vn -0.000000 -0.865999 -0.500046
vn 0.000000 -0.865999 -0.500046
vn -0.000000 -0.840029 -0.542542
vn -0.000001 -0.840063 -0.542488
vn -0.000001 -0.811909 -0.583784
vn 0.000000 -0.811945 -0.583734
vn -0.000000 -0.781843 -0.623475
vn 0.000000 -0.781843 -0.623475
vn -0.000000 -0.749771 -0.661697
vn 0.000000 -0.749771 -0.661697
vn -0.000000 -0.715867 -0.698237
vn 0.000000 -0.715867 -0.698237
vn -0.000000 -0.680167 -0.733057
vn 0.000000 -0.680167 -0.733057
vn -0.000000 -0.642786 -0.766046
vn 0.000000 -0.642786 -0.766046
vn 0.000000 -0.603803 -0.797133
vn 0.000001 -0.603852 -0.797097
vn 0.000001 -0.563266 -0.826276
vn 0.000000 -0.563318 -0.826240
vn 0.000000 -0.521438 -0.853289
vn 0.000001 -0.521493 -0.853255
vn 0.000001 -0.478232 -0.878234
vn 0.000000 -0.478291 -0.878202
vn 0.000000 -0.433884 -0.900969
vn -0.000000 -0.433884 -0.900969
vn 0.000000 -0.388395 -0.921493
vn 0.000000 -0.388395 -0.921493
vn 0.000000 -0.342074 -0.939673
vn 0.000000 -0.294740 -0.955577
vn -0.000000 -0.342074 -0.939673
vn 0.000000 -0.294740 -0.955577
vn 0.000000 -0.246754 -0.969078
vn 0.000000 -0.198126 -0.980177
vn -0.000000 -0.246754 -0.969078
vn 0.000000 -0.198126 -0.980177
vn 0.000000 -0.149057 -0.988829
vn 0.000000 -0.099519 -0.995036
vn -0.000000 -0.149057 -0.988829
vn 0.000001 -0.049839 -0.998757
vn 0.000001 -0.099594 -0.995028
vn 0.000001 -0.049839 -0.998757
vn 0.000001 0.000000 -1.000000
vn 0.000001 0.000000 -1.000000
vn 0.000001 0.049835 -0.998757
vn 0.000001 0.049835 -0.998757
vn 0.000000 0.099526 -0.995035
vn 0.000001 0.099602 -0.995027
vn 0.000000 0.149057 -0.988829
vn 0.000000 0.149057 -0.988829
vn 0.000000 0.198126 -0.980177
vn 0.000000 0.198126 -0.980177
vn 0.000000 0.246754 -0.969078
vn 0.000000 0.246754 -0.969078
vn 0.000000 0.294740 -0.955577
vn 0.000000 0.294740 -0.955577
vn 0.000000 0.342074 -0.939673
vn 0.000000 0.342074 -0.939673
vn 0.000000 0.388395 -0.921493
vn 0.000000 0.388395 -0.921493
vn 0.000000 0.433884 -0.900969
vn 0.000000 0.433884 -0.900969
vn 0.000000 0.478232 -0.878234
vn 0.000001 0.478291 -0.878202
vn 0.000001 0.521493 -0.853255
vn 0.000000 0.521438 -0.853289
vn 0.000000 0.563318 -0.826240
vn 0.000001 0.563266 -0.826276
vn 0.000001 0.603852 -0.797097
vn 0.000000 0.603803 -0.797133
vn 0.000000 0.642748 -0.766078
vn 0.000001 0.642786 -0.766046
vn 0.000001 0.680205 -0.733022
vn 0.000000 0.680167 -0.733057
vn 0.000000 0.715867 -0.698237
vn 0.000000 0.715867 -0.698237
vn 0.000000 0.749771 -0.661697
vn 0.000000 0.749771 -0.661697
vn 0.000000 0.781843 -0.623475
vn 0.000000 0.781843 -0.623475
vn 0.000000 0.811909 -0.583784
vn 0.000000 0.811909 -0.583784
vn 0.000000 0.840063 -0.542488
vn 0.000000 0.840063 -0.542488
vn 0.000000 0.865999 -0.500046
vn 0.000000 0.865999 -0.500046
vn 0.000000 0.889879 -0.456197
vn 0.000001 0.889895 -0.456166
vn 0.000001 0.911503 -0.411294
vn 0.000001 0.911503 -0.411294
vn 0.000000 0.930863 -0.365369
vn 0.000000 0.930873 -0.365343
vn 0.000000 0.947933 -0.318471
vn 0.000000 0.947933 -0.318471
vn 0.000000 0.962619 -0.270858
vn 0.000000 0.962614 -0.270878
vn 0.000000 0.974938 -0.222479
vn 0.000000 0.984810 -0.173637
vn 0.000000 0.974938 -0.222479
vn 0.000000 0.984812 -0.173624
vn 0.000000 0.992232 -0.124401
vn 0.000000 0.997205 -0.074718
vn 0.000000 0.992232 -0.124401
vn 0.000000 0.997205 -0.074718
vn 0.000000 0.999689 -0.024958
vn 0.000001 0.999690 -0.024882
vn 0.000001 0.999689 0.024956
vn 0.000000 0.999690 0.024880
vn -0.000000 0.997205 0.074718
vn -0.000000 0.997204 0.074724
vn -0.000000 0.992232 0.124401
vn -0.000000 0.992232 0.124401
vn -0.000000 0.984810 0.173637
vn 0.000000 0.984812 0.173624
vn 0.000000 0.974938 0.222479
vn 0.000000 0.974938 0.222479
vn -0.000000 0.962619 0.270858
vn 0.000000 0.962619 0.270858
vn -0.000000 0.947925 0.318494
vn 0.000000 0.947925 0.318494
vn 0.000000 0.930873 0.365343
vn 0.000000 0.930873 0.365343
vn 0.000000 0.911503 0.411294
vn 0.000000 0.911503 0.411294
vn -0.000000 0.889895 0.456166
vn -0.000001 0.889879 0.456197
vn -0.000001 0.866018 0.500013
vn 0.000000 0.865999 0.500046
vn 0.000000 0.840041 0.542523
vn 0.000000 0.840041 0.542523
vn -0.000001 0.811935 0.583748
vn 0.000000 0.811909 0.583784
vn -0.000001 0.781843 0.623475
vn -0.000001 0.781843 0.623475
vn 0.000000 0.749771 0.661697
vn -0.000001 0.749804 0.661659
vn 0.000000 0.715829 0.698275
vn 0.000000 0.715829 0.698275
vn 0.000001 0.680167 0.733057
vn 0.000000 0.680205 0.733022
vn -0.000001 0.642830 0.766008
vn 0.000001 0.642748 0.766078
vn 0.000000 0.603803 0.797133
vn -0.000001 0.603852 0.797097
vn 0.000000 0.563318 0.826240
vn 0.000000 0.563318 0.826240
vn 0.000000 0.521438 0.853289
vn 0.000000 0.521438 0.853289
vn 0.000000 0.478232 0.878234
vn -0.000000 0.433884 0.900969
vn 0.000000 0.478232 0.878234
vn 0.000000 0.433884 0.900969
vn 0.000000 0.388460 0.921466
vn 0.000000 0.388460 0.921466
vn 0.000000 0.342007 0.939698
vn 0.000000 0.342007 0.939698
vn 0.000000 0.294740 0.955577
vn 0.000000 0.294740 0.955577
vn 0.000000 0.246754 0.969078
vn 0.000000 0.246754 0.969078
vn 0.000000 0.198126 0.980177
vn -0.000001 0.198200 0.980162
vn 0.000000 0.148982 0.988840
vn -0.000001 0.149057 0.988829
vn 0.000000 0.099602 0.995027
vn 0.000000 0.099602 0.995027
vn 0.000000 0.049835 0.998757
vn 0.000000 0.049835 0.998757
vn 0.000000 0.000000 1.000000
vn 0.000000 -0.000000 1.000000
vn 0.000000 -0.049839 0.998757
vn 0.000000 -0.049839 0.998757
vn 0.000000 -0.099594 0.995028
vn 0.000000 -0.099594 0.995028
vn -0.000001 -0.148982 0.988840
vn 0.000000 -0.149057 0.988829
vn 0.000000 -0.198200 0.980162
vn -0.000001 -0.198126 0.980177
vn 0.000000 -0.246754 0.969078
vn 0.000000 -0.246754 0.969078
vn 0.000000 -0.294740 0.955577
vn 0.000000 -0.294740 0.955577
vn 0.000000 -0.342007 0.939698
vn 0.000000 -0.342007 0.939698
vn 0.000000 -0.388460 0.921466
vn 0.000000 -0.388460 0.921466
vn 0.000000 -0.433884 0.900969
vn 0.000000 -0.433884 0.900969
vn 0.000000 -0.478232 0.878234
vn 0.000000 -0.478232 0.878234
vn 0.000000 -0.521438 0.853289
vn 0.000000 -0.521438 0.853289
vn 0.000000 -0.563318 0.826240
vn 0.000000 -0.563318 0.826240
vn -0.000001 -0.603803 0.797133
vn 0.000000 -0.603852 0.797097
vn 0.000000 -0.642830 0.766008
vn -0.000001 -0.642786 0.766046
vn 0.000000 -0.680167 0.733057
vn 0.000000 -0.715829 0.698275
vn 0.000000 -0.680167 0.733057
vn 0.000000 -0.715829 0.698275
vn 0.000000 -0.749804 0.661659
vn -0.000001 -0.749771 0.661697
vn -0.000001 -0.781843 0.623475
vn -0.000001 -0.781843 0.623475
vn -0.000001 -0.811945 0.583734
vn -0.000001 -0.811935 0.583748
vn -0.000001 -0.840006 0.542577
vn 0.000000 -0.840041 0.542523
vn 0.000000 -0.866018 0.500013
vn -0.000001 -0.865999 0.500046
vn -0.000001 -0.889879 0.456197
vn 0.000000 -0.889895 0.456166
vn 0.000000 -0.911503 0.411294
vn 0.000000 -0.911503 0.411294
vn 0.000000 -0.930873 0.365343
vn 0.000000 -0.930873 0.365343
vn 0.000000 -0.947925 0.318494
vn 0.000000 -0.947925 0.318494
vn 0.000000 -0.962619 0.270858
vn 0.000000 -0.962619 0.270858
vn 0.000000 -0.974938 0.222479
vn 0.000000 -0.974938 0.222479
vn 0.000000 -0.984812 0.173624
vn -0.000000 -0.984810 0.173637
vn -0.000000 -0.992232 0.124401
vn -0.000000 -0.992232 0.124401
vn -0.000000 -0.997205 0.074718
vn 0.000000 -0.997204 0.074724
vn 0.000000 -0.999690 0.024880
vn 0.000000 -0.999690 0.024880
vn 0.000000 -0.999689 -0.024941
vn 0.000000 -0.999689 -0.024941
vn 0.000000 -0.997203 -0.074747
vn 0.000000 -0.992242 -0.124322
vn 0.000000 -0.997203 -0.074746
vn 0.000000 -0.992242 -0.124323
vn 0.000000 -0.984804 -0.173669
vn 0.000000 -0.984804 -0.173669
vn 0.000000 -0.974937 -0.222482
vn 0.000000 -0.974937 -0.222480
vn 0.000000 -0.962627 -0.270831
vn 0.000000 -0.947924 -0.318496
vn 0.000000 -0.962626 -0.270834
vn 0.000000 -0.947925 -0.318493
vn 0.000000 -0.930857 -0.365385
vn 0.000000 -0.911530 -0.411233
vn 0.000000 -0.930857 -0.365385
vn 0.000000 -0.911530 -0.411233
vn 0.000000 -0.889876 -0.456203
vn 0.000000 -0.889874 -0.456207
vn 0.000000 -0.866008 -0.500031
vn 0.000000 -0.866005 -0.500035
vn 0.000000 -0.840045 -0.542516
vn 0.000000 -0.840045 -0.542516
vn 0.000000 -0.811940 -0.583741
vn -0.000001 -0.811903 -0.583792
vn -0.000001 -0.781849 -0.623467
vn 0.000000 -0.781816 -0.623509
vn 0.000000 -0.749777 -0.661691
vn 0.000000 -0.749773 -0.661696
vn 0.000000 -0.715884 -0.698220
vn 0.000000 -0.715888 -0.698215
vn 0.000000 -0.680161 -0.733063
vn 0.000000 -0.680155 -0.733068
vn 0.000000 -0.642781 -0.766050
vn 0.000000 -0.642786 -0.766046
vn 0.000000 -0.603812 -0.797126
vn 0.000000 -0.603812 -0.797126
vn 0.000000 -0.563310 -0.826246
vn 0.000000 -0.563304 -0.826250
vn 0.000000 -0.521445 -0.853285
vn 0.000000 -0.521445 -0.853285
vn 0.000000 -0.478254 -0.878222
vn 0.000000 -0.478261 -0.878218
vn 0.000000 -0.433868 -0.900976
vn 0.000000 -0.433868 -0.900976
vn 0.000000 -0.388445 -0.921472
vn 0.000000 -0.388453 -0.921469
vn 0.000000 -0.342010 -0.939696
vn 0.000000 -0.342010 -0.939696
vn 0.000000 -0.294762 -0.955571
vn 0.000000 -0.294753 -0.955573
vn 0.000000 -0.246764 -0.969076
vn 0.000000 -0.246773 -0.969073
vn 0.000000 -0.198146 -0.980173
vn 0.000000 -0.198137 -0.980174
vn 0.000000 -0.149042 -0.988831
vn 0.000000 -0.149042 -0.988831
vn 0.000000 -0.099562 -0.995031
vn 0.000000 -0.099572 -0.995030
vn 0.000000 -0.049842 -0.998757
vn 0.000000 0.000000 -1.000000
vn 0.000000 -0.049842 -0.998757
vn 0.000000 0.000000 -1.000000
vn 0.000000 0.049842 -0.998757
vn 0.000000 0.099562 -0.995031
vn 0.000000 0.049842 -0.998757
vn 0.000000 0.099572 -0.995030
vn 0.000000 0.149042 -0.988831
vn 0.000000 0.149042 -0.988831
vn 0.000000 0.198146 -0.980173
vn 0.000000 0.198137 -0.980174
vn 0.000000 0.246773 -0.969073
vn 0.000000 0.246764 -0.969076
vn 0.000000 0.294753 -0.955573
vn 0.000000 0.294762 -0.955571
vn 0.000000 0.342010 -0.939696
vn 0.000000 0.342010 -0.939696
vn 0.000000 0.388453 -0.921469
vn 0.000000 0.388445 -0.921472
vn 0.000000 0.433868 -0.900976
vn 0.000000 0.433868 -0.900976
vn 0.000000 0.478254 -0.878222
vn 0.000000 0.478261 -0.878218
vn 0.000000 0.521445 -0.853285
vn 0.000000 0.521445 -0.853285
vn 0.000000 0.563310 -0.826246
vn 0.000000 0.563304 -0.826250
vn 0.000000 0.603812 -0.797126
vn 0.000000 0.603812 -0.797126
vn 0.000000 0.642781 -0.766050
vn 0.000000 0.642786 -0.766046
vn 0.000000 0.680161 -0.733063
vn 0.000000 0.680155 -0.733068
vn 0.000000 0.715884 -0.698220
vn 0.000000 0.715888 -0.698215
vn 0.000000 0.749773 -0.661696
vn 0.000000 0.749777 -0.661691
vn 0.000000 0.781812 -0.623514
vn 0.000001 0.781853 -0.623463
vn 0.000001 0.811940 -0.583741
vn 0.000000 0.811903 -0.583792
vn 0.000000 0.840045 -0.542516
vn 0.000000 0.840045 -0.542516
vn 0.000000 0.866008 -0.500031
vn 0.000001 0.866038 -0.499978
vn 0.000001 0.889845 -0.456264
vn 0.000000 0.889874 -0.456207
vn 0.000000 0.911530 -0.411233
vn 0.000000 0.911530 -0.411233
vn 0.000000 0.930857 -0.365385
vn 0.000000 0.930857 -0.365385
vn 0.000000 0.947925 -0.318493
vn 0.000000 0.947924 -0.318496
vn 0.000000 0.962627 -0.270831
vn 0.000000 0.962626 -0.270834
vn 0.000000 0.974937 -0.222482
vn 0.000000 0.974937 -0.222480
vn 0.000000 0.984804 -0.173669
vn 0.000000 0.984804 -0.173669
vn 0.000000 0.992242 -0.124322
vn 0.000000 0.992242 -0.124323
vn 0.000000 0.997203 -0.074746
vn 0.000000 0.997203 -0.074747
vn 0.000000 0.999689 -0.024941
vn 0.000000 0.999689 -0.024941
vn -0.000000 0.999689 0.024941
vn -0.000000 0.999689 0.024941
vn -0.000000 0.997203 0.074746
vn -0.000000 0.997203 0.074746
vn -0.000000 0.992242 0.124323
vn -0.000000 0.992242 0.124323
vn -0.000000 0.984805 0.173667
vn -0.000000 0.984804 0.173669
vn -0.000000 0.974937 0.222482
vn -0.000000 0.974937 0.222480
vn -0.000000 0.962627 0.270831
vn -0.000000 0.962626 0.270834
vn -0.000000 0.947924 0.318496
vn -0.000000 0.947925 0.318493
vn -0.000000 0.930857 0.365385
vn -0.000000 0.930857 0.365385
vn -0.000000 0.911530 0.411233
vn -0.000000 0.911530 0.411233
vn -0.000000 0.889874 0.456207
vn 0.000001 0.889843 0.456268
vn 0.000001 0.866008 0.500031
vn -0.000000 0.866041 0.499974
vn -0.000000 0.840045 0.542516
vn -0.000000 0.840045 0.542516
vn 0.000001 0.811900 0.583796
vn -0.000000 0.811940 0.583741
vn -0.000000 0.781853 0.623463
vn 0.000001 0.781812 0.623514
vn -0.000000 0.749773 0.661696
vn -0.000000 0.749777 0.661691
vn -0.000000 0.715888 0.698215
vn -0.000000 0.715888 0.698215
vn -0.000000 0.680161 0.733063
vn -0.000000 0.680155 0.733068
vn -0.000000 0.642781 0.766050
vn -0.000000 0.642786 0.766046
vn -0.000000 0.603812 0.797126
vn -0.000000 0.603812 0.797126
vn -0.000000 0.563310 0.826246
vn -0.000000 0.563304 0.826250
vn -0.000000 0.521445 0.853285
vn -0.000000 0.521445 0.853285
vn -0.000000 0.478254 0.878222
vn -0.000000 0.433868 0.900976
vn -0.000000 0.478261 0.878218
vn -0.000000 0.433860 0.900980
vn -0.000000 0.388453 0.921469
vn -0.000000 0.388453 0.921469
vn -0.000000 0.342010 0.939696
vn -0.000000 0.342010 0.939696
vn -0.000000 0.294753 0.955573
vn -0.000000 0.294753 0.955573
vn -0.000000 0.246773 0.969073
vn -0.000000 0.246773 0.969073
vn -0.000000 0.198146 0.980173
vn -0.000000 0.198137 0.980174
vn -0.000000 0.149042 0.988831
vn -0.000000 0.149042 0.988831
vn -0.000000 0.099572 0.995030
vn -0.000000 0.099562 0.995031
vn -0.000000 0.049842 0.998757
vn -0.000000 0.049842 0.998757
vn -0.000000 0.000000 1.000000
vn -0.000000 0.000000 1.000000
vn -0.000000 -0.049842 0.998757
vn -0.000000 -0.049842 0.998757
vn -0.000000 -0.099572 0.995030
vn -0.000000 -0.099562 0.995031
vn -0.000000 -0.149042 0.988831
vn -0.000000 -0.149042 0.988831
vn -0.000000 -0.198137 0.980174
vn -0.000000 -0.198146 0.980173
vn -0.000000 -0.246773 0.969073
vn -0.000000 -0.246773 0.969073
vn -0.000000 -0.294753 0.955573
vn -0.000000 -0.342010 0.939696
vn -0.000000 -0.294753 0.955573
vn -0.000000 -0.342010 0.939696
vn -0.000000 -0.388453 0.921469
vn -0.000000 -0.388453 0.921469
vn -0.000000 -0.433868 0.900976
vn -0.000000 -0.478254 0.878222
vn -0.000000 -0.433860 0.900980
vn -0.000000 -0.478261 0.878218
vn -0.000000 -0.521445 0.853285
vn -0.000000 -0.521445 0.853285
vn -0.000000 -0.563310 0.826246
vn -0.000000 -0.603812 0.797126
vn -0.000000 -0.563304 0.826250
vn -0.000000 -0.603812 0.797126
vn -0.000000 -0.642781 0.766050
vn -0.000000 -0.642786 0.766046
vn -0.000000 -0.680161 0.733063
vn -0.000000 -0.680155 0.733068
vn -0.000000 -0.715888 0.698215
vn -0.000000 -0.715888 0.698215
vn -0.000000 -0.749773 0.661696
vn -0.000000 -0.749777 0.661691
vn -0.000000 -0.781849 0.623467
vn -0.000001 -0.781816 0.623509
vn -0.000001 -0.811903 0.583792
vn -0.000000 -0.811936 0.583746
vn -0.000000 -0.840045 0.542516
vn -0.000000 -0.840045 0.542516
vn -0.000000 -0.866008 0.500031
vn -0.000000 -0.866008 0.500031
vn -0.000000 -0.889874 0.456207
vn -0.000000 -0.889874 0.456207
vn -0.000000 -0.911530 0.411233
vn -0.000000 -0.911530 0.411233
vn -0.000000 -0.930857 0.365385
vn -0.000000 -0.930857 0.365385
vn -0.000000 -0.947924 0.318496
vn -0.000000 -0.947925 0.318493
vn -0.000000 -0.962627 0.270831
vn -0.000000 -0.962626 0.270834
vn -0.000000 -0.974937 0.222482
vn -0.000000 -0.974937 0.222480
vn -0.000000 -0.984804 0.173669
vn -0.000000 -0.984805 0.173667
vn -0.000000 -0.992242 0.124323
vn -0.000000 -0.992242 0.124323
vn -0.000000 -0.997203 0.074746
vn -0.000000 -0.997203 0.074746
vn -0.000000 -0.999689 0.024941
vn -0.000000 -0.999689 0.024941
vn 0.000000 -0.999689 -0.024931
vn 0.000000 -0.999689 -0.024932
vn -0.000000 -0.997204 -0.074728
vn 0.000000 -0.997203 -0.074737
vn 0.000000 -0.992238 -0.124350
vn -0.000000 -0.992240 -0.124341
vn -0.000000 -0.984809 -0.173641
vn 0.000000 -0.984807 -0.173650
vn 0.000000 -0.974926 -0.222527
vn -0.000000 -0.974928 -0.222518
vn 0.000000 -0.962624 -0.270840
vn 0.000000 -0.947928 -0.318485
vn 0.000000 -0.962624 -0.270840
vn 0.000000 -0.947927 -0.318488
vn -0.000000 -0.930875 -0.365338
vn -0.000000 -0.911503 -0.411293
vn 0.000000 -0.930873 -0.365343
vn 0.000000 -0.911505 -0.411288
vn 0.000000 -0.889874 -0.456207
vn 0.000000 -0.866026 -0.499999
vn 0.000000 -0.889876 -0.456203
vn 0.000000 -0.866022 -0.500006
vn 0.000000 -0.840028 -0.542543
vn 0.000000 -0.840024 -0.542550
vn 0.000000 -0.811940 -0.583741
vn 0.000000 -0.811940 -0.583741
vn 0.000000 -0.781830 -0.623492
vn 0.000000 -0.781830 -0.623492
vn 0.000000 -0.749782 -0.661685
vn 0.000000 -0.749782 -0.661685
vn 0.000000 -0.715864 -0.698239
vn 0.000000 -0.715869 -0.698234
vn 0.000000 -0.680170 -0.733055
vn 0.000000 -0.680175 -0.733050
vn 0.000000 -0.642791 -0.766042
vn 0.000000 -0.642785 -0.766046
vn 0.000000 -0.603808 -0.797130
vn 0.000000 -0.603803 -0.797133
vn 0.000000 -0.563323 -0.826236
vn 0.000000 -0.563317 -0.826241
vn 0.000000 -0.521436 -0.853290
vn 0.000000 -0.521429 -0.853295
vn 0.000000 -0.478257 -0.878220
vn 0.000000 -0.478257 -0.878220
vn 0.000000 -0.433883 -0.900969
vn 0.000000 -0.433883 -0.900969
vn 0.000000 -0.388431 -0.921478
vn 0.000000 -0.388431 -0.921478
vn 0.000000 -0.342023 -0.939692
vn 0.000000 -0.342019 -0.939693
vn 0.000000 -0.294756 -0.955572
vn 0.000000 -0.294759 -0.955572
vn 0.000000 -0.246761 -0.969076
vn 0.000000 -0.198141 -0.980174
vn 0.000000 -0.246752 -0.969079
vn 0.000000 -0.198150 -0.980172
vn 0.000000 -0.149043 -0.988831
vn 0.000000 -0.099563 -0.995031
vn 0.000000 -0.149043 -0.988831
vn 0.000000 -0.099563 -0.995031
vn 0.000000 -0.049853 -0.998757
vn 0.000000 -0.049844 -0.998757
vn 0.000000 0.000000 -1.000000
vn 0.000000 0.000000 -1.000000
vn 0.000000 0.049853 -0.998757
vn 0.000000 0.049844 -0.998757
vn 0.000000 0.099563 -0.995031
vn 0.000000 0.099563 -0.995031
vn 0.000000 0.149043 -0.988831
vn 0.000000 0.198142 -0.980173
vn 0.000000 0.149043 -0.988831
vn 0.000000 0.198150 -0.980172
vn 0.000000 0.246752 -0.969079
vn 0.000000 0.246759 -0.969077
vn 0.000000 0.294759 -0.955572
vn 0.000000 0.294759 -0.955572
vn 0.000000 0.342019 -0.939693
vn 0.000000 0.342019 -0.939693
vn 0.000000 0.388431 -0.921478
vn 0.000000 0.388431 -0.921478
vn 0.000000 0.433883 -0.900969
vn 0.000000 0.433887 -0.900967
vn 0.000000 0.478261 -0.878218
vn 0.000000 0.478257 -0.878220
vn 0.000000 0.521436 -0.853290
vn 0.000000 0.521429 -0.853295
vn 0.000000 0.563323 -0.826236
vn 0.000000 0.563312 -0.826244
vn 0.000000 0.603808 -0.797130
vn 0.000000 0.603803 -0.797133
vn 0.000000 0.642785 -0.766046
vn 0.000000 0.642791 -0.766042
vn 0.000000 0.680170 -0.733055
vn 0.000000 0.680175 -0.733050
vn 0.000000 0.715869 -0.698234
vn 0.000000 0.715864 -0.698239
vn 0.000000 0.749782 -0.661685
vn 0.000000 0.749777 -0.661690
vn 0.000000 0.781834 -0.623486
vn 0.000000 0.781834 -0.623486
vn 0.000000 0.811935 -0.583748
vn 0.000000 0.811940 -0.583741
vn 0.000000 0.840024 -0.542550
vn 0.000000 0.840028 -0.542543
vn 0.000000 0.866022 -0.500006
vn 0.000000 0.866026 -0.499999
vn 0.000000 0.889876 -0.456203
vn 0.000000 0.889870 -0.456215
vn 0.000000 0.911505 -0.411288
vn 0.000000 0.911507 -0.411285
vn 0.000000 0.930875 -0.365338
vn 0.000000 0.930873 -0.365343
vn 0.000000 0.947927 -0.318488
vn 0.000000 0.947925 -0.318493
vn 0.000000 0.962624 -0.270840
vn 0.000000 0.962624 -0.270840
vn 0.000000 0.974928 -0.222518
vn 0.000000 0.974928 -0.222518
vn 0.000000 0.984807 -0.173650
vn 0.000000 0.984807 -0.173650
vn 0.000000 0.992240 -0.124341
vn 0.000000 0.992240 -0.124341
vn 0.000000 0.997203 -0.074737
vn 0.000000 0.997204 -0.074728
vn 0.000000 0.999689 -0.024922
vn 0.000000 0.999689 -0.024932
vn -0.000000 0.999689 0.024922
vn 0.000000 0.999689 0.024931
vn 0.000000 0.997203 0.074736
vn -0.000000 0.997204 0.074728
vn -0.000000 0.992239 0.124342
vn -0.000000 0.992240 0.124341
vn -0.000000 0.984807 0.173650
vn -0.000000 0.984807 0.173650
vn -0.000000 0.974929 0.222516
vn -0.000000 0.974928 0.222518
vn -0.000000 0.962624 0.270843
vn -0.000000 0.962624 0.270840
vn -0.000000 0.947928 0.318485
vn 0.000000 0.947925 0.318493
vn 0.000000 0.930873 0.365343
vn -0.000000 0.930875 0.365338
vn -0.000000 0.911505 0.411288
vn -0.000000 0.911507 0.411285
vn -0.000000 0.889874 0.456207
vn -0.000000 0.889870 0.456215
vn -0.000000 0.866024 0.500002
vn -0.000000 0.866026 0.499999
vn 0.000000 0.840024 0.542550
vn -0.000000 0.840028 0.542543
vn -0.000000 0.811940 0.583741
vn 0.000000 0.811932 0.583752
vn -0.000000 0.781834 0.623486
vn -0.000000 0.781834 0.623486
vn -0.000000 0.749777 0.661690
vn -0.000000 0.749782 0.661685
vn -0.000000 0.715869 0.698234
vn -0.000000 0.715864 0.698239
vn -0.000000 0.680175 0.733050
vn -0.000000 0.680175 0.733050
vn -0.000000 0.642785 0.766046
vn -0.000000 0.642785 0.766046
vn -0.000000 0.603803 0.797133
vn -0.000000 0.603808 0.797130
vn -0.000000 0.563317 0.826241
vn -0.000000 0.563319 0.826239
vn -0.000000 0.521436 0.853290
vn -0.000000 0.521436 0.853290
vn -0.000000 0.478257 0.878220
vn -0.000000 0.478254 0.878222
vn -0.000000 0.433887 0.900967
vn -0.000000 0.433883 0.900969
vn -0.000000 0.388431 0.921478
vn -0.000000 0.388439 0.921474
vn -0.000000 0.342011 0.939696
vn -0.000000 0.342019 0.939693
vn -0.000000 0.294759 0.955572
vn -0.000000 0.294759 0.955572
vn -0.000000 0.246750 0.969079
vn -0.000000 0.246761 0.969076
vn -0.000000 0.198141 0.980174
vn -0.000000 0.198152 0.980171
vn -0.000000 0.149043 0.988831
vn -0.000000 0.149043 0.988831
vn -0.000000 0.099563 0.995031
vn -0.000000 0.049853 0.998757
vn -0.000000 0.099573 0.995030
vn -0.000000 0.049844 0.998757
vn -0.000000 0.000000 1.000000
vn -0.000000 0.000000 1.000000
vn -0.000000 -0.049853 0.998757
vn -0.000000 -0.049844 0.998757
vn -0.000000 -0.099563 0.995031
vn -0.000000 -0.099573 0.995030
vn -0.000000 -0.149043 0.988831
vn -0.000000 -0.198150 0.980172
vn -0.000000 -0.149043 0.988831
vn -0.000000 -0.198141 0.980174
vn -0.000000 -0.246752 0.969079
vn -0.000000 -0.246761 0.969076
vn -0.000000 -0.294756 0.955572
vn -0.000000 -0.342023 0.939692
vn -0.000000 -0.294759 0.955572
vn -0.000000 -0.342011 0.939696
vn -0.000000 -0.388431 0.921478
vn -0.000000 -0.433883 0.900969
vn -0.000000 -0.388439 0.921474
vn -0.000000 -0.433883 0.900969
vn -0.000000 -0.478257 0.878220
vn -0.000000 -0.478250 0.878224
vn -0.000000 -0.521436 0.853290
vn -0.000000 -0.563317 0.826241
vn -0.000000 -0.521436 0.853290
vn -0.000000 -0.563323 0.826236
vn -0.000000 -0.603803 0.797133
vn -0.000000 -0.603808 0.797130
vn -0.000000 -0.642785 0.766046
vn -0.000000 -0.642785 0.766046
vn -0.000000 -0.680175 0.733050
vn -0.000000 -0.715869 0.698234
vn -0.000000 -0.680175 0.733050
vn -0.000000 -0.715864 0.698239
vn -0.000000 -0.749782 0.661685
vn -0.000000 -0.749782 0.661685
vn -0.000000 -0.781830 0.623492
vn -0.000000 -0.781830 0.623492
vn -0.000000 -0.811940 0.583741
vn -0.000000 -0.811936 0.583746
vn -0.000000 -0.840024 0.542550
vn -0.000000 -0.840028 0.542543
vn -0.000000 -0.866026 0.499999
vn -0.000000 -0.866024 0.500002
vn -0.000000 -0.889874 0.456207
vn -0.000000 -0.889874 0.456207
vn -0.000000 -0.911505 0.411288
vn -0.000000 -0.911503 0.411293
vn -0.000000 -0.930873 0.365343
vn -0.000000 -0.930875 0.365338
vn -0.000000 -0.947928 0.318485
vn -0.000000 -0.947928 0.318485
vn -0.000000 -0.962624 0.270843
vn -0.000000 -0.962624 0.270840
vn -0.000000 -0.974926 0.222527
vn -0.000000 -0.974929 0.222516
vn -0.000000 -0.984807 0.173650
vn -0.000000 -0.984809 0.173641
vn -0.000000 -0.992238 0.124350
vn -0.000000 -0.992239 0.124342
vn -0.000000 -0.997203 0.074736
vn -0.000000 -0.997204 0.074728
vn -0.000000 -0.999689 0.024931
vn -0.000000 -0.999689 0.024932
vn -0.000000 -0.999689 -0.024931
vn 0.000000 -0.999689 -0.024931
vn -0.000000 -0.997204 -0.074729
vn -0.000000 -0.997203 -0.074738
vn 0.000000 -0.992239 -0.124346
vn 0.000000 -0.984809 -0.173643
vn -0.000000 -0.992240 -0.124337
vn 0.000000 -0.974924 -0.222537
vn 0.000000 -0.984809 -0.173643
vn 0.000000 -0.974928 -0.222520
vn 0.000000 -0.962627 -0.270830
vn 0.000000 -0.962622 -0.270850
vn 0.000000 -0.947928 -0.318484
vn -0.000000 -0.947928 -0.318484
vn 0.000000 -0.930869 -0.365352
vn -0.000000 -0.930869 -0.365352
vn 0.000000 -0.911509 -0.411280
vn -0.000000 -0.911509 -0.411280
vn 0.000000 -0.889877 -0.456201
vn 0.000000 -0.866029 -0.499995
vn -0.000000 -0.889877 -0.456201
vn 0.000000 -0.866029 -0.499995
vn -0.000000 -0.840012 -0.542568
vn 0.000000 -0.840012 -0.542568
vn 0.000000 -0.811955 -0.583720
vn -0.000000 -0.811951 -0.583726
vn -0.000000 -0.781838 -0.623482
vn 0.000001 -0.781808 -0.623520
vn 0.000001 -0.749786 -0.661680
vn 0.000000 -0.749758 -0.661713
vn -0.000000 -0.715884 -0.698219
vn 0.000000 -0.715884 -0.698219
vn -0.000000 -0.680166 -0.733058
vn -0.000000 -0.680171 -0.733053
vn -0.000000 -0.642765 -0.766063
vn 0.000001 -0.642810 -0.766026
vn 0.000001 -0.603800 -0.797136
vn 0.000001 -0.603795 -0.797140
vn 0.000001 -0.563310 -0.826245
vn 0.000000 -0.563363 -0.826210
vn -0.000000 -0.521434 -0.853292
vn 0.000000 -0.521434 -0.853292
vn -0.000000 -0.478264 -0.878216
vn 0.000000 -0.478264 -0.878216
vn 0.000000 -0.433871 -0.900975
vn -0.000000 -0.433868 -0.900977
vn -0.000000 -0.388400 -0.921491
vn -0.000000 -0.342069 -0.939675
vn -0.000000 -0.388400 -0.921491
vn 0.000000 -0.342072 -0.939674
vn 0.000001 -0.294695 -0.955591
vn -0.000000 -0.294765 -0.955570
vn 0.000001 -0.246762 -0.969076
vn 0.000001 -0.246762 -0.969076
vn 0.000001 -0.198145 -0.980173
vn 0.000001 -0.198145 -0.980173
vn -0.000000 -0.149070 -0.988827
vn 0.000001 -0.148994 -0.988838
vn 0.000001 -0.099533 -0.995034
vn -0.000000 -0.099610 -0.995027
vn 0.000001 -0.049843 -0.998757
vn 0.000001 0.000000 -1.000000
vn 0.000001 -0.049843 -0.998757
vn 0.000001 0.000000 -1.000000
vn 0.000001 0.049843 -0.998757
vn 0.000001 0.049843 -0.998757
vn 0.000000 0.099533 -0.995034
vn 0.000001 0.099609 -0.995027
vn 0.000001 0.149069 -0.988827
vn 0.000000 0.148994 -0.988838
vn 0.000001 0.198147 -0.980172
vn 0.000001 0.198145 -0.980173
vn 0.000001 0.246762 -0.969076
vn 0.000001 0.246762 -0.969076
vn 0.000001 0.294765 -0.955570
vn 0.000000 0.294692 -0.955592
vn 0.000000 0.342072 -0.939674
vn 0.000000 0.342072 -0.939674
vn 0.000000 0.388400 -0.921491
vn 0.000000 0.388400 -0.921491
vn 0.000000 0.433868 -0.900977
vn 0.000000 0.433871 -0.900975
vn 0.000000 0.478264 -0.878216
vn 0.000000 0.478260 -0.878219
vn 0.000000 0.521438 -0.853289
vn 0.000000 0.521438 -0.853289
vn 0.000000 0.563306 -0.826248
vn 0.000001 0.563363 -0.826210
vn 0.000001 0.603800 -0.797136
vn 0.000001 0.603795 -0.797140
vn 0.000001 0.642810 -0.766026
vn 0.000000 0.642765 -0.766063
vn 0.000000 0.680166 -0.733058
vn 0.000000 0.680171 -0.733053
vn 0.000000 0.715884 -0.698219
vn 0.000000 0.715884 -0.698219
vn 0.000000 0.749758 -0.661713
vn 0.000001 0.749786 -0.661680
vn 0.000001 0.781838 -0.623482
vn 0.000000 0.781808 -0.623520
vn 0.000000 0.811951 -0.583726
vn 0.000000 0.811955 -0.583720
vn 0.000000 0.840012 -0.542568
vn 0.000000 0.840007 -0.542575
vn 0.000000 0.866033 -0.499987
vn 0.000000 0.866033 -0.499987
vn 0.000000 0.889873 -0.456208
vn 0.000000 0.889877 -0.456201
vn 0.000000 0.911509 -0.411280
vn 0.000000 0.911506 -0.411288
vn 0.000000 0.930869 -0.365352
vn 0.000000 0.930869 -0.365352
vn 0.000000 0.947928 -0.318484
vn 0.000000 0.947931 -0.318476
vn 0.000000 0.962627 -0.270830
vn 0.000000 0.962622 -0.270850
vn 0.000000 0.974924 -0.222537
vn 0.000000 0.974928 -0.222520
vn 0.000000 0.984807 -0.173652
vn 0.000000 0.984809 -0.173643
vn 0.000000 0.992240 -0.124337
vn 0.000000 0.992240 -0.124337
vn 0.000000 0.997203 -0.074738
vn 0.000000 0.997204 -0.074729
vn 0.000000 0.999689 -0.024931
vn 0.000000 0.999689 -0.024931
vn 0.000000 0.999689 0.024931
vn 0.000000 0.999689 0.024931
vn 0.000000 0.997203 0.074738
vn 0.000000 0.997204 0.074729
vn 0.000000 0.992240 0.124337
vn 0.000000 0.992240 0.124337
vn 0.000000 0.984809 0.173643
vn 0.000000 0.984807 0.173652
vn 0.000000 0.974928 0.222520
vn 0.000000 0.974928 0.222520
vn 0.000000 0.962622 0.270850
vn 0.000000 0.962622 0.270850
vn 0.000000 0.947928 0.318484
vn 0.000000 0.947931 0.318476
vn -0.000000 0.930880 0.365326
vn -0.000000 0.930869 0.365352
vn -0.000001 0.911509 0.411280
vn 0.000000 0.911493 0.411316
vn 0.000000 0.889877 0.456201
vn 0.000000 0.889873 0.456208
vn -0.000000 0.840030 0.542540
vn 0.000000 0.866033 0.499987
vn 0.000000 0.866033 0.499987
vn -0.000001 0.840012 0.542568
vn 0.000000 0.811929 0.583756
vn -0.000001 0.811951 0.583726
vn -0.000001 0.781838 0.623482
vn -0.000001 0.749786 0.661680
vn 0.000000 0.781808 0.623520
vn -0.000001 0.715847 0.698257
vn -0.000001 0.749791 0.661675
vn 0.000000 0.715884 0.698219
vn 0.000000 0.680171 0.733053
vn 0.000000 0.680166 0.733058
vn -0.000001 0.642810 0.766026
vn 0.000000 0.642765 0.766063
vn 0.000000 0.603795 0.797140
vn -0.000001 0.603848 0.797099
vn 0.000000 0.563310 0.826245
vn 0.000000 0.563306 0.826248
vn 0.000000 0.521438 0.853289
vn 0.000000 0.521438 0.853289
vn 0.000000 0.478260 0.878219
vn 0.000000 0.478264 0.878216
vn 0.000000 0.433871 0.900975
vn -0.000000 0.388465 0.921463
vn 0.000000 0.433868 0.900977
vn -0.000001 0.388400 0.921491
vn -0.000001 0.342072 0.939674
vn 0.000000 0.342005 0.939698
vn -0.000000 0.294762 0.955571
vn -0.000001 0.294695 0.955591
vn -0.000001 0.246762 0.969076
vn -0.000001 0.246762 0.969076
vn -0.000001 0.198147 0.980172
vn -0.000001 0.198145 0.980173
vn 0.000000 0.148994 0.988838
vn -0.000001 0.149069 0.988827
vn 0.000000 0.099609 0.995027
vn -0.000000 0.049843 0.998757
vn 0.000000 0.099609 0.995027
vn 0.000000 0.049843 0.998757
vn 0.000000 0.000000 1.000000
vn 0.000000 -0.000000 1.000000
vn 0.000000 -0.049843 0.998757
vn 0.000000 -0.049843 0.998757
vn -0.000000 -0.099609 0.995027
vn 0.000000 -0.099610 0.995027
vn -0.000001 -0.148995 0.988838
vn -0.000000 -0.149069 0.988827
vn -0.000001 -0.198145 0.980173
vn -0.000001 -0.198145 0.980173
vn -0.000001 -0.246762 0.969076
vn -0.000001 -0.246762 0.969076
vn 0.000000 -0.294765 0.955570
vn -0.000001 -0.294695 0.955591
vn -0.000001 -0.342002 0.939699
vn 0.000000 -0.342072 0.939674
vn -0.000000 -0.388465 0.921463
vn -0.000001 -0.388400 0.921491
vn 0.000000 -0.433871 0.900975
vn 0.000000 -0.478264 0.878216
vn -0.000000 -0.433868 0.900977
vn 0.000000 -0.478264 0.878216
vn 0.000000 -0.521434 0.853292
vn 0.000000 -0.563310 0.826245
vn 0.000000 -0.521434 0.853292
vn 0.000000 -0.563310 0.826245
vn -0.000001 -0.603795 0.797140
vn 0.000000 -0.603848 0.797099
vn -0.000000 -0.642810 0.766026
vn -0.000001 -0.642765 0.766063
vn 0.000000 -0.680171 0.733053
vn 0.000000 -0.715847 0.698257
vn -0.000000 -0.680166 0.733058
vn -0.000001 -0.715884 0.698219
vn -0.000001 -0.749791 0.661675
vn -0.000001 -0.749786 0.661680
vn -0.000001 -0.781808 0.623520
vn -0.000000 -0.781838 0.623482
vn -0.000000 -0.811951 0.583726
vn -0.000001 -0.811929 0.583756
vn -0.000001 -0.840012 0.542568
vn 0.000000 -0.840034 0.542533
vn 0.000000 -0.866029 0.499995
vn 0.000000 -0.866029 0.499995
vn 0.000000 -0.889877 0.456201
vn 0.000000 -0.889877 0.456201
vn 0.000000 -0.911496 0.411308
vn -0.000001 -0.911509 0.411280
vn -0.000000 -0.930869 0.365352
vn 0.000000 -0.930880 0.365326
vn 0.000000 -0.947928 0.318484
vn 0.000000 -0.947928 0.318484
vn 0.000000 -0.962622 0.270850
vn 0.000000 -0.962622 0.270850
vn 0.000000 -0.974928 0.222520
vn 0.000000 -0.974928 0.222520
vn 0.000000 -0.984809 0.173643
vn 0.000000 -0.984809 0.173643
vn -0.000000 -0.992239 0.124346
vn 0.000000 -0.992240 0.124337
vn -0.000000 -0.997203 0.074738
vn 0.000000 -0.997204 0.074729
vn 0.000000 -0.999689 0.024931
vn 0.000000 -0.999689 0.024931
vn 0.000000 0.000001 -1.000000
vn -0.000000 0.000001 -1.000000
vn 0.000000 0.000000 -1.000000
vn 0.000000 0.000000 -1.000000
vn 0.000000 -1.000000 0.000000
vn 0.000000 -1.000000 0.000000
vn -0.000000 -1.000000 0.000000
vn -0.000000 -1.000000 0.000000
vn 0.000000 -1.000000 0.000000
vn -0.000000 -1.000000 0.000000
vn 0.000000 -1.000000 0.000000
vn -0.000000 1.000000 -0.000000
vn -0.000000 1.000000 0.000000
vn 0.001977 0.999995 0.002519
vn 0.616411 0.000000 0.787424
vn 0.616411 -0.000000 0.787424
vn -0.000000 -0.000000 -1.000000
vn -0.000000 -0.000000 -1.000000
vn -1.000000 0.000000 -0.000000
vn -1.000000 -0.000000 0.000000
vn -0.620162 -0.000002 0.784474
vn -0.620162 -0.000001 0.784474
vn -0.000000 0.000001 -1.000000
vn -0.000000 0.000000 -1.000000
vn 0.619368 0.000000 -0.785101
vn 0.619367 0.000001 -0.785101
vn -1.000000 0.000000 0.000000
vn -1.000000 0.000000 0.000000
vn 0.000000 1.000000 0.000001
vn -0.002354 0.999997 0.000001
vn 0.000000 1.000000 -0.000053
vn 1.000000 0.000000 0.000000
vn 1.000000 -0.000000 0.000000
vn -0.000192 -1.000000 -0.000245
vn -0.000000 0.000000 1.000000
vn 0.000000 0.000000 1.000000
vn 0.000000 0.000000 1.000000
vn -0.000000 0.000000 1.000000
vn -0.617280 0.000000 -0.786743
vn -0.617280 0.000001 -0.786743
vn -0.616905 -0.000000 -0.787037
vn -0.616905 0.000000 -0.787037
vn 0.000304 1.000000 0.000389
vn -1.000000 0.000000 0.000000
vn -1.000000 0.000000 0.000000
vn 0.000000 0.000001 -1.000000
vn 0.000001 0.000000 -1.000000
vn 0.000000 -0.000001 -1.000000
vn 0.000001 0.000000 -1.000000
vn -1.000000 0.000000 -0.000000
vn -1.000000 0.000000 0.000000
vn -1.000000 0.000000 -0.000000
vn -1.000000 0.000000 0.000000
vn -1.000000 0.000000 -0.000000
vn -1.000000 0.000000 0.000000
vn -1.000000 0.000000 -0.000000
vn -1.000000 0.000000 0.000000
vn -1.000000 0.000000 -0.000000
vn -1.000000 0.000000 0.000000
vn -1.000000 0.000000 -0.000000
vn -1.000000 0.000000 0.000000
vn -1.000000 0.000000 -0.000000
vn -1.000000 0.000000 0.000000
vn -1.000000 0.000000 -0.000000
vn -1.000000 0.000000 0.000000
vn -1.000000 0.000000 -0.000000
vn -1.000000 0.000000 0.000000
vn -1.000000 0.000000 -0.000000
vn -1.000000 0.000000 0.000000
vn -1.000000 0.000000 -0.000000
vn -1.000000 0.000000 0.000000
vn -1.000000 0.000000 -0.000000
vn -1.000000 0.000000 0.000000
vn -1.000000 0.000000 -0.000000
vn -1.000000 0.000000 0.000000
vn -1.000000 0.000000 -0.000000
vn -1.000000 0.000000 0.000000
vn -1.000000 0.000000 -0.000000
vn -1.000000 0.000000 0.000000
vn -1.000000 0.000000 -0.000000
vn -1.000000 0.000000 0.000000
vn -1.000000 0.000000 0.000000
vn -1.000000 0.000000 0.000000
vn -1.000000 0.000000 0.000000
vn -1.000000 0.000000 0.000000
vn -1.000000 0.000000 0.000000
vn -1.000000 0.000000 0.000000
vn -1.000000 0.000000 0.000000
vn -1.000000 0.000000 0.000000
vn -1.000000 0.000000 0.000000
vn -1.000000 0.000000 0.000000
vn -1.000000 0.000000 0.000000
vn -1.000000 0.000000 0.000000
vn -1.000000 0.000000 0.000000
vn -1.000000 0.000000 0.000000
vn -1.000000 0.000000 0.000000
vn -1.000000 0.000000 0.000000
vn -1.000000 0.000000 0.000000
vn -1.000000 0.000000 0.000000
vn -1.000000 0.000000 0.000000
vn -1.000000 0.000000 0.000000
vn -1.000000 0.000000 0.000000
vn -1.000000 0.000000 0.000000
vn -1.000000 0.000000 -0.000000
vn -1.000000 0.000000 0.000000
vn -1.000000 0.000000 0.000000
vn -1.000000 0.000000 0.000000
vn -1.000000 0.000000 0.000000
vn -1.000000 0.000000 0.000000
vn -1.000000 0.000000 0.000000
vn -1.000000 0.000000 0.000000
vn -1.000000 0.000000 0.000000
vn -1.000000 0.000000 -0.000000
vn -1.000000 0.000000 0.000000
vn -1.000000 0.000000 0.000000
vn -1.000000 0.000000 0.000000
vn -1.000000 0.000000 0.000000
vn -1.000000 0.000000 -0.000000
vn -1.000000 0.000000 0.000000
vn -1.000000 0.000000 0.000000
vn -1.000000 0.000000 0.000000
vn -1.000000 0.000000 0.000000
vn -1.000000 0.000000 0.000000
vn -1.000000 0.000000 0.000000
vn -1.000000 0.000000 -0.000000
vn -1.000000 0.000000 0.000000
vn -1.000000 0.000000 0.000000
vn -1.000000 0.000000 0.000000
vn -1.000000 0.000000 0.000000
vn -1.000000 0.000000 0.000000
vn -1.000000 0.000000 0.000000
vn -1.000000 0.000000 -0.000000
vn -1.000000 0.000000 0.000000
vn -1.000000 0.000000 0.000000
vn -1.000000 0.000000 0.000000
vn -1.000000 0.000000 0.000000
vn -1.000000 0.000000 0.000000
vn -1.000000 0.000000 0.000000
vn -1.000000 0.000000 -0.000000
vn -1.000000 0.000000 0.000000
vn -1.000000 0.000000 0.000000
vn -1.000000 0.000000 0.000000
vn -1.000000 0.000000 0.000000
vn -1.000000 0.000000 0.000000
vn -1.000000 0.000000 0.000000
vn -1.000000 0.000000 -0.000000
vn -1.000000 0.000000 0.000000
vn -1.000000 0.000000 0.000000
vn -1.000000 0.000000 0.000000
vn -1.000000 0.000000 0.000000
vn -1.000000 0.000000 0.000000
vn -1.000000 0.000000 -0.000000
vn -1.000000 0.000000 0.000000
vn -1.000000 0.000000 0.000000
vn -1.000000 0.000000 0.000000
vn -1.000000 0.000000 0.000000
vn -1.000000 0.000000 0.000000
vn -1.000000 0.000000 0.000000
vn -1.000000 0.000000 -0.000000
vn -1.000000 0.000000 0.000000
vn -1.000000 0.000000 0.000000
vn -1.000000 0.000000 0.000000
vn -1.000000 0.000000 0.000000
vn -1.000000 0.000000 0.000000
vn -1.000000 0.000000 -0.000000
vn -1.000000 0.000000 0.000000
vn -1.000000 0.000000 0.000000
vn -1.000000 0.000000 0.000000
vn -1.000000 0.000000 0.000000
vn -1.000000 0.000000 0.000000
vn -1.000000 0.000000 -0.000000
vn -1.000000 0.000000 0.000000
vn -1.000000 0.000000 0.000000
vn -1.000000 0.000000 0.000000
vn -1.000000 0.000000 0.000000
vn -1.000000 0.000000 -0.000000
vn -1.000000 0.000000 0.000000
vn -1.000000 0.000000 0.000000
vn -1.000000 0.000000 0.000000
vn -1.000000 0.000000 0.000000
vn -1.000000 0.000000 -0.000000
vn -1.000000 0.000000 0.000000
vn -1.000000 0.000000 0.000000
vn -1.000000 0.000000 0.000000
vn -1.000000 0.000000 0.000000
vn -1.000000 0.000000 0.000000
vn -1.000000 0.000000 -0.000000
vn -1.000000 0.000000 0.000000
vn -1.000000 0.000000 0.000000
vn -1.000000 0.000000 0.000000
vn -1.000000 0.000000 0.000000
vn -1.000000 0.000000 0.000000
vn -1.000000 0.000000 0.000000
vn -1.000000 0.000000 0.000000
vn -1.000000 0.000001 0.000000
vn -1.000000 0.000001 -0.000000
vn -1.000000 0.000001 -0.000000
vn -1.000000 0.000001 0.000000
vn -1.000000 0.000001 0.000000
vn -1.000000 0.000001 0.000000
vn -1.000000 0.000000 0.000000
vn -1.000000 0.000000 0.000000
vn -1.000000 0.000000 0.000000
vn -1.000000 0.000000 0.000000
vn -1.000000 0.000001 0.000000
vn -1.000000 0.000001 0.000000
vn -1.000000 0.000001 0.000000
vn -1.000000 0.000001 0.000000
vn -1.000000 0.000000 0.000001
vn -1.000000 0.000001 0.000000
vn -1.000000 0.000001 0.000000
vn -1.000000 0.000001 0.000000
vn -1.000000 0.000003 -0.000002
vn -1.000000 0.000002 -0.000003
vn -1.000000 0.000003 -0.000002
vn -1.000000 0.000002 -0.000003
vn -1.000000 0.000003 -0.000002
vn -1.000000 0.000002 -0.000003
vn -1.000000 0.000003 -0.000002
vn -1.000000 0.000002 -0.000003
vn -1.000000 0.000003 -0.000002
vn -1.000000 0.000002 -0.000004
vn -1.000000 0.000003 -0.000002
vn -1.000000 0.000002 -0.000004
vn -1.000000 0.000003 -0.000001
vn -1.000000 0.000002 -0.000004
vn -1.000000 0.000003 -0.000001
vn -1.000000 0.000002 -0.000005
vn -1.000000 0.000003 -0.000001
vn -1.000000 0.000002 -0.000005
vn -1.000000 0.000003 -0.000001
vn -1.000000 0.000002 -0.000005
vn -1.000000 0.000003 -0.000001
vn -1.000000 0.000000 0.000000
vn -1.000000 0.000000 -0.000000
vn -1.000000 0.000002 -0.000006
vn -1.000000 0.000000 0.000000
vn -1.000000 0.000000 0.000000
vn -1.000000 0.000000 -0.000000
vn -1.000000 0.000000 0.000000
vn -1.000000 0.000000 0.000000
vn -1.000000 0.000000 0.000000
vn -1.000000 0.000000 -0.000000
vn -1.000000 0.000000 0.000000
vn -1.000000 0.000000 0.000000
vn -1.000000 0.000003 -0.000001
vn -1.000000 0.000000 0.000000
vn -1.000000 0.000000 -0.000000
vn -1.000000 0.000000 0.000000
vn -1.000000 0.000000 0.000000
vn -1.000000 0.000000 -0.000000
vn -1.000000 0.000001 -0.000007
vn -1.000000 0.000000 0.000000
vn -1.000000 0.000000 0.000000
vn -1.000000 0.000000 0.000000
vn -1.000000 0.000000 -0.000000
vn -1.000000 0.000003 -0.000001
vn -1.000000 0.000000 0.000000
vn -1.000000 0.000000 0.000000
vn -1.000000 0.000000 -0.000000
vn -1.000000 0.000000 0.000000
vn -1.000000 0.000001 -0.000008
vn -1.000000 0.000003 -0.000001
vn -1.000000 0.000000 0.000000
vn -1.000000 0.000000 0.000000
vn -1.000000 0.000000 0.000000
vn -1.000000 0.000000 -0.000000
vn -1.000000 0.000003 -0.000000
vn -1.000000 0.000000 0.000000
vn -1.000000 0.000000 0.000000
vn -1.000000 0.000000 0.000000
vn -1.000000 0.000000 -0.000000
vn -1.000000 0.000000 -0.000000
vn -1.000000 0.000003 -0.000000
vn -1.000000 0.000000 -0.000000
vn -1.000000 0.000000 0.000000
vn -1.000000 0.000000 0.000000
vn -1.000000 0.000000 -0.000000
vn -1.000000 0.000000 -0.000000
vn -1.000000 0.000004 -0.000000
vn -1.000000 0.000000 -0.000000
vn -1.000000 0.000000 -0.000000
vn -1.000000 0.000000 0.000000
vn -1.000000 0.000004 0.000000
vn -1.000000 0.000000 -0.000000
vn -1.000000 0.000000 -0.000000
vn -1.000000 0.000004 0.000000
vn -1.000000 0.000000 -0.000000
vn -1.000000 0.000000 0.000000
vn -1.000000 0.000000 0.000000
vn -1.000000 0.000000 -0.000000
vn -1.000000 0.000004 0.000000
vn -1.000000 0.000000 -0.000000
vn -1.000000 0.000000 -0.000000
vn -1.000000 0.000000 -0.000000
vn -1.000000 0.000004 0.000001
vn -1.000000 0.000000 0.000000
vn -1.000000 0.000000 -0.000000
vn -1.000000 0.000000 0.000000
vn -1.000000 0.000000 0.000000
vn -1.000000 0.000004 0.000001
vn -1.000000 0.000000 -0.000000
vn -1.000000 0.000000 0.000000
vn -1.000000 0.000004 0.000001
vn -1.000000 0.000000 -0.000000
vn -1.000000 0.000000 0.000000
vn -1.000000 0.000000 0.000000
vn -1.000000 0.000000 0.000000
vn -1.000000 0.000000 0.000000
vn -1.000000 0.000000 -0.000000
vn -1.000000 0.000000 0.000000
vn -1.000000 0.000000 0.000000
vn -1.000000 0.000000 -0.000000
vn -1.000000 0.000000 0.000000
vn -1.000000 0.000000 0.000000
vn -1.000000 0.000000 -0.000000
vn -1.000000 0.000000 0.000000
vn -1.000000 0.000000 -0.000000
vn -1.000000 0.000000 0.000000
vn -1.000000 0.000000 0.000000
vn -1.000000 0.000000 -0.000000
vn -1.000000 0.000000 0.000000
vn -1.000000 0.000000 -0.000000
vn -1.000000 0.000000 0.000000
vn -1.000000 0.000000 0.000000
vn -1.000000 0.000000 -0.000000
vn -1.000000 0.000000 0.000000
vn -1.000000 0.000000 0.000000
vn -1.000000 0.000000 -0.000000
vn -1.000000 0.000000 0.000000
vn -1.000000 0.000000 0.000000
vn -1.000000 0.000000 0.000000
vn -1.000000 0.000004 0.000000
vn -1.000000 0.000003 0.000001
vn -1.000000 0.000002 0.000001
vn -1.000000 0.000002 0.000001
vn -1.000000 0.000002 0.000001
vn -1.000000 0.000002 0.000001
vn -1.000000 0.000002 0.000001
vn -1.000000 0.000002 0.000001
vn -1.000000 0.000002 0.000001
vn -1.000000 0.000002 0.000002
vn -1.000000 0.000002 0.000002
vn -1.000000 -0.000003 -0.000003
vn -1.000000 0.000000 0.000000
vn -1.000000 0.000002 0.000002
vn -1.000000 0.000000 0.000000
vn -1.000000 0.000000 0.000000
vn -1.000000 0.000000 0.000000
vn -1.000000 0.000000 0.000000
vn -1.000000 0.000000 0.000000
vn -1.000000 0.000002 0.000002
vn -1.000000 0.000001 0.000002
vn -1.000000 0.000000 0.000000
vn -1.000000 0.000001 0.000002
vn -1.000000 0.000001 0.000002
vn -1.000000 0.000001 0.000002
vn -1.000000 0.000001 0.000002
vn -1.000000 0.000000 0.000000
vn -1.000000 0.000000 0.000000
vn -1.000000 0.000000 -0.000000
vn -1.000000 0.000001 0.000002
vn -1.000000 0.000001 0.000003
vn -1.000000 0.000001 0.000003
vn -1.000000 0.000001 0.000003
vn -1.000000 0.000001 0.000003
vn -1.000000 0.000000 0.000003
vn -1.000000 0.000000 0.000000
vn -1.000000 0.000000 0.000000
vn -1.000000 0.000000 0.000000
vn -1.000000 0.000000 0.000000
vn -1.000000 0.000000 0.000003
vn -1.000000 0.000000 0.000003
vn -1.000000 0.000000 0.000004
vn -1.000000 -0.000000 0.000004
vn -1.000000 -0.000000 0.000004
vn -1.000000 -0.000001 0.000004
vn -1.000000 -0.000001 0.000005
vn -1.000000 -0.000001 0.000005
vn -1.000000 -0.000002 0.000006
vn -1.000000 -0.000002 0.000007
vn -1.000000 0.000000 -0.000000
vn -1.000000 0.000000 0.000000
vn -1.000000 0.000000 0.000000
vn -1.000000 0.000000 0.000000
vn -1.000000 -0.000003 0.000008
vn -1.000000 -0.000004 0.000009
vn -1.000000 -0.000006 0.000012
vn -1.000000 0.000000 0.000000
vn -1.000000 0.000000 0.000000
vn -1.000000 0.000000 0.000000
vn -1.000000 0.000000 0.000000
vn -1.000000 0.000000 0.000000
vn -1.000000 0.000000 0.000000
vn -1.000000 0.000000 -0.000000
vn -1.000000 0.000000 0.000000
vn -1.000000 0.000000 0.000000
vn -1.000000 0.000000 0.000000
vn -1.000000 0.000000 0.000000
vn -1.000000 0.000000 0.000000
vn -1.000000 0.000000 0.000000
vn -1.000000 0.000000 0.000000
vn -1.000000 0.000000 0.000000
vn -1.000000 0.000000 0.000000
vn -1.000000 0.000000 0.000000
vn -1.000000 0.000000 0.000000
vn -1.000000 0.000000 0.000000
vn -1.000000 0.000000 0.000000
vn -1.000000 0.000000 0.000000
vn -1.000000 0.000000 0.000000
vn -1.000000 0.000000 0.000000
vn -1.000000 0.000000 0.000000
vn -1.000000 0.000000 0.000000
vn -1.000000 0.000000 0.000000
vn -1.000000 0.000000 0.000000
vn -1.000000 0.000000 0.000000
vn -1.000000 0.000000 0.000000
vn -1.000000 0.000000 0.000000
vn -1.000000 0.000000 0.000000
vn -1.000000 0.000000 0.000000
vn -1.000000 0.000000 0.000000
vn -1.000000 0.000000 0.000000
vn -1.000000 0.000000 0.000000
vn -1.000000 0.000000 0.000000
vn -1.000000 0.000000 0.000000
vn -1.000000 0.000000 0.000000
vn -1.000000 0.000000 0.000000
vn -1.000000 0.000000 0.000000
vn -1.000000 0.000000 0.000000
vn -1.000000 0.000000 0.000000
vn -1.000000 0.000000 0.000000
vn -1.000000 0.000000 0.000000
vn -1.000000 0.000000 0.000000
vn -1.000000 0.000000 0.000000
vn -1.000000 0.000000 0.000000
vn -1.000000 0.000000 0.000000
vn -1.000000 0.000000 0.000000
vn -1.000000 0.000000 0.000000
vn -1.000000 0.000000 0.000000
vn -1.000000 0.000000 0.000000
vn -1.000000 0.000000 0.000000
vn -1.000000 0.000000 0.000000
vn -1.000000 0.000000 0.000000
vn -1.000000 0.000000 0.000000
vn -1.000000 0.000000 0.000000
vn -1.000000 0.000000 0.000000
vn -1.000000 0.000000 0.000000
vn -1.000000 0.000000 0.000000
vn -1.000000 0.000000 0.000000
vn -1.000000 0.000000 0.000000
vn -1.000000 0.000000 0.000000
vn -1.000000 0.000000 -0.000000
vn -1.000000 0.000000 0.000000
vn -1.000000 0.000000 0.000000
vn -1.000000 0.000000 0.000000
vn -1.000000 0.000000 0.000000
vn -1.000000 0.000000 0.000000
vn -1.000000 0.000000 0.000000
vn -1.000000 0.000000 -0.000000
vn -1.000000 0.000000 0.000000
vn -1.000000 0.000000 0.000000
vn -1.000000 0.000000 0.000000
vn -1.000000 0.000000 0.000000
vn -1.000000 0.000000 0.000000
vn -1.000000 0.000000 0.000000
vn -1.000000 0.000000 -0.000000
vn -1.000000 0.000000 0.000000
vn -1.000000 0.000000 0.000000
vn -1.000000 0.000000 0.000000
vn -1.000000 0.000000 0.000000
vn -1.000000 0.000000 0.000000
vn -1.000000 0.000000 0.000000
vn -1.000000 0.000000 0.000000
vn -1.000000 0.000000 -0.000000
vn -1.000000 0.000000 0.000000
vn -1.000000 0.000000 0.000000
vn -1.000000 0.000000 0.000000
vn -1.000000 0.000000 0.000000
vn -1.000000 0.000000 0.000000
vn -1.000000 0.000000 -0.000000
vn -1.000000 0.000000 0.000000
vn -1.000000 0.000000 0.000000
vn -1.000000 0.000000 0.000000
vn -1.000000 0.000000 0.000000
vn -1.000000 0.000000 0.000000
vn -1.000000 0.000000 -0.000000
vn -1.000000 0.000000 0.000000
vn -1.000000 0.000000 0.000000
vn -1.000000 0.000000 0.000000
vn -1.000000 0.000000 -0.000000
vn -1.000000 0.000000 0.000000
vn -1.000000 0.000000 0.000000
vn -1.000000 0.000000 0.000000
vn -1.000000 0.000000 0.000000
vn -1.000000 0.000000 0.000000
vn -1.000000 0.000000 0.000000
vn -1.000000 0.000000 0.000000
vn -1.000000 0.000000 -0.000000
vn -1.000000 0.000000 0.000000
vn -1.000000 0.000000 0.000000
vn -1.000000 0.000000 0.000000
vn -1.000000 0.000000 0.000000
vn -1.000000 0.000000 0.000000
vn -1.000000 0.000000 -0.000000
vn -1.000000 0.000000 0.000000
vn -1.000000 0.000000 0.000000
vn -1.000000 0.000000 0.000000
vn -1.000000 0.000000 -0.000000
vn -1.000000 0.000000 0.000000
vn -1.000000 0.000000 0.000000
vn -1.000000 0.000000 0.000000
vn -1.000000 0.000000 0.000000
vn -1.000000 0.000000 -0.000000
vn -1.000000 0.000000 0.000000
vn -1.000000 0.000000 0.000000
vn -1.000000 0.000000 0.000000
vn -1.000000 0.000000 0.000000
vn -1.000000 0.000000 0.000000
vn -1.000000 0.000000 0.000000
vn -1.000000 0.000000 0.000000
vn -1.000000 0.000000 0.000000
vn -1.000000 0.000000 -0.000000
vn -1.000000 0.000000 0.000000
vn -1.000000 0.000000 -0.000000
vn -1.000000 0.000000 0.000000
vn -1.000000 0.000000 0.000000
vn -1.000000 0.000000 -0.000000
vn -1.000000 0.000000 0.000000
vn -1.000000 0.000000 0.000000
vn -1.000000 0.000000 -0.000000
vn -1.000000 0.000000 0.000000
vn -1.000000 0.000000 -0.000000
vn -1.000000 0.000000 0.000000
vn -1.000000 0.000000 0.000000
vn -1.000000 0.000000 -0.000000
vn -1.000000 0.000000 0.000000
vn -1.000000 0.000000 0.000000
vn -1.000000 0.000000 -0.000000
vn -1.000000 0.000000 0.000000
vn -1.000000 0.000000 0.000000
vn -1.000000 0.000000 -0.000000
vn -1.000000 0.000000 0.000000
vn -1.000000 0.000000 0.000000
vn -1.000000 0.000000 -0.000000
vn -1.000000 0.000000 0.000000
vn -1.000000 0.000000 0.000000
vn -1.000000 0.000000 -0.000000
vn -1.000000 0.000000 0.000000
vn -1.000000 0.000000 -0.000000
vn -1.000000 0.000000 0.000000
vn -1.000000 0.000000 0.000000
vn -1.000000 0.000000 0.000000
vn -1.000000 0.000000 -0.000000
vn -1.000000 0.000000 0.000000
vn -1.000000 0.000000 -0.000000
vn -1.000000 0.000000 0.000000
vn -1.000000 0.000000 0.000000
vn -1.000000 0.000000 -0.000000
vn -1.000000 0.000000 0.000000
vn -1.000000 0.000000 0.000000
vn -1.000000 0.000000 -0.000000
vn -1.000000 0.000000 0.000000
vn -1.000000 0.000000 0.000000
vn -1.000000 0.000000 -0.000000
vn -1.000000 0.000000 0.000000
vn -1.000000 0.000000 0.000000
vn -1.000000 0.000000 0.000000
vn -1.000000 0.000000 0.000000
vn -1.000000 0.000000 0.000000
vn -1.000000 0.000000 0.000000
vn -1.000000 0.000000 0.000000
vn -1.000000 0.000000 0.000000
vn -1.000000 0.000000 0.000000
vn -1.000000 0.000000 0.000000
vn -1.000000 0.000000 0.000000
vn -1.000000 0.000000 0.000000
vn -1.000000 0.000000 0.000000
vn -1.000000 0.000000 0.000000
vn -1.000000 0.000000 0.000000
vn -1.000000 0.000000 0.000000
vn -1.000000 0.000000 0.000000
vn -1.000000 0.000000 0.000000
vn -1.000000 0.000000 0.000000
vn -1.000000 0.000000 0.000000
vn -1.000000 0.000000 0.000000
vn -1.000000 0.000000 0.000000
vn -1.000000 0.000000 0.000000
vn -1.000000 0.000000 0.000000
vn -1.000000 0.000000 0.000000
vn -1.000000 0.000000 0.000000
vn -1.000000 0.000000 0.000000
vn -1.000000 0.000000 0.000000
vn -1.000000 0.000000 0.000000
vn -1.000000 0.000000 0.000000
vn -1.000000 0.000000 0.000000
vn -1.000000 0.000000 0.000000
vn -1.000000 0.000000 0.000000
vn -1.000000 0.000000 0.000000
vn -1.000000 0.000000 0.000000
vn -1.000000 0.000000 0.000000
vn -1.000000 0.000000 0.000000
vn -1.000000 0.000000 0.000000
vn -1.000000 0.000000 0.000003
vn -1.000000 0.000000 0.000000
vn -1.000000 0.000001 0.000001
vn -1.000000 0.000002 -0.000001
vn -1.000000 0.000002 -0.000000
vn -1.000000 0.000002 -0.000000
vn -1.000000 0.000002 -0.000000
vn -1.000000 0.000002 -0.000000
vn -1.000000 0.000002 -0.000000
vn -1.000000 0.000002 0.000000
vn -1.000000 0.000002 0.000000
vn -1.000000 0.000002 0.000000
vn -1.000000 0.000002 0.000000
vn -1.000000 0.000002 0.000000
vn -1.000000 0.000002 0.000000
vn -1.000000 0.000002 0.000001
vn -1.000000 0.000001 0.000001
vn -1.000000 0.000001 0.000001
vn -1.000000 0.000001 0.000001
vn -1.000000 0.000001 0.000001
vn -1.000000 0.000001 0.000001
vn -1.000000 0.000001 0.000001
vn -1.000000 0.000001 0.000001
vn -1.000000 0.000001 0.000001
vn -1.000000 0.000001 0.000001
vn -1.000000 0.000001 0.000001
vn -1.000000 0.000001 0.000001
vn -1.000000 0.000001 -0.000000
vn -1.000000 0.000001 0.000002
vn -1.000000 0.000001 -0.000000
vn -1.000000 0.000001 0.000002
vn -1.000000 0.000001 -0.000000
vn -1.000000 0.000001 0.000002
vn -1.000000 0.000001 0.000002
vn -1.000000 0.000001 -0.000000
vn -1.000000 0.000001 0.000002
vn -1.000000 0.000001 -0.000000
vn -1.000000 0.000001 0.000002
vn -1.000000 0.000001 -0.000000
vn -1.000000 0.000001 0.000002
vn -1.000000 0.000001 0.000003
vn -1.000000 0.000001 0.000003
vn -1.000000 0.000001 0.000003
vn -1.000000 0.000001 0.000004
vn -1.000000 0.000000 -0.000000
vn -1.000000 0.000000 -0.000000
vn -1.000000 0.000000 -0.000000
vn -1.000000 0.000000 -0.000000
vn -1.000000 0.000000 -0.000000
vn -1.000000 0.000000 -0.000000
vn -1.000000 0.000000 -0.000001
vn -1.000000 0.000001 -0.000000
vn -1.000000 0.000001 -0.000000
vn -1.000000 0.000001 0.000000
vn -1.000000 0.000001 0.000000
vn -1.000000 0.000000 -0.000000
vn -1.000000 -0.000003 -0.000006
vn -1.000000 -0.000002 -0.000005
vn -1.000000 -0.000002 -0.000004
vn -1.000000 -0.000001 -0.000003
vn -1.000000 -0.000001 -0.000003
vn -1.000000 -0.000001 -0.000003
vn -1.000000 -0.000000 -0.000002
vn -1.000000 -0.000000 -0.000002
vn -1.000000 -0.000000 -0.000002
vn -1.000000 -0.000000 -0.000002
vn -1.000000 0.000000 -0.000002
vn -1.000000 0.000000 -0.000002
vn -1.000000 0.000000 -0.000002
vn -1.000000 0.000000 -0.000002
vn -1.000000 0.000000 -0.000001
vn -1.000000 0.000000 -0.000001
vn -1.000000 0.000000 -0.000001
vn -1.000000 0.000000 -0.000001
vn -1.000000 0.000001 -0.000001
vn -1.000000 0.000001 -0.000001
vn -1.000000 0.000001 -0.000001
vn -1.000000 0.000001 -0.000001
vn -1.000000 0.000001 -0.000001
vn -1.000000 0.000001 -0.000001
vn -1.000000 0.000001 -0.000001
vn -1.000000 0.000001 -0.000001
vn -1.000000 0.000001 -0.000001
vn -1.000000 0.000001 -0.000001
vn -1.000000 0.000001 -0.000001
vn -1.000000 0.000001 -0.000001
vn -1.000000 0.000001 -0.000001
vn -1.000000 0.000001 -0.000001
vn -1.000000 0.000002 0.000000
vn -1.000000 0.000001 -0.000001
vn -1.000000 0.000001 -0.000001
vn -1.000000 0.000001 -0.000000
vn -1.000000 0.000001 -0.000000
vn -1.000000 -0.000003 -0.000000
vn -1.000000 0.000000 -0.000005
vn -1.000000 0.000001 0.000003
vn -1.000000 0.000001 -0.000001
vn -0.000002 -1.000000 0.000000
vn -0.000001 -1.000000 0.000000
vn 0.000000 -1.000000 0.000000
vn 0.000000 -1.000000 0.000000
vn 0.000000 -1.000000 0.000000
vn 0.000000 -1.000000 0.000000
vn 0.000000 -1.000000 0.000000
vn -0.000000 -1.000000 0.000000
vn 0.000000 -1.000000 0.000000
vn 0.000000 -1.000000 0.000000
vn -0.000060 1.000000 -0.000000
vn -0.000000 1.000000 -0.000000
vn -0.000000 1.000000 0.000000
vn 0.000000 1.000000 0.000001
vn 0.000000 1.000000 -0.000000
vn 0.000000 1.000000 0.000000
vn 0.000000 1.000000 0.000001
vn -0.000000 1.000000 0.000001
vn 0.000000 1.000000 0.000001
vn -0.000000 1.000000 -0.000000
vn -0.001911 0.999998 0.000001
vn 0.000000 1.000000 0.000001
vn 0.000000 1.000000 0.000001
vn 0.000000 1.000000 -0.000000
vn -0.000004 0.999996 0.003002
vn 0.000000 1.000000 -0.000000
vn 0.000000 1.000000 -0.000000
vn 0.001946 -0.999998 0.000000
vn 0.000000 -1.000000 0.000000
vn -0.000000 -1.000000 -0.000001
vn 0.000004 -0.999995 -0.003056
vn -0.000000 -1.000000 0.000000
vn 0.000002 -1.000000 0.000000
vn -0.000000 -1.000000 0.000000
vn 0.000000 -1.000000 0.000000
vn 0.000000 -1.000000 0.000000
vn -0.000000 -1.000000 0.000000
vn 0.000001 -1.000000 0.000000
vn 0.000000 1.000000 0.000000
vn -0.000000 1.000000 0.000000
vn -1.000000 0.000000 0.000000
vn -1.000000 0.000000 0.000000
vn -1.000000 0.000000 0.000000
vn 1.000000 0.000000 0.000000
vn 1.000000 0.000000 0.000000
vn 0.000005 1.000000 -0.000000
vn 0.000000 1.000000 0.000005
vn -0.000000 1.000000 -0.000000
vn 0.000000 1.000000 0.000000
vn 0.000000 0.000000 -1.000000
vn 0.000000 0.000000 -1.000000
vn 0.000000 0.000000 1.000000
vn 0.000000 0.000000 1.000000
vn 0.000000 0.000000 1.000000
vn 0.000000 0.000000 1.000000
vn 0.000000 0.000000 1.000000
vn 0.000000 0.000000 1.000000
vn 0.000000 0.000000 1.000000
vn 0.000000 0.000000 1.000000
vn 0.000000 0.000000 1.000000
vn 0.000000 0.000000 1.000000
vn 0.000000 0.000000 1.000000
vn 0.000000 0.000000 1.000000
vn 0.000000 0.000000 1.000000
vn 0.000000 0.000000 1.000000
vn 0.000000 0.000000 1.000000
vn 0.000000 0.000000 1.000000
vn 0.000000 0.000000 1.000000
vn 0.000000 0.000000 1.000000
vn 0.000000 0.000000 1.000000
vn 0.000000 0.000000 1.000000
vn 0.000000 0.000000 1.000000
vn 0.000000 0.000000 1.000000
vn 0.000000 0.000000 1.000000
vn 0.000000 0.000000 1.000000
vn 0.000000 0.000000 1.000000
vn 0.000000 0.000000 1.000000
vn 0.000000 0.000000 1.000000
vn 0.000000 0.000000 1.000000
vn 0.000000 0.000000 1.000000
vn 0.000000 0.000000 1.000000
vn 0.000000 0.000000 1.000000
vn 0.000000 0.000000 1.000000
vn 0.000000 0.000000 1.000000
vn 0.000000 0.000000 1.000000
vn 0.000000 0.000000 1.000000
vn 0.000000 0.000000 1.000000
vn 0.000000 0.000000 1.000000
vn 0.000000 0.000000 1.000000
vn 0.000000 0.000000 1.000000
vn 0.000000 0.000000 1.000000
vn 0.000000 0.000000 1.000000
vn 0.000000 0.000000 1.000000
vn 0.000000 0.000000 1.000000
vn 0.000000 0.000000 1.000000
vn 0.000000 0.000000 1.000000
vn 0.000000 0.000000 1.000000
vn 0.000000 0.000000 1.000000
vn 0.000000 0.000000 1.000000
vn 0.000000 0.000000 1.000000
vn 0.000000 0.000000 1.000000
vn 0.000000 0.000000 1.000000
vn 0.000000 0.000000 1.000000
vn 0.000000 0.000000 1.000000
vn 0.000000 0.000000 1.000000
vn 0.000000 -0.000000 1.000000
vn 0.000000 0.000000 1.000000
vn 0.000000 0.000000 1.000000
vn 0.000000 0.000000 1.000000
vn 0.000000 0.000000 1.000000
vn 0.000000 0.000000 1.000000
vn 0.000000 0.000000 1.000000
vn 0.000000 0.000000 1.000000
vn 0.000000 -0.000000 -1.000000
vn 0.000000 0.000000 -1.000000
vn 0.000000 0.000000 -1.000000
vn 0.000000 0.000000 -1.000000
vn 0.000000 0.000000 -1.000000
vn 0.000000 0.000000 -1.000000
vn 0.000000 0.000000 -1.000000
vn 0.000000 0.000000 -1.000000
vn 0.000000 0.000000 -1.000000
vn 0.000000 0.000000 -1.000000
vn 0.000000 0.000000 -1.000000
vn 0.000000 0.000000 -1.000000
vn 0.000000 -0.000000 -1.000000
vn 0.000000 0.000000 -1.000000
vn 0.000000 0.000000 -1.000000
vn 0.000000 -0.000000 -1.000000
vn 0.000000 0.000000 -1.000000
vn 0.000000 0.000000 -1.000000
vn 0.000000 -0.000000 -1.000000
vn 0.000000 0.000000 -1.000000
vn 0.000000 0.000000 -1.000000
vn 0.000000 0.000000 -1.000000
vn 0.000000 0.000000 -1.000000
vn 0.000000 0.000000 -1.000000
vn 0.000000 0.000000 -1.000000
vn 0.000000 -0.000000 -1.000000
vn 0.000000 0.000000 -1.000000
vn 0.000000 0.000000 -1.000000
vn 0.000000 0.000000 -1.000000
vn 0.000000 -0.000000 -1.000000
vn 0.000000 0.000000 -1.000000
vn 0.000000 0.000000 -1.000000
vn 0.000000 0.000000 -1.000000
vn 0.000000 0.000000 -1.000000
vn 0.000000 0.000000 -1.000000
vn 0.000000 0.000000 -1.000000
vn 0.000000 0.000000 -1.000000
vn 0.000000 0.000000 -1.000000
vn 0.000000 0.000000 -1.000000
vn 0.000000 0.000000 -1.000000
vn 0.000000 0.000000 -1.000000
vn 0.000000 0.000000 -1.000000
vn 0.000000 0.000000 -1.000000
vn 0.000000 0.000000 -1.000000
vn 0.000000 0.000000 -1.000000
vn 0.000000 0.000000 -1.000000
vn 0.000000 0.000000 -1.000000
vn 0.000000 0.000000 -1.000000
vn 0.000000 0.000000 -1.000000
vn 0.000000 -0.000000 -1.000000
vn 0.000000 0.000000 -1.000000
vn 0.000000 0.000000 -1.000000
vn 0.000000 0.000000 -1.000000
vn 0.000000 0.000000 -1.000000
vn 0.000000 0.000000 -1.000000
vn 0.000000 0.000000 -1.000000
vn 0.000000 -0.000000 -1.000000
vn 0.000000 0.000000 -1.000000
vn 0.000000 0.000000 -1.000000
vn 0.000000 0.000000 -1.000000
vn 0.000000 0.000000 -1.000000
vn 0.000000 0.000000 -1.000000
vn 1.000000 0.000000 0.000000
vn 1.000000 -0.000000 0.000000
vn 1.000000 0.000000 0.000000
vn 0.000000 1.000000 0.000000
vn 0.000005 1.000000 0.000002
vn 0.550769 -0.834658 0.000000
vn 0.550769 -0.834658 0.000000
vn 0.000000 1.000000 -0.000000
vn 0.000000 1.000000 0.000000
vn -0.552843 -0.833285 0.000000
vn -0.552843 -0.833285 0.000000
vn 1.000000 0.000000 0.000000
vn 1.000000 -0.000000 0.000000
vn -0.549214 0.835681 0.000000
vn -0.549214 0.835681 0.000000
vn -0.549214 -0.835682 0.000000
vn -0.549214 -0.835682 0.000000
vn 0.549214 0.835681 0.000000
vn 0.549214 0.835681 -0.000000
vn 0.000000 -1.000000 0.000000
vn 0.000000 -1.000000 0.000000
vn -0.549214 0.835682 0.000000
vn -0.549214 0.835682 0.000000
vn 0.549214 -0.835682 0.000000
vn 0.549214 -0.835682 0.000000
vn 0.549214 0.835681 -0.000000
vn 0.549214 0.835681 0.000000
vn -1.000000 0.000000 0.000000
vn -1.000000 0.000000 0.000000
vn 0.549214 -0.835681 0.000000
vn 0.549214 -0.835681 0.000000
vn 0.000000 1.000000 -0.000000
vn 0.000000 1.000000 0.000000
vn -0.549214 -0.835681 0.000000
vn -0.549214 -0.835681 0.000000
vn 1.000000 0.000000 0.000000
vn 1.000000 -0.000000 0.000000
vn -0.549214 0.835682 0.000000
vn -0.549214 0.835682 0.000000
vn -0.549214 -0.835681 0.000000
vn -0.549214 -0.835681 0.000000
vn 0.549214 0.835682 0.000000
vn 0.549214 0.835682 -0.000000
vn 0.000000 -1.000000 0.000000
vn 0.000000 -1.000000 0.000000
vn -0.549214 0.835682 0.000000
vn -0.549214 0.835682 0.000000
vn 0.000000 1.000000 -0.000000
vn 0.000000 1.000000 0.000000
vn -0.549214 -0.835681 0.000000
vn -0.549214 -0.835681 0.000000
vn 0.549214 -0.835681 0.000000
vn 0.549214 -0.835681 0.000000
vn -0.549215 0.835681 0.000000
vn -0.549215 0.835681 0.000000
vn 1.000000 -0.000000 0.000000
vn 1.000000 0.000000 0.000000
vn -0.549214 -0.835682 0.000000
vn -0.549214 -0.835682 0.000000
vn 0.549214 0.835681 0.000000
vn 0.549214 0.835681 -0.000000
vn 0.000000 -1.000000 0.000000
vn 0.000000 -1.000000 0.000000
vn -0.549214 0.835681 0.000000
vn -0.549214 0.835681 0.000000
vn -1.000000 0.000000 0.000000
vn -1.000000 -0.000000 0.000000
vn 0.549214 -0.835681 0.000000
vn 0.549214 -0.835681 0.000000
vn 0.549214 0.835682 -0.000000
vn 0.549214 0.835682 0.000000
vn -1.000000 0.000000 0.000000
vn -1.000000 0.000000 0.000000
vn 0.549214 -0.835682 0.000000
vn 0.549214 -0.835682 0.000000
vn 0.549214 0.835682 -0.000000
vn 0.549214 0.835682 0.000000
vn -1.000000 0.000000 0.000000
vn -1.000000 0.000000 0.000000
vn 0.000000 0.000000 -1.000000
vn 0.000000 0.000000 -1.000000
vn -0.000001 -1.000000 0.000000
vn 0.000000 -1.000000 0.000000
vn 0.000000 -1.000000 0.000001
vn 0.000000 -1.000000 -0.000001
vn 0.000000 -1.000000 0.000000
vn -0.000001 -1.000000 -0.000000
g Body002
f 1//1 2//1 3//1
f 1//2 4//2 5//2
f 2//3 1//3 5//3
f 6//4 7//4 8//4
f 7//5 9//5 8//5
f 6//6 10//6 11//6
f 8//7 10//7 6//7
f 12//8 13//8 10//8
f 10//9 13//9 11//9
f 14//10 15//10 16//10
f 17//11 15//11 14//11
f 18//12 14//12 16//12
f 19//13 14//13 18//13
f 20//14 19//14 18//14
f 21//15 19//15 20//15
f 22//16 19//16 21//16
f 13//17 17//17 22//17
f 12//18 17//18 13//18
f 23//19 17//19 12//19
f 10//20 23//20 12//20
f 11//21 22//21 21//21
f 11//22 13//22 22//22
f 9//23 24//23 25//23
f 7//24 24//24 9//24
f 26//25 15//25 17//25
f 8//26 25//26 23//26
f 8//27 9//27 25//27
f 8//28 23//28 10//28
f 27//29 15//29 26//29
f 28//30 27//30 26//30
f 29//31 30//31 31//31
f 29//32 31//32 7//32
f 31//33 24//33 7//33
f 14//34 22//34 17//34
f 32//35 33//35 34//35
f 35//36 32//36 34//36
f 36//37 35//37 34//37
f 37//38 34//38 33//38
f 21//39 32//39 38//39
f 21//40 33//40 32//40
f 39//41 38//41 35//41
f 39//42 21//42 38//42
f 40//43 39//43 35//43
f 40//44 35//44 36//44
f 41//45 36//45 37//45
f 41//46 40//46 36//46
f 42//47 41//47 37//47
f 43//48 42//48 37//48
f 44//49 37//49 33//49
f 44//50 43//50 37//50
f 45//51 41//51 46//51
f 45//52 40//52 41//52
f 47//53 46//53 42//53
f 47//54 42//54 43//54
f 48//55 43//55 44//55
f 49//56 48//56 44//56
f 50//57 44//57 33//57
f 51//58 47//58 48//58
f 11//59 39//59 45//59
f 11//60 21//60 39//60
f 11//61 46//61 47//61
f 11//62 45//62 46//62
f 11//63 47//63 51//63
f 52//64 51//64 48//64
f 52//65 48//65 49//65
f 53//66 49//66 50//66
f 53//67 52//67 49//67
f 54//68 53//68 50//68
f 55//69 50//69 33//69
f 56//70 50//70 55//70
f 56//71 54//71 50//71
f 57//72 52//72 53//72
f 57//73 53//73 58//73
f 57//74 11//74 51//74
f 59//75 54//75 56//75
f 59//76 58//76 54//76
f 60//77 56//77 55//77
f 61//78 60//78 55//78
f 62//79 57//79 58//79
f 62//80 59//80 60//80
f 62//81 58//81 59//81
f 63//82 60//82 61//82
f 63//83 62//83 60//83
f 64//84 63//84 61//84
f 64//85 61//85 65//85
f 66//86 64//86 65//86
f 67//87 66//87 65//87
f 68//88 67//88 65//88
f 69//89 63//89 64//89
f 69//90 64//90 70//90
f 71//91 66//91 67//91
f 71//92 70//92 66//92
f 72//93 67//93 68//93
f 73//94 72//94 68//94
f 74//95 55//95 33//95
f 74//96 68//96 65//96
f 74//97 65//97 55//97
f 74//98 75//98 68//98
f 76//99 71//99 72//99
f 77//100 72//100 73//100
f 77//101 76//101 72//101
f 78//102 73//102 75//102
f 78//103 77//103 73//103
f 6//104 11//104 57//104
f 6//105 57//105 62//105
f 6//106 62//106 69//106
f 6//107 69//107 70//107
f 6//108 70//108 71//108
f 6//109 71//109 76//109
f 79//110 75//110 74//110
f 79//111 78//111 75//111
f 80//112 6//112 76//112
f 80//113 78//113 81//113
f 80//114 77//114 78//114
f 82//115 80//115 81//115
f 82//116 81//116 79//116
f 82//117 79//117 74//117
f 82//118 6//118 80//118
f 29//119 7//119 6//119
f 82//120 29//120 6//120
f 83//121 82//121 84//121
f 83//122 29//122 82//122
f 85//123 83//123 84//123
f 86//124 27//124 28//124
f 86//125 28//125 85//125
f 86//126 85//126 84//126
f 24//127 87//127 88//127
f 89//128 87//128 24//128
f 31//129 89//129 24//129
f 30//130 26//130 89//130
f 30//131 89//131 31//131
f 85//132 28//132 26//132
f 85//133 26//133 30//133
f 24//134 90//134 91//134
f 25//135 24//135 91//135
f 92//136 25//136 91//136
f 23//137 25//137 92//137
f 17//138 23//138 93//138
f 93//139 23//139 92//139
f 94//140 17//140 93//140
f 26//141 17//141 94//141
f 15//142 27//142 95//142
f 15//143 95//143 96//143
f 97//144 98//144 18//144
f 98//145 20//145 18//145
f 30//146 29//146 99//146
f 30//147 99//147 100//147
f 96//148 101//148 102//148
f 102//149 103//149 96//149
f 96//150 104//150 101//150
f 103//151 105//151 96//151
f 96//152 106//152 104//152
f 105//153 107//153 96//153
f 96//154 108//154 106//154
f 107//155 109//155 96//155
f 96//156 110//156 108//156
f 109//157 111//157 96//157
f 96//158 112//158 110//158
f 111//159 113//159 96//159
f 96//160 114//160 112//160
f 113//161 115//161 96//161
f 96//162 116//162 114//162
f 115//163 117//163 96//163
f 96//164 118//164 116//164
f 117//165 119//165 96//165
f 96//166 120//166 118//166
f 119//167 121//167 96//167
f 96//168 122//168 120//168
f 121//169 123//169 96//169
f 96//170 124//170 122//170
f 123//171 125//171 96//171
f 96//172 126//172 124//172
f 125//173 127//173 96//173
f 96//174 128//174 126//174
f 127//175 129//175 96//175
f 129//176 130//176 96//176
f 130//177 131//177 96//177
f 131//178 132//178 96//178
f 132//179 133//179 96//179
f 134//180 135//180 136//180
f 136//181 135//181 137//181
f 128//182 135//182 138//182
f 138//183 135//183 134//183
f 96//184 135//184 128//184
f 135//185 139//185 137//185
f 133//186 140//186 96//186
f 135//187 141//187 139//187
f 140//188 142//188 96//188
f 135//189 143//189 141//189
f 142//190 144//190 96//190
f 135//191 145//191 143//191
f 144//192 146//192 96//192
f 135//193 147//193 145//193
f 146//194 148//194 96//194
f 135//195 149//195 147//195
f 148//196 150//196 96//196
f 135//197 151//197 149//197
f 150//198 152//198 96//198
f 135//199 153//199 151//199
f 152//200 154//200 96//200
f 135//201 155//201 153//201
f 154//202 156//202 96//202
f 135//203 157//203 155//203
f 135//204 158//204 157//204
f 135//205 159//205 158//205
f 135//206 160//206 159//206
f 135//207 161//207 160//207
f 135//208 162//208 161//208
f 135//209 163//209 162//209
f 135//210 164//210 163//210
f 135//211 165//211 164//211
f 135//212 166//212 165//212
f 135//213 167//213 166//213
f 135//214 168//214 167//214
f 135//215 169//215 168//215
f 135//216 170//216 169//216
f 135//217 171//217 170//217
f 135//218 172//218 171//218
f 135//219 173//219 172//219
f 135//220 174//220 173//220
f 135//221 175//221 174//221
f 135//222 176//222 175//222
f 135//223 177//223 176//223
f 135//224 178//224 177//224
f 179//225 180//225 181//225
f 181//226 180//226 182//226
f 182//227 180//227 183//227
f 179//228 184//228 180//228
f 185//229 184//229 186//229
f 186//230 184//230 187//230
f 187//231 184//231 179//231
f 180//232 188//232 183//232
f 183//233 188//233 189//233
f 189//234 188//234 190//234
f 185//235 191//235 184//235
f 192//236 191//236 193//236
f 193//237 191//237 185//237
f 188//238 194//238 190//238
f 190//239 194//239 195//239
f 195//240 194//240 196//240
f 196//241 194//241 197//241
f 192//242 198//242 191//242
f 199//243 198//243 200//243
f 200//244 198//244 201//244
f 201//245 198//245 192//245
f 197//246 202//246 203//246
f 203//247 202//247 204//247
f 194//248 202//248 197//248
f 199//249 205//249 198//249
f 206//250 205//250 207//250
f 207//251 205//251 199//251
f 202//252 208//252 204//252
f 204//253 208//253 209//253
f 209//254 208//254 210//254
f 210//255 208//255 211//255
f 206//256 212//256 205//256
f 213//257 212//257 214//257
f 214//258 212//258 215//258
f 215//259 212//259 206//259
f 208//260 216//260 211//260
f 211//261 216//261 217//261
f 217//262 216//262 218//262
f 135//263 219//263 178//263
f 213//264 219//264 212//264
f 178//265 219//265 213//265
f 218//266 220//266 221//266
f 221//267 220//267 222//267
f 222//268 220//268 223//268
f 216//269 220//269 218//269
f 135//270 224//270 219//270
f 223//271 225//271 226//271
f 226//272 225//272 227//272
f 220//273 225//273 223//273
f 135//274 228//274 224//274
f 227//275 229//275 230//275
f 230//276 229//276 231//276
f 225//277 229//277 227//277
f 135//278 232//278 228//278
f 231//279 233//279 234//279
f 234//280 233//280 235//280
f 229//281 233//281 231//281
f 135//282 236//282 232//282
f 235//283 237//283 238//283
f 238//284 237//284 239//284
f 233//285 237//285 235//285
f 135//286 240//286 236//286
f 239//287 241//287 242//287
f 242//288 241//288 243//288
f 237//289 241//289 239//289
f 135//290 244//290 240//290
f 243//291 245//291 246//291
f 241//292 245//292 243//292
f 135//293 247//293 244//293
f 246//294 248//294 249//294
f 249//295 248//295 250//295
f 245//296 248//296 246//296
f 135//297 251//297 247//297
f 250//298 252//298 253//298
f 248//299 252//299 250//299
f 135//300 254//300 251//300
f 253//301 255//301 256//301
f 256//302 255//302 257//302
f 252//303 255//303 253//303
f 14//304 258//304 135//304
f 135//305 258//305 254//305
f 255//306 259//306 257//306
f 14//307 260//307 258//307
f 14//308 19//308 260//308
f 19//309 261//309 260//309
f 261//310 262//310 263//310
f 263//311 262//311 264//311
f 264//312 262//312 265//312
f 19//313 262//313 261//313
f 262//314 266//314 265//314
f 262//315 267//315 266//315
f 262//316 268//316 267//316
f 262//317 269//317 270//317
f 270//318 271//318 262//318
f 262//319 272//319 269//319
f 271//320 273//320 262//320
f 262//321 274//321 272//321
f 273//322 275//322 262//322
f 262//323 276//323 274//323
f 275//324 277//324 262//324
f 262//325 278//325 276//325
f 277//326 279//326 262//326
f 262//327 280//327 278//327
f 279//328 281//328 262//328
f 262//329 282//329 280//329
f 281//330 283//330 262//330
f 262//331 284//331 282//331
f 283//332 285//332 262//332
f 262//333 286//333 284//333
f 285//334 287//334 262//334
f 262//335 288//335 286//335
f 287//336 289//336 262//336
f 262//337 290//337 288//337
f 291//338 292//338 293//338
f 293//339 292//339 294//339
f 289//340 295//340 262//340
f 293//341 296//341 259//341
f 294//342 296//342 293//342
f 291//343 297//343 292//343
f 296//344 298//344 259//344
f 259//345 298//345 257//345
f 299//346 300//346 291//346
f 291//347 300//347 297//347
f 257//348 301//348 302//348
f 298//349 301//349 257//349
f 262//350 303//350 290//350
f 299//351 304//351 300//351
f 305//352 304//352 299//352
f 302//353 306//353 156//353
f 156//354 306//354 96//354
f 301//355 306//355 302//355
f 305//356 307//356 304//356
f 295//357 308//357 262//357
f 309//358 310//358 305//358
f 305//359 310//359 307//359
f 262//360 311//360 303//360
f 309//361 312//361 310//361
f 308//362 313//362 262//362
f 268//363 313//363 314//363
f 262//364 313//364 268//364
f 315//365 316//365 309//365
f 309//366 316//366 312//366
f 262//367 317//367 311//367
f 313//368 318//368 314//368
f 315//369 319//369 316//369
f 262//370 320//370 317//370
f 315//371 321//371 319//371
f 322//372 321//372 315//372
f 318//373 323//373 314//373
f 314//374 323//374 324//374
f 322//375 325//375 321//375
f 262//376 326//376 320//376
f 323//377 327//377 324//377
f 328//378 329//378 322//378
f 322//379 329//379 325//379
f 262//380 330//380 326//380
f 328//381 331//381 329//381
f 327//382 332//382 324//382
f 262//383 333//383 330//383
f 328//384 334//384 331//384
f 335//385 334//385 328//385
f 332//386 336//386 324//386
f 324//387 336//387 337//387
f 262//388 338//388 333//388
f 335//389 339//389 334//389
f 336//390 340//390 337//390
f 335//391 341//391 339//391
f 262//392 342//392 338//392
f 340//393 343//393 337//393
f 337//394 343//394 344//394
f 345//395 346//395 335//395
f 335//396 346//396 341//396
f 262//397 347//397 342//397
f 343//398 348//398 344//398
f 345//399 349//399 346//399
f 262//400 350//400 347//400
f 348//401 351//401 344//401
f 345//402 352//402 349//402
f 353//403 352//403 345//403
f 353//404 354//404 352//404
f 344//405 355//405 356//405
f 351//406 355//406 344//406
f 357//407 358//407 353//407
f 353//408 358//408 354//408
f 355//409 359//409 356//409
f 357//410 360//410 358//410
f 359//411 361//411 356//411
f 356//412 361//412 362//412
f 357//413 363//413 360//413
f 361//414 364//414 362//414
f 357//415 365//415 363//415
f 366//416 365//416 357//416
f 364//417 367//417 362//417
f 366//418 368//418 365//418
f 369//419 370//419 371//419
f 371//420 370//420 372//420
f 372//421 370//421 373//421
f 373//422 370//422 374//422
f 374//423 370//423 375//423
f 375//424 370//424 376//424
f 376//425 370//425 377//425
f 377//426 370//426 378//426
f 378//427 370//427 379//427
f 306//428 370//428 96//428
f 379//429 370//429 380//429
f 380//430 370//430 381//430
f 381//431 370//431 382//431
f 382//432 370//432 383//432
f 383//433 370//433 384//433
f 384//434 370//434 385//434
f 385//435 370//435 386//435
f 386//436 370//436 387//436
f 387//437 370//437 388//437
f 388//438 370//438 389//438
f 389//439 370//439 306//439
f 367//440 390//440 362//440
f 362//441 390//441 391//441
f 369//442 392//442 370//442
f 366//443 393//443 368//443
f 390//444 394//444 391//444
f 392//445 395//445 370//445
f 396//446 397//446 366//446
f 366//447 397//447 393//447
f 394//448 398//448 391//448
f 395//449 399//449 370//449
f 396//450 400//450 397//450
f 399//451 401//451 370//451
f 402//452 403//452 396//452
f 396//453 403//453 400//453
f 401//454 404//454 370//454
f 350//455 405//455 406//455
f 406//456 405//456 407//456
f 407//457 405//457 408//457
f 408//458 405//458 409//458
f 409//459 405//459 410//459
f 410//460 405//460 411//460
f 411//461 405//461 412//461
f 412//462 405//462 413//462
f 413//463 405//463 414//463
f 414//464 405//464 415//464
f 262//465 405//465 350//465
f 402//466 416//466 403//466
f 405//467 417//467 415//467
f 404//468 418//468 370//468
f 398//469 419//469 391//469
f 420//470 419//470 421//470
f 421//471 419//471 422//471
f 422//472 419//472 398//472
f 402//473 423//473 416//473
f 405//474 424//474 417//474
f 418//475 425//475 370//475
f 405//476 426//476 424//476
f 402//477 427//477 423//477
f 425//478 428//478 370//478
f 405//479 429//479 426//479
f 428//480 430//480 370//480
f 405//481 431//481 429//481
f 430//482 432//482 370//482
f 405//483 433//483 431//483
f 432//484 434//484 370//484
f 405//485 435//485 433//485
f 427//486 436//486 437//486
f 437//487 436//487 438//487
f 402//488 436//488 427//488
f 434//489 439//489 370//489
f 405//490 440//490 435//490
f 439//491 441//491 370//491
f 405//492 442//492 440//492
f 441//493 443//493 370//493
f 405//494 444//494 442//494
f 443//495 445//495 370//495
f 405//496 446//496 444//496
f 445//497 447//497 370//497
f 405//498 448//498 446//498
f 405//499 449//499 448//499
f 447//500 450//500 370//500
f 420//501 451//501 419//501
f 452//502 451//502 453//502
f 453//503 451//503 454//503
f 454//504 451//504 420//504
f 405//505 455//505 449//505
f 450//506 456//506 370//506
f 405//507 457//507 455//507
f 456//508 458//508 370//508
f 405//509 459//509 457//509
f 458//510 460//510 370//510
f 405//511 461//511 459//511
f 460//512 462//512 370//512
f 405//513 463//513 461//513
f 405//514 464//514 463//514
f 405//515 465//515 464//515
f 405//516 466//516 465//516
f 405//517 467//517 466//517
f 405//518 468//518 467//518
f 438//519 469//519 470//519
f 470//520 469//520 471//520
f 471//521 469//521 472//521
f 436//522 469//522 438//522
f 405//523 473//523 468//523
f 405//524 474//524 473//524
f 405//525 475//525 474//525
f 476//526 477//526 478//526
f 452//527 477//527 451//527
f 478//528 477//528 452//528
f 472//529 479//529 480//529
f 480//530 479//530 481//530
f 481//531 479//531 482//531
f 469//532 479//532 472//532
f 476//533 483//533 477//533
f 484//534 483//534 485//534
f 485//535 483//535 486//535
f 486//536 483//536 476//536
f 482//537 487//537 488//537
f 488//538 487//538 489//538
f 479//539 487//539 482//539
f 484//540 490//540 483//540
f 491//541 490//541 492//541
f 492//542 490//542 484//542
f 489//543 493//543 494//543
f 494//544 493//544 495//544
f 495//545 493//545 496//545
f 487//546 493//546 489//546
f 491//547 497//547 490//547
f 498//548 497//548 499//548
f 499//549 497//549 500//549
f 500//550 497//550 491//550
f 496//551 501//551 502//551
f 493//552 501//552 496//552
f 498//553 503//553 497//553
f 504//554 503//554 505//554
f 505//555 503//555 498//555
f 504//556 506//556 503//556
f 507//557 506//557 508//557
f 508//558 506//558 504//558
f 507//559 509//559 506//559
f 510//560 509//560 511//560
f 511//561 509//561 507//561
f 510//562 512//562 509//562
f 513//563 512//563 514//563
f 514//564 512//564 510//564
f 515//565 516//565 517//565
f 517//566 516//566 513//566
f 513//567 516//567 512//567
f 515//568 518//568 516//568
f 519//569 518//569 520//569
f 520//570 518//570 515//570
f 519//571 521//571 518//571
f 522//572 521//572 523//572
f 523//573 521//573 519//573
f 522//574 524//574 521//574
f 525//575 524//575 522//575
f 462//576 526//576 370//576
f 527//577 526//577 528//577
f 528//578 526//578 529//578
f 529//579 526//579 530//579
f 530//580 526//580 531//580
f 531//581 526//581 532//581
f 532//582 526//582 533//582
f 533//583 526//583 534//583
f 534//584 526//584 535//584
f 535//585 526//585 536//585
f 536//586 526//586 537//586
f 537//587 526//587 538//587
f 538//588 526//588 539//588
f 539//589 526//589 540//589
f 540//590 526//590 541//590
f 541//591 526//591 542//591
f 542//592 526//592 543//592
f 543//593 526//593 544//593
f 544//594 526//594 545//594
f 545//595 526//595 546//595
f 546//596 526//596 547//596
f 547//597 526//597 548//597
f 548//598 526//598 549//598
f 549//599 526//599 550//599
f 550//600 526//600 551//600
f 551//601 526//601 552//601
f 552//602 526//602 462//602
f 502//603 553//603 554//603
f 554//604 553//604 555//604
f 555//605 553//605 556//605
f 556//606 553//606 557//606
f 557//607 553//607 558//607
f 558//608 553//608 559//608
f 527//609 553//609 526//609
f 559//610 553//610 560//610
f 560//611 553//611 561//611
f 561//612 553//612 527//612
f 562//613 553//613 563//613
f 563//614 553//614 564//614
f 564//615 553//615 565//615
f 565//616 553//616 566//616
f 566//617 553//617 567//617
f 567//618 553//618 568//618
f 568//619 553//619 501//619
f 501//620 553//620 502//620
f 562//621 569//621 553//621
f 570//622 571//622 572//622
f 572//623 571//623 525//623
f 525//624 571//624 524//624
f 569//625 573//625 553//625
f 570//626 574//626 571//626
f 575//627 574//627 570//627
f 573//628 576//628 553//628
f 575//629 577//629 574//629
f 578//630 579//630 576//630
f 576//631 579//631 553//631
f 580//632 581//632 582//632
f 580//633 583//633 581//633
f 581//634 584//634 582//634
f 585//635 586//635 580//635
f 580//636 586//636 583//636
f 584//637 587//637 582//637
f 585//638 588//638 586//638
f 587//639 589//639 582//639
f 582//640 589//640 590//640
f 585//641 591//641 588//641
f 589//642 592//642 590//642
f 593//643 594//643 585//643
f 585//644 594//644 591//644
f 592//645 595//645 590//645
f 593//646 596//646 594//646
f 590//647 597//647 598//647
f 595//648 597//648 590//648
f 599//649 600//649 593//649
f 593//650 600//650 596//650
f 597//651 601//651 598//651
f 599//652 602//652 600//652
f 598//653 603//653 604//653
f 601//654 603//654 598//654
f 599//655 605//655 602//655
f 603//656 606//656 604//656
f 607//657 608//657 599//657
f 599//658 608//658 605//658
f 606//659 609//659 604//659
f 607//660 610//660 608//660
f 604//661 611//661 612//661
f 609//662 611//662 604//662
f 613//663 614//663 607//663
f 607//664 614//664 610//664
f 611//665 615//665 612//665
f 613//666 616//666 614//666
f 615//667 617//667 612//667
f 612//668 617//668 618//668
f 613//669 619//669 616//669
f 617//670 620//670 618//670
f 621//671 622//671 613//671
f 613//672 622//672 619//672
f 618//673 623//673 624//673
f 620//674 623//674 618//674
f 621//675 625//675 622//675
f 623//676 626//676 624//676
f 627//677 628//677 621//677
f 621//678 628//678 625//678
f 626//679 629//679 624//679
f 627//680 630//680 628//680
f 629//681 631//681 624//681
f 624//682 631//682 632//682
f 633//683 634//683 627//683
f 627//684 634//684 630//684
f 633//685 635//685 634//685
f 636//686 637//686 633//686
f 633//687 637//687 635//687
f 636//688 638//688 637//688
f 639//689 640//689 636//689
f 636//690 640//690 638//690
f 639//691 641//691 640//691
f 639//692 642//692 641//692
f 643//693 642//693 639//693
f 643//694 644//694 642//694
f 643//695 645//695 644//695
f 646//696 645//696 643//696
f 646//697 647//697 645//697
f 646//698 648//698 647//698
f 649//699 648//699 646//699
f 649//700 650//700 648//700
f 651//701 650//701 649//701
f 651//702 652//702 650//702
f 651//703 653//703 652//703
f 577//704 653//704 651//704
f 575//705 654//705 577//705
f 655//706 654//706 575//706
f 577//707 654//707 653//707
f 656//708 657//708 655//708
f 655//709 657//709 654//709
f 658//710 659//710 656//710
f 656//711 659//711 657//711
f 658//712 660//712 659//712
f 632//713 661//713 662//713
f 662//714 661//714 663//714
f 663//715 661//715 664//715
f 664//716 661//716 665//716
f 665//717 661//717 666//717
f 666//718 661//718 667//718
f 631//719 661//719 632//719
f 668//720 661//720 669//720
f 669//721 661//721 670//721
f 670//722 661//722 671//722
f 671//723 661//723 672//723
f 672//724 661//724 673//724
f 673//725 661//725 674//725
f 674//726 661//726 675//726
f 675//727 661//727 676//727
f 676//728 661//728 677//728
f 677//729 661//729 678//729
f 678//730 661//730 679//730
f 679//731 661//731 680//731
f 680//732 661//732 681//732
f 681//733 661//733 682//733
f 682//734 661//734 683//734
f 683//735 661//735 684//735
f 684//736 661//736 685//736
f 685//737 661//737 686//737
f 686//738 661//738 687//738
f 687//739 661//739 688//739
f 688//740 661//740 689//740
f 689//741 661//741 690//741
f 690//742 661//742 691//742
f 691//743 661//743 692//743
f 692//744 661//744 693//744
f 693//745 661//745 694//745
f 694//746 661//746 695//746
f 695//747 661//747 696//747
f 696//748 661//748 697//748
f 697//749 661//749 698//749
f 698//750 661//750 699//750
f 699//751 661//751 700//751
f 700//752 661//752 701//752
f 701//753 661//753 702//753
f 702//754 661//754 631//754
f 661//755 703//755 667//755
f 667//756 703//756 578//756
f 578//757 703//757 579//757
f 704//758 705//758 706//758
f 706//759 705//759 707//759
f 707//760 705//760 708//760
f 708//761 705//761 709//761
f 709//762 705//762 710//762
f 710//763 705//763 711//763
f 668//764 705//764 661//764
f 711//765 705//765 712//765
f 712//766 705//766 713//766
f 713//767 705//767 714//767
f 714//768 705//768 715//768
f 715//769 705//769 716//769
f 716//770 705//770 717//770
f 717//771 705//771 718//771
f 718//772 705//772 719//772
f 719//773 705//773 720//773
f 720//774 705//774 721//774
f 721//775 705//775 722//775
f 722//776 705//776 723//776
f 723//777 705//777 724//777
f 724//778 705//778 725//778
f 725//779 705//779 726//779
f 726//780 705//780 727//780
f 727//781 705//781 728//781
f 728//782 705//782 729//782
f 729//783 705//783 730//783
f 730//784 705//784 731//784
f 731//785 705//785 732//785
f 732//786 705//786 733//786
f 733//787 705//787 734//787
f 734//788 705//788 735//788
f 735//789 705//789 736//789
f 736//790 705//790 737//790
f 737//791 705//791 738//791
f 738//792 705//792 739//792
f 739//793 705//793 740//793
f 740//794 705//794 668//794
f 405//795 705//795 704//795
f 405//796 704//796 660//796
f 405//797 660//797 475//797
f 475//798 660//798 658//798
f 22//799 14//799 741//799
f 741//800 14//800 135//800
f 19//801 22//801 741//801
f 19//802 741//802 262//802
f 742//803 743//803 74//803
f 743//804 82//804 74//804
f 743//805 84//805 82//805
f 744//806 742//806 33//806
f 33//807 742//807 74//807
f 35//808 745//808 32//808
f 746//809 745//809 35//809
f 745//810 747//810 38//810
f 745//811 38//811 32//811
f 747//812 746//812 35//812
f 747//813 35//813 38//813
f 748//814 749//814 36//814
f 748//815 36//815 34//815
f 749//816 750//816 37//816
f 749//817 37//817 36//817
f 750//818 748//818 34//818
f 750//819 34//819 37//819
f 751//820 752//820 45//820
f 751//821 45//821 39//821
f 752//822 753//822 40//822
f 752//823 40//823 45//823
f 753//824 751//824 39//824
f 753//825 39//825 40//825
f 754//826 755//826 42//826
f 42//827 755//827 41//827
f 756//828 754//828 46//828
f 46//829 754//829 42//829
f 755//830 756//830 41//830
f 41//831 756//831 46//831
f 48//832 757//832 43//832
f 758//833 757//833 48//833
f 757//834 759//834 47//834
f 757//835 47//835 43//835
f 759//836 758//836 48//836
f 759//837 48//837 47//837
f 760//838 49//838 44//838
f 760//839 761//839 49//839
f 762//840 760//840 50//840
f 50//841 760//841 44//841
f 761//842 762//842 49//842
f 49//843 762//843 50//843
f 763//844 764//844 57//844
f 57//845 764//845 52//845
f 765//846 763//846 51//846
f 51//847 763//847 57//847
f 764//848 765//848 52//848
f 52//849 765//849 51//849
f 766//850 767//850 54//850
f 54//851 767//851 53//851
f 768//852 54//852 58//852
f 768//853 766//853 54//853
f 767//854 768//854 53//854
f 53//855 768//855 58//855
f 769//856 770//856 56//856
f 769//857 56//857 60//857
f 770//858 771//858 59//858
f 770//859 59//859 56//859
f 771//860 769//860 60//860
f 771//861 60//861 59//861
f 772//862 773//862 55//862
f 55//863 773//863 61//863
f 774//864 55//864 65//864
f 774//865 772//865 55//865
f 773//866 774//866 61//866
f 61//867 774//867 65//867
f 775//868 776//868 66//868
f 66//869 776//869 64//869
f 777//870 775//870 70//870
f 70//871 775//871 66//871
f 776//872 777//872 64//872
f 64//873 777//873 70//873
f 778//874 779//874 62//874
f 778//875 62//875 63//875
f 779//876 780//876 69//876
f 779//877 69//877 62//877
f 780//878 778//878 63//878
f 780//879 63//879 69//879
f 781//880 782//880 67//880
f 781//881 67//881 72//881
f 782//882 783//882 71//882
f 782//883 71//883 67//883
f 783//884 781//884 72//884
f 783//885 72//885 71//885
f 784//886 785//886 75//886
f 75//887 785//887 68//887
f 786//888 784//888 73//888
f 73//889 784//889 75//889
f 785//890 786//890 68//890
f 68//891 786//891 73//891
f 787//892 788//892 81//892
f 787//893 81//893 78//893
f 788//894 789//894 79//894
f 788//895 79//895 81//895
f 789//896 787//896 78//896
f 789//897 78//897 79//897
f 790//898 791//898 76//898
f 76//899 791//899 80//899
f 792//900 790//900 77//900
f 77//901 790//901 76//901
f 791//902 792//902 80//902
f 80//903 792//903 77//903
f 793//904 794//904 86//904
f 795//905 86//905 794//905
f 796//906 793//906 86//906
f 797//907 86//907 795//907
f 798//908 796//908 86//908
f 799//909 86//909 797//909
f 800//910 798//910 86//910
f 801//911 86//911 799//911
f 802//912 800//912 86//912
f 803//913 86//913 801//913
f 804//914 802//914 86//914
f 805//915 86//915 803//915
f 806//916 804//916 86//916
f 807//917 86//917 805//917
f 808//918 806//918 86//918
f 809//919 86//919 807//919
f 810//920 808//920 86//920
f 811//921 86//921 809//921
f 812//922 810//922 86//922
f 813//923 86//923 811//923
f 814//924 812//924 86//924
f 815//925 86//925 813//925
f 816//926 814//926 86//926
f 817//927 86//927 815//927
f 818//928 816//928 86//928
f 819//929 86//929 817//929
f 820//930 818//930 86//930
f 821//931 86//931 819//931
f 822//932 820//932 86//932
f 823//933 86//933 821//933
f 824//934 822//934 86//934
f 825//935 86//935 823//935
f 826//936 824//936 86//936
f 827//937 86//937 825//937
f 828//938 826//938 86//938
f 829//939 86//939 827//939
f 830//940 828//940 86//940
f 831//941 86//941 829//941
f 832//942 830//942 86//942
f 833//943 86//943 831//943
f 834//944 832//944 86//944
f 835//945 86//945 833//945
f 836//946 834//946 86//946
f 837//947 86//947 835//947
f 838//948 836//948 86//948
f 839//949 86//949 837//949
f 840//950 838//950 86//950
f 841//951 840//951 86//951
f 842//952 841//952 86//952
f 843//953 842//953 86//953
f 844//954 843//954 86//954
f 845//955 844//955 86//955
f 846//956 847//956 848//956
f 846//957 849//957 847//957
f 846//958 850//958 849//958
f 851//959 846//959 848//959
f 851//960 852//960 853//960
f 851//961 854//961 852//961
f 851//962 848//962 854//962
f 855//963 850//963 846//963
f 855//964 856//964 850//964
f 855//965 857//965 856//965
f 858//966 859//966 860//966
f 858//967 853//967 859//967
f 858//968 851//968 853//968
f 861//969 857//969 855//969
f 861//970 862//970 857//970
f 861//971 863//971 862//971
f 861//972 864//972 863//972
f 865//973 858//973 860//973
f 865//974 866//974 867//974
f 865//975 868//975 866//975
f 865//976 860//976 868//976
f 869//977 870//977 864//977
f 869//978 871//978 870//978
f 869//979 864//979 861//979
f 872//980 865//980 867//980
f 872//981 873//981 874//981
f 872//982 867//982 873//982
f 875//983 871//983 869//983
f 875//984 876//984 871//984
f 875//985 877//985 876//985
f 875//986 878//986 877//986
f 879//987 872//987 874//987
f 879//988 880//988 881//988
f 879//989 882//989 880//989
f 879//990 874//990 882//990
f 883//991 884//991 878//991
f 883//992 885//992 884//992
f 883//993 878//993 875//993
f 886//994 879//994 881//994
f 886//995 887//995 888//995
f 886//996 881//996 887//996
f 889//997 885//997 883//997
f 889//998 890//998 885//998
f 889//999 891//999 890//999
f 889//1000 892//1000 891//1000
f 893//1001 886//1001 888//1001
f 893//1002 894//1002 895//1002
f 893//1003 888//1003 894//1003
f 896//1004 892//1004 889//1004
f 896//1005 897//1005 892//1005
f 896//1006 898//1006 897//1006
f 899//1007 893//1007 895//1007
f 899//1008 900//1008 901//1008
f 899//1009 902//1009 900//1009
f 899//1010 895//1010 902//1010
f 903//1011 898//1011 896//1011
f 903//1012 904//1012 898//1012
f 903//1013 905//1013 904//1013
f 906//1014 907//1014 908//1014
f 906//1015 901//1015 907//1015
f 906//1016 899//1016 901//1016
f 909//1017 910//1017 905//1017
f 909//1018 911//1018 910//1018
f 909//1019 905//1019 903//1019
f 912//1020 906//1020 908//1020
f 912//1021 913//1021 914//1021
f 912//1022 908//1022 913//1022
f 915//1023 916//1023 911//1023
f 915//1024 917//1024 916//1024
f 915//1025 911//1025 909//1025
f 918//1026 912//1026 914//1026
f 918//1027 914//1027 919//1027
f 920//1028 921//1028 917//1028
f 920//1029 922//1029 921//1029
f 920//1030 917//1030 915//1030
f 923//1031 918//1031 919//1031
f 923//1032 924//1032 925//1032
f 923//1033 919//1033 924//1033
f 926//1034 927//1034 922//1034
f 926//1035 922//1035 920//1035
f 928//1036 923//1036 925//1036
f 928//1037 929//1037 930//1037
f 928//1038 925//1038 929//1038
f 931//1039 932//1039 927//1039
f 931//1040 933//1040 932//1040
f 931//1041 927//1041 926//1041
f 934//1042 928//1042 930//1042
f 934//1043 935//1043 936//1043
f 934//1044 930//1044 935//1044
f 937//1045 933//1045 931//1045
f 937//1046 938//1046 933//1046
f 939//1047 934//1047 936//1047
f 939//1048 936//1048 940//1048
f 941//1049 942//1049 938//1049
f 941//1050 943//1050 942//1050
f 941//1051 938//1051 937//1051
f 944//1052 940//1052 945//1052
f 944//1053 939//1053 940//1053
f 946//1054 943//1054 941//1054
f 84//1055 845//1055 86//1055
f 84//1056 945//1056 845//1056
f 947//1057 948//1057 949//1057
f 950//1058 947//1058 949//1058
f 950//1059 949//1059 944//1059
f 951//1060 948//1060 947//1060
f 952//1061 950//1061 944//1061
f 952//1062 944//1062 945//1062
f 952//1063 945//1063 84//1063
f 953//1064 954//1064 948//1064
f 953//1065 948//1065 951//1065
f 955//1066 952//1066 84//1066
f 956//1067 957//1067 954//1067
f 956//1068 954//1068 953//1068
f 958//1069 955//1069 84//1069
f 959//1070 957//1070 956//1070
f 960//1071 958//1071 84//1071
f 961//1072 962//1072 957//1072
f 961//1073 957//1073 959//1073
f 963//1074 960//1074 84//1074
f 964//1075 962//1075 961//1075
f 965//1076 963//1076 84//1076
f 966//1077 967//1077 962//1077
f 966//1078 962//1078 964//1078
f 968//1079 965//1079 84//1079
f 969//1080 967//1080 966//1080
f 970//1081 968//1081 84//1081
f 971//1082 972//1082 967//1082
f 971//1083 967//1083 969//1083
f 973//1084 970//1084 84//1084
f 974//1085 972//1085 971//1085
f 975//1086 973//1086 84//1086
f 976//1087 977//1087 978//1087
f 976//1088 978//1088 979//1088
f 980//1089 981//1089 972//1089
f 980//1090 972//1090 974//1090
f 982//1091 978//1091 977//1091
f 982//1092 946//1092 978//1092
f 983//1093 976//1093 979//1093
f 984//1094 943//1094 946//1094
f 984//1095 946//1095 982//1095
f 985//1096 983//1096 979//1096
f 985//1097 979//1097 986//1097
f 987//1098 988//1098 943//1098
f 987//1099 943//1099 984//1099
f 989//1100 975//1100 84//1100
f 990//1101 985//1101 986//1101
f 990//1102 986//1102 991//1102
f 992//1103 993//1103 988//1103
f 992//1104 988//1104 987//1104
f 994//1105 990//1105 991//1105
f 995//1106 981//1106 980//1106
f 996//1107 997//1107 993//1107
f 996//1108 993//1108 992//1108
f 998//1109 994//1109 991//1109
f 998//1110 991//1110 999//1110
f 1000//1111 989//1111 84//1111
f 1001//1112 997//1112 996//1112
f 1001//1113 1002//1113 997//1113
f 1003//1114 998//1114 999//1114
f 1004//1115 1005//1115 981//1115
f 1004//1116 981//1116 995//1116
f 1006//1117 1007//1117 1002//1117
f 1006//1118 1002//1118 1001//1118
f 1008//1119 1003//1119 999//1119
f 1008//1120 999//1120 1009//1120
f 1010//1121 1000//1121 84//1121
f 1011//1122 839//1122 1007//1122
f 1011//1123 86//1123 839//1123
f 1011//1124 1007//1124 1006//1124
f 1012//1125 1005//1125 1004//1125
f 1013//1126 1008//1126 1009//1126
f 1014//1127 1010//1127 84//1127
f 1015//1128 1013//1128 1009//1128
f 1015//1129 1009//1129 1016//1129
f 1017//1130 1018//1130 1005//1130
f 1017//1131 1005//1131 1012//1131
f 1019//1132 1015//1132 1016//1132
f 1020//1133 1014//1133 84//1133
f 1021//1134 1018//1134 1017//1134
f 1022//1135 1016//1135 1023//1135
f 1022//1136 1019//1136 1016//1136
f 1024//1137 1020//1137 84//1137
f 1025//1138 1022//1138 1023//1138
f 1026//1139 1018//1139 1021//1139
f 1027//1140 1024//1140 84//1140
f 1028//1141 1023//1141 1029//1141
f 1028//1142 1025//1142 1023//1142
f 1030//1143 1031//1143 1018//1143
f 1030//1144 1018//1144 1026//1144
f 1032//1145 1027//1145 84//1145
f 1033//1146 1028//1146 1029//1146
f 1034//1147 1031//1147 1030//1147
f 1035//1148 1033//1148 1029//1148
f 1036//1149 1032//1149 84//1149
f 1037//1150 1031//1150 1034//1150
f 1037//1151 1038//1151 1031//1151
f 1039//1152 1035//1152 1029//1152
f 1039//1153 1029//1153 1040//1153
f 1041//1154 1036//1154 84//1154
f 1042//1155 1038//1155 1037//1155
f 1043//1156 1039//1156 1040//1156
f 1044//1157 1041//1157 84//1157
f 1045//1158 1038//1158 1042//1158
f 1046//1159 1043//1159 1040//1159
f 1046//1160 1040//1160 1047//1160
f 1048//1161 1044//1161 84//1161
f 1049//1162 1046//1162 1047//1162
f 1050//1163 1051//1163 1038//1163
f 1050//1164 1038//1164 1045//1164
f 1052//1165 1048//1165 84//1165
f 1053//1166 1049//1166 1047//1166
f 1053//1167 1047//1167 1054//1167
f 1055//1168 1051//1168 1050//1168
f 1056//1169 1052//1169 84//1169
f 1057//1170 1053//1170 1054//1170
f 1058//1171 1059//1171 1051//1171
f 1058//1172 1051//1172 1055//1172
f 1060//1173 1056//1173 84//1173
f 1061//1174 1057//1174 1054//1174
f 1062//1175 1059//1175 1058//1175
f 1063//1176 1060//1176 84//1176
f 1064//1177 1061//1177 1054//1177
f 1064//1178 1054//1178 1065//1178
f 1066//1179 1059//1179 1062//1179
f 1067//1180 1063//1180 84//1180
f 1068//1181 1064//1181 1065//1181
f 1069//1182 1059//1182 1066//1182
f 1069//1183 1070//1183 1059//1183
f 1071//1184 1067//1184 84//1184
f 1072//1185 1068//1185 1065//1185
f 1073//1186 1070//1186 1069//1186
f 1074//1187 1071//1187 84//1187
f 1075//1188 1072//1188 1065//1188
f 1075//1189 1065//1189 1076//1189
f 1077//1190 1070//1190 1073//1190
f 1078//1191 1074//1191 84//1191
f 1079//1192 1075//1192 1076//1192
f 1080//1193 1078//1193 84//1193
f 1081//1194 1079//1194 1076//1194
f 1081//1195 1076//1195 1082//1195
f 1083//1196 1081//1196 1082//1196
f 1084//1197 1080//1197 84//1197
f 1085//1198 1070//1198 1077//1198
f 1085//1199 1086//1199 1087//1199
f 1085//1200 1088//1200 1086//1200
f 1085//1201 1077//1201 1088//1201
f 1089//1202 1083//1202 1082//1202
f 1090//1203 1084//1203 84//1203
f 1091//1204 1090//1204 84//1204
f 1092//1205 1089//1205 1082//1205
f 1093//1206 1091//1206 84//1206
f 1094//1207 1093//1207 84//1207
f 1095//1208 1094//1208 84//1208
f 1096//1209 1095//1209 84//1209
f 1097//1210 1098//1210 1092//1210
f 1097//1211 1099//1211 1098//1211
f 1097//1212 1092//1212 1082//1212
f 1100//1213 1096//1213 84//1213
f 1101//1214 1100//1214 84//1214
f 1102//1215 1101//1215 84//1215
f 1103//1216 1102//1216 84//1216
f 1104//1217 1103//1217 84//1217
f 1105//1218 1104//1218 84//1218
f 1106//1219 1107//1219 1108//1219
f 1106//1220 1109//1220 1107//1220
f 1106//1221 1087//1221 1109//1221
f 1106//1222 1085//1222 1087//1222
f 1110//1223 1105//1223 84//1223
f 1111//1224 1110//1224 84//1224
f 1112//1225 1111//1225 84//1225
f 1113//1226 1112//1226 84//1226
f 1114//1227 1113//1227 84//1227
f 1115//1228 1114//1228 84//1228
f 1116//1229 1115//1229 84//1229
f 1117//1230 1116//1230 84//1230
f 1118//1231 1117//1231 84//1231
f 1119//1232 1118//1232 84//1232
f 1120//1233 1121//1233 1099//1233
f 1120//1234 1122//1234 1121//1234
f 1120//1235 1123//1235 1122//1235
f 1120//1236 1099//1236 1097//1236
f 1124//1237 1125//1237 1126//1237
f 1124//1238 1108//1238 1125//1238
f 1124//1239 1106//1239 1108//1239
f 1127//1240 1128//1240 1123//1240
f 1127//1241 1129//1241 1128//1241
f 1127//1242 1130//1242 1129//1242
f 1127//1243 1123//1243 1120//1243
f 1131//1244 1132//1244 1133//1244
f 1131//1245 1134//1245 1132//1245
f 1131//1246 1126//1246 1134//1246
f 1131//1247 1124//1247 1126//1247
f 1135//1248 1136//1248 1137//1248
f 1135//1249 1138//1249 1136//1249
f 1135//1250 1139//1250 1138//1250
f 1135//1251 1140//1251 1139//1251
f 1135//1252 1141//1252 1140//1252
f 1135//1253 1142//1253 1141//1253
f 1135//1254 1011//1254 1142//1254
f 1135//1255 86//1255 1011//1255
f 1135//1256 1143//1256 1144//1256
f 1135//1257 1145//1257 1143//1257
f 1135//1258 1146//1258 1145//1258
f 1135//1259 1147//1259 1146//1259
f 1135//1260 1148//1260 1147//1260
f 1135//1261 1149//1261 1148//1261
f 1135//1262 1150//1262 1149//1262
f 1135//1263 1151//1263 1150//1263
f 1135//1264 1152//1264 1151//1264
f 1135//1265 1153//1265 1152//1265
f 1135//1266 1154//1266 1153//1266
f 1135//1267 1155//1267 1154//1267
f 1135//1268 1156//1268 1155//1268
f 1135//1269 1157//1269 1156//1269
f 1135//1270 1158//1270 1157//1270
f 1135//1271 1159//1271 1158//1271
f 1135//1272 1160//1272 1159//1272
f 1135//1273 1161//1273 1160//1273
f 1135//1274 1162//1274 1161//1274
f 1135//1275 1163//1275 1162//1275
f 1135//1276 1164//1276 1163//1276
f 1135//1277 1165//1277 1164//1277
f 1135//1278 1166//1278 1165//1278
f 1135//1279 1167//1279 1166//1279
f 1135//1280 1168//1280 1167//1280
f 1135//1281 1169//1281 1168//1281
f 1135//1282 1170//1282 1169//1282
f 1135//1283 1171//1283 1170//1283
f 1135//1284 1172//1284 1171//1284
f 1135//1285 1173//1285 1172//1285
f 1135//1286 1174//1286 1173//1286
f 1135//1287 1175//1287 1174//1287
f 1135//1288 1176//1288 1175//1288
f 1135//1289 1177//1289 1176//1289
f 1135//1290 1178//1290 1177//1290
f 1135//1291 1179//1291 1178//1291
f 1135//1292 1180//1292 1179//1292
f 1135//1293 1181//1293 1180//1293
f 1135//1294 1182//1294 1181//1294
f 1135//1295 1183//1295 1182//1295
f 1135//1296 1184//1296 1183//1296
f 1135//1297 1185//1297 1184//1297
f 1135//1298 1186//1298 1185//1298
f 1135//1299 1137//1299 1186//1299
f 1187//1300 1188//1300 1130//1300
f 1187//1301 1189//1301 1188//1301
f 1187//1302 1130//1302 1127//1302
f 1190//1303 1131//1303 1133//1303
f 1190//1304 1191//1304 1192//1304
f 1190//1305 1133//1305 1191//1305
f 1193//1306 1194//1306 1189//1306
f 1193//1307 1195//1307 1194//1307
f 1193//1308 1196//1308 1195//1308
f 1193//1309 1189//1309 1187//1309
f 1197//1310 1198//1310 1199//1310
f 1197//1311 1200//1311 1198//1311
f 1197//1312 1192//1312 1200//1312
f 1197//1313 1190//1313 1192//1313
f 1201//1314 1202//1314 1196//1314
f 1201//1315 1203//1315 1202//1315
f 1201//1316 1196//1316 1193//1316
f 1204//1317 1205//1317 1206//1317
f 1204//1318 1199//1318 1205//1318
f 1204//1319 1197//1319 1199//1319
f 1207//1320 1208//1320 1203//1320
f 1207//1321 1209//1321 1208//1321
f 1207//1322 1203//1322 1201//1322
f 1210//1323 1211//1323 1212//1323
f 1210//1324 1206//1324 1211//1324
f 1210//1325 1204//1325 1206//1325
f 1213//1326 1209//1326 1207//1326
f 1213//1327 1214//1327 1209//1327
f 1213//1328 1215//1328 1214//1328
f 1216//1329 1210//1329 1212//1329
f 1216//1330 1217//1330 1218//1330
f 1216//1331 1212//1331 1217//1331
f 1219//1332 1215//1332 1213//1332
f 1219//1333 1220//1333 1215//1333
f 1219//1334 1221//1334 1220//1334
f 1222//1335 1223//1335 1224//1335
f 1222//1336 1218//1336 1223//1336
f 1222//1337 1216//1337 1218//1337
f 1225//1338 1226//1338 1221//1338
f 1225//1339 1227//1339 1226//1339
f 1225//1340 1221//1340 1219//1340
f 1228//1341 1229//1341 1230//1341
f 1228//1342 1224//1342 1229//1342
f 1228//1343 1222//1343 1224//1343
f 1231//1344 1227//1344 1225//1344
f 1231//1345 1232//1345 1227//1345
f 1231//1346 1233//1346 1232//1346
f 1234//1347 1235//1347 1236//1347
f 1234//1348 1230//1348 1235//1348
f 1234//1349 1228//1349 1230//1349
f 1237//1350 1238//1350 1233//1350
f 1237//1351 1239//1351 1238//1351
f 1237//1352 1233//1352 1231//1352
f 1240//1353 1241//1353 1242//1353
f 1240//1354 1236//1354 1241//1354
f 1240//1355 1234//1355 1236//1355
f 1243//1356 1244//1356 1239//1356
f 1243//1357 1245//1357 1244//1357
f 1243//1358 1239//1358 1237//1358
f 1246//1359 1242//1359 1247//1359
f 1246//1360 1240//1360 1242//1360
f 1248//1361 1249//1361 1245//1361
f 1248//1362 1245//1362 1243//1362
f 1250//1363 1251//1363 1252//1363
f 1250//1364 1247//1364 1251//1364
f 1250//1365 1246//1365 1247//1365
f 1253//1366 1252//1366 1254//1366
f 1253//1367 1250//1367 1252//1367
f 1255//1368 1253//1368 1254//1368
f 1256//1369 1257//1369 1258//1369
f 1259//1370 1256//1370 1258//1370
f 1260//1371 1257//1371 1256//1371
f 1261//1372 1259//1372 1258//1372
f 1261//1373 1258//1373 1262//1373
f 1263//1374 1257//1374 1260//1374
f 1264//1375 1261//1375 1262//1375
f 1265//1376 1257//1376 1263//1376
f 1265//1377 1266//1377 1257//1377
f 1267//1378 1264//1378 1262//1378
f 1268//1379 1266//1379 1265//1379
f 1269//1380 1267//1380 1262//1380
f 1269//1381 1262//1381 1270//1381
f 1271//1382 1266//1382 1268//1382
f 1272//1383 1269//1383 1270//1383
f 1273//1384 1266//1384 1271//1384
f 1273//1385 1274//1385 1266//1385
f 1275//1386 1270//1386 1276//1386
f 1275//1387 1272//1387 1270//1387
f 1277//1388 1274//1388 1273//1388
f 1278//1389 1275//1389 1276//1389
f 1279//1390 1280//1390 1274//1390
f 1279//1391 1274//1391 1277//1391
f 1281//1392 1278//1392 1276//1392
f 1282//1393 1280//1393 1279//1393
f 1283//1394 1281//1394 1276//1394
f 1283//1395 1276//1395 1284//1395
f 1285//1396 1280//1396 1282//1396
f 1286//1397 1283//1397 1284//1397
f 1287//1398 1280//1398 1285//1398
f 1287//1399 1288//1399 1280//1399
f 1289//1400 1284//1400 1290//1400
f 1289//1401 1286//1401 1284//1401
f 1291//1402 1288//1402 1287//1402
f 1292//1403 1289//1403 1290//1403
f 1293//1404 1294//1404 1288//1404
f 1293//1405 1288//1405 1291//1405
f 1295//1406 1292//1406 1290//1406
f 1296//1407 1294//1407 1293//1407
f 1297//1408 1295//1408 1290//1408
f 1297//1409 1290//1409 1298//1409
f 1299//1410 1300//1410 1294//1410
f 1299//1411 1294//1411 1296//1411
f 1301//1412 1297//1412 1298//1412
f 1302//1413 1300//1413 1299//1413
f 1303//1414 1298//1414 1304//1414
f 1303//1415 1301//1415 1298//1415
f 1305//1416 1300//1416 1302//1416
f 1306//1417 1303//1417 1304//1417
f 1307//1418 1308//1418 1300//1418
f 1307//1419 1300//1419 1305//1419
f 1309//1420 1304//1420 1310//1420
f 1309//1421 1306//1421 1304//1421
f 1311//1422 1309//1422 1310//1422
f 1312//1423 1311//1423 1310//1423
f 1312//1424 1310//1424 1313//1424
f 1314//1425 1312//1425 1313//1425
f 1315//1426 1313//1426 1316//1426
f 1315//1427 1314//1427 1313//1427
f 1317//1428 1315//1428 1316//1428
f 1318//1429 1317//1429 1316//1429
f 1318//1430 1316//1430 1319//1430
f 1320//1431 1318//1431 1319//1431
f 1321//1432 1319//1432 1322//1432
f 1321//1433 1320//1433 1319//1433
f 1323//1434 1321//1434 1322//1434
f 1324//1435 1323//1435 1322//1435
f 1324//1436 1322//1436 1325//1436
f 1326//1437 1324//1437 1325//1437
f 1326//1438 1325//1438 1327//1438
f 1328//1439 1326//1439 1327//1439
f 1329//1440 1327//1440 1255//1440
f 1329//1441 1328//1441 1327//1441
f 1330//1442 1254//1442 1331//1442
f 1330//1443 1329//1443 1255//1443
f 1330//1444 1255//1444 1254//1444
f 1332//1445 1331//1445 1333//1445
f 1332//1446 1330//1446 1331//1446
f 1334//1447 1332//1447 1333//1447
f 1334//1448 1333//1448 1335//1448
f 1336//1449 1334//1449 1335//1449
f 1336//1450 1335//1450 1337//1450
f 1338//1451 1336//1451 1337//1451
f 1339//1452 1340//1452 1341//1452
f 1339//1453 1342//1453 1340//1453
f 1339//1454 1343//1454 1342//1454
f 1339//1455 1344//1455 1343//1455
f 1339//1456 1345//1456 1344//1456
f 1339//1457 1346//1457 1345//1457
f 1339//1458 1347//1458 1346//1458
f 1339//1459 1348//1459 1347//1459
f 1339//1460 1349//1460 1348//1460
f 1339//1461 1350//1461 1349//1461
f 1339//1462 1351//1462 1350//1462
f 1339//1463 1352//1463 1351//1463
f 1339//1464 1353//1464 1352//1464
f 1339//1465 1354//1465 1353//1465
f 1339//1466 1355//1466 1354//1466
f 1339//1467 1356//1467 1355//1467
f 1339//1468 1357//1468 1356//1468
f 1339//1469 1358//1469 1357//1469
f 1339//1470 1359//1470 1358//1470
f 1339//1471 1360//1471 1359//1471
f 1339//1472 1361//1472 1360//1472
f 1339//1473 1362//1473 1361//1473
f 1339//1474 1363//1474 1362//1474
f 1339//1475 1364//1475 1363//1475
f 1339//1476 1365//1476 1308//1476
f 1339//1477 1366//1477 1364//1477
f 1339//1478 1367//1478 1365//1478
f 1339//1479 1368//1479 1366//1479
f 1339//1480 1369//1480 1367//1480
f 1339//1481 1370//1481 1368//1481
f 1339//1482 1371//1482 1370//1482
f 1339//1483 1372//1483 1369//1483
f 1339//1484 1373//1484 1371//1484
f 1339//1485 1374//1485 1372//1485
f 1339//1486 1375//1486 1373//1486
f 1339//1487 1376//1487 1374//1487
f 1339//1488 1377//1488 1375//1488
f 1339//1489 1378//1489 1377//1489
f 1339//1490 1379//1490 1378//1490
f 1339//1491 1380//1491 1379//1491
f 1339//1492 1307//1492 1380//1492
f 1339//1493 1308//1493 1307//1493
f 1381//1494 1376//1494 1339//1494
f 1381//1495 1135//1495 1144//1495
f 1381//1496 1382//1496 1249//1496
f 1381//1497 1383//1497 1382//1497
f 1381//1498 1384//1498 1383//1498
f 1381//1499 1385//1499 1384//1499
f 1381//1500 1144//1500 1385//1500
f 1381//1501 1249//1501 1248//1501
f 1381//1502 1386//1502 1376//1502
f 1381//1503 1387//1503 1386//1503
f 1381//1504 1388//1504 1387//1504
f 1381//1505 1248//1505 1388//1505
f 743//1506 1389//1506 1338//1506
f 743//1507 1390//1507 1389//1507
f 743//1508 1391//1508 1390//1508
f 743//1509 1392//1509 1391//1509
f 743//1510 1393//1510 1392//1510
f 743//1511 1394//1511 1393//1511
f 743//1512 1395//1512 1394//1512
f 743//1513 1396//1513 1395//1513
f 743//1514 1397//1514 1396//1514
f 743//1515 1398//1515 1397//1515
f 743//1516 1399//1516 1398//1516
f 743//1517 1400//1517 1399//1517
f 743//1518 1401//1518 1400//1518
f 743//1519 1402//1519 1401//1519
f 743//1520 1403//1520 1402//1520
f 743//1521 1404//1521 1403//1521
f 743//1522 1405//1522 1404//1522
f 743//1523 1406//1523 1405//1523
f 743//1524 1407//1524 1406//1524
f 743//1525 1408//1525 1407//1525
f 743//1526 1409//1526 1408//1526
f 743//1527 1119//1527 84//1527
f 743//1528 1410//1528 1409//1528
f 743//1529 1411//1529 1410//1529
f 743//1530 1412//1530 1411//1530
f 743//1531 1413//1531 1412//1531
f 743//1532 1414//1532 1413//1532
f 743//1533 1415//1533 1414//1533
f 743//1534 1416//1534 1415//1534
f 743//1535 1417//1535 1416//1535
f 743//1536 1418//1536 1417//1536
f 743//1537 1419//1537 1418//1537
f 743//1538 1420//1538 1419//1538
f 743//1539 1421//1539 1420//1539
f 743//1540 1422//1540 1421//1540
f 743//1541 1423//1541 1422//1541
f 743//1542 1341//1542 1423//1542
f 743//1543 1339//1543 1341//1543
f 743//1544 1338//1544 1337//1544
f 743//1545 1424//1545 1119//1545
f 743//1546 1425//1546 1424//1546
f 743//1547 1337//1547 1425//1547
f 1426//1548 1135//1548 1427//1548
f 86//1549 1135//1549 1426//1549
f 95//1550 86//1550 1426//1550
f 27//1551 86//1551 95//1551
f 1428//1552 1429//1552 1430//1552
f 1430//1553 1431//1553 1428//1553
f 1428//1554 1432//1554 1429//1554
f 1431//1555 1433//1555 1428//1555
f 1428//1556 1434//1556 1432//1556
f 1433//1557 1435//1557 1428//1557
f 1428//1558 1436//1558 1434//1558
f 1435//1559 1437//1559 1428//1559
f 1428//1560 1438//1560 1436//1560
f 1437//1561 1439//1561 1428//1561
f 1428//1562 1440//1562 1438//1562
f 1439//1563 1441//1563 1428//1563
f 1428//1564 1442//1564 1440//1564
f 1441//1565 1443//1565 1428//1565
f 1428//1566 1444//1566 1442//1566
f 1443//1567 1445//1567 1428//1567
f 1428//1568 1446//1568 1444//1568
f 1445//1569 1447//1569 1428//1569
f 1428//1570 1448//1570 1446//1570
f 1447//1571 1449//1571 1428//1571
f 1428//1572 1450//1572 1448//1572
f 1449//1573 1451//1573 1428//1573
f 1428//1574 1452//1574 1450//1574
f 1451//1575 1453//1575 1428//1575
f 1428//1576 1454//1576 1452//1576
f 1453//1577 1455//1577 1428//1577
f 1428//1578 1456//1578 1454//1578
f 1428//1579 1457//1579 1426//1579
f 1455//1580 1457//1580 1428//1580
f 1457//1581 1458//1581 1426//1581
f 1458//1582 1459//1582 1426//1582
f 1460//1583 1461//1583 1462//1583
f 1456//1584 1461//1584 1460//1584
f 1428//1585 1461//1585 1456//1585
f 1461//1586 1463//1586 1462//1586
f 1459//1587 1464//1587 1426//1587
f 1461//1588 1465//1588 1463//1588
f 1464//1589 1466//1589 1426//1589
f 1461//1590 1467//1590 1465//1590
f 1466//1591 1468//1591 1426//1591
f 1461//1592 1469//1592 1467//1592
f 1468//1593 1470//1593 1426//1593
f 1461//1594 1471//1594 1469//1594
f 1470//1595 1472//1595 1426//1595
f 1461//1596 1473//1596 1471//1596
f 1472//1597 1474//1597 1426//1597
f 1461//1598 1475//1598 1473//1598
f 1474//1599 1476//1599 1426//1599
f 1461//1600 1477//1600 1475//1600
f 1476//1601 1478//1601 1426//1601
f 1461//1602 1479//1602 1477//1602
f 1478//1603 1480//1603 1426//1603
f 1461//1604 1481//1604 1479//1604
f 1480//1605 1482//1605 1426//1605
f 1461//1606 1483//1606 1481//1606
f 1482//1607 1484//1607 1426//1607
f 1461//1608 1485//1608 1483//1608
f 1461//1609 1486//1609 1485//1609
f 1461//1610 1487//1610 1486//1610
f 1461//1611 1488//1611 1487//1611
f 1461//1612 1489//1612 1488//1612
f 1461//1613 1490//1613 1489//1613
f 1461//1614 1491//1614 1490//1614
f 1461//1615 1492//1615 1491//1615
f 1461//1616 1493//1616 1492//1616
f 1461//1617 1494//1617 1493//1617
f 1461//1618 1495//1618 1494//1618
f 1461//1619 1496//1619 1495//1619
f 1461//1620 1497//1620 1496//1620
f 1461//1621 1498//1621 1497//1621
f 1461//1622 1499//1622 1498//1622
f 1461//1623 1500//1623 1499//1623
f 1461//1624 1501//1624 1500//1624
f 1461//1625 1502//1625 1501//1625
f 1461//1626 1503//1626 1502//1626
f 1461//1627 1504//1627 1503//1627
f 1461//1628 1505//1628 1504//1628
f 1461//1629 1506//1629 1505//1629
f 1507//1630 1508//1630 1509//1630
f 1510//1631 1508//1631 1507//1631
f 1511//1632 1508//1632 1510//1632
f 1511//1633 1512//1633 1508//1633
f 1513//1634 1512//1634 1511//1634
f 1514//1635 1512//1635 1513//1635
f 1508//1636 1515//1636 1509//1636
f 1516//1637 1515//1637 1517//1637
f 1509//1638 1515//1638 1516//1638
f 1514//1639 1518//1639 1512//1639
f 1519//1640 1518//1640 1514//1640
f 1520//1641 1518//1641 1519//1641
f 1521//1642 1518//1642 1520//1642
f 1522//1643 1523//1643 1524//1643
f 1525//1644 1523//1644 1522//1644
f 1517//1645 1523//1645 1525//1645
f 1515//1646 1523//1646 1517//1646
f 1521//1647 1526//1647 1518//1647
f 1527//1648 1526//1648 1521//1648
f 1528//1649 1526//1649 1527//1649
f 1529//1650 1526//1650 1528//1650
f 1530//1651 1531//1651 1532//1651
f 1533//1652 1531//1652 1530//1652
f 1524//1653 1531//1653 1533//1653
f 1523//1654 1531//1654 1524//1654
f 1534//1655 1535//1655 1529//1655
f 1536//1656 1535//1656 1534//1656
f 1529//1657 1535//1657 1526//1657
f 1531//1658 1537//1658 1532//1658
f 1538//1659 1537//1659 1539//1659
f 1532//1660 1537//1660 1538//1660
f 1536//1661 1540//1661 1535//1661
f 1541//1662 1540//1662 1536//1662
f 1542//1663 1540//1663 1541//1663
f 1543//1664 1540//1664 1542//1664
f 1537//1665 1544//1665 1539//1665
f 1545//1666 1544//1666 1546//1666
f 1539//1667 1544//1667 1545//1667
f 1543//1668 1547//1668 1540//1668
f 1461//1669 1547//1669 1506//1669
f 1506//1670 1547//1670 1543//1670
f 1546//1671 1548//1671 1549//1671
f 1550//1672 1548//1672 1551//1672
f 1549//1673 1548//1673 1550//1673
f 1544//1674 1548//1674 1546//1674
f 1461//1675 1552//1675 1547//1675
f 1548//1676 1553//1676 1551//1676
f 1554//1677 1553//1677 1555//1677
f 1551//1678 1553//1678 1554//1678
f 1461//1679 1556//1679 1552//1679
f 1553//1680 1557//1680 1555//1680
f 1558//1681 1557//1681 1559//1681
f 1555//1682 1557//1682 1558//1682
f 1461//1683 1560//1683 1556//1683
f 1557//1684 1561//1684 1559//1684
f 1562//1685 1561//1685 1563//1685
f 1559//1686 1561//1686 1562//1686
f 1461//1687 1564//1687 1560//1687
f 1565//1688 1566//1688 1567//1688
f 1563//1689 1566//1689 1565//1689
f 1561//1690 1566//1690 1563//1690
f 1461//1691 1568//1691 1564//1691
f 1569//1692 1570//1692 1571//1692
f 1567//1693 1570//1693 1569//1693
f 1566//1694 1570//1694 1567//1694
f 1461//1695 1572//1695 1568//1695
f 1570//1696 1573//1696 1571//1696
f 1571//1697 1573//1697 1574//1697
f 1461//1698 1575//1698 1572//1698
f 1573//1699 1576//1699 1574//1699
f 1577//1700 1576//1700 1578//1700
f 1574//1701 1576//1701 1577//1701
f 1461//1702 1579//1702 1575//1702
f 1580//1703 1581//1703 1582//1703
f 1578//1704 1581//1704 1580//1704
f 1576//1705 1581//1705 1578//1705
f 1461//1706 1583//1706 1579//1706
f 1581//1707 1584//1707 1582//1707
f 1582//1708 1584//1708 1585//1708
f 1586//1709 1587//1709 1461//1709
f 1461//1710 1587//1710 1583//1710
f 1588//1711 1589//1711 1586//1711
f 1586//1712 1589//1712 1587//1712
f 1588//1713 1590//1713 1589//1713
f 1591//1714 1592//1714 1593//1714
f 1594//1715 1592//1715 1591//1715
f 1590//1716 1592//1716 1594//1716
f 1588//1717 1592//1717 1590//1717
f 1592//1718 1595//1718 1593//1718
f 1592//1719 1596//1719 1595//1719
f 1592//1720 1597//1720 1596//1720
f 1592//1721 1598//1721 1599//1721
f 1599//1722 1600//1722 1592//1722
f 1592//1723 1601//1723 1598//1723
f 1600//1724 1602//1724 1592//1724
f 1592//1725 1603//1725 1601//1725
f 1602//1726 1604//1726 1592//1726
f 1592//1727 1605//1727 1603//1727
f 1604//1728 1606//1728 1592//1728
f 1592//1729 1607//1729 1605//1729
f 1606//1730 1608//1730 1592//1730
f 1592//1731 1609//1731 1607//1731
f 1608//1732 1610//1732 1592//1732
f 1592//1733 1611//1733 1609//1733
f 1610//1734 1612//1734 1592//1734
f 1592//1735 1613//1735 1611//1735
f 1612//1736 1614//1736 1592//1736
f 1592//1737 1615//1737 1613//1737
f 1614//1738 1616//1738 1592//1738
f 1592//1739 1617//1739 1615//1739
f 1616//1740 1618//1740 1592//1740
f 1619//1741 1620//1741 1621//1741
f 1622//1742 1623//1742 1619//1742
f 1619//1743 1623//1743 1620//1743
f 1620//1744 1624//1744 1621//1744
f 1592//1745 1625//1745 1617//1745
f 1622//1746 1626//1746 1623//1746
f 1584//1747 1627//1747 1585//1747
f 1585//1748 1627//1748 1628//1748
f 1624//1749 1627//1749 1621//1749
f 1621//1750 1627//1750 1584//1750
f 1622//1751 1629//1751 1626//1751
f 1630//1752 1629//1752 1622//1752
f 1627//1753 1631//1753 1628//1753
f 1628//1754 1631//1754 1484//1754
f 1618//1755 1632//1755 1592//1755
f 1630//1756 1633//1756 1629//1756
f 1634//1757 1633//1757 1630//1757
f 1631//1758 1635//1758 1484//1758
f 1634//1759 1636//1759 1633//1759
f 1592//1760 1637//1760 1625//1760
f 1634//1761 1638//1761 1636//1761
f 1639//1762 1638//1762 1634//1762
f 1632//1763 1640//1763 1592//1763
f 1639//1764 1641//1764 1638//1764
f 1592//1765 1642//1765 1637//1765
f 1597//1766 1643//1766 1644//1766
f 1592//1767 1643//1767 1597//1767
f 1640//1768 1643//1768 1592//1768
f 1639//1769 1645//1769 1641//1769
f 1646//1770 1645//1770 1639//1770
f 1592//1771 1647//1771 1642//1771
f 1646//1772 1648//1772 1645//1772
f 1643//1773 1649//1773 1644//1773
f 1646//1774 1650//1774 1648//1774
f 1651//1775 1650//1775 1646//1775
f 1592//1776 1652//1776 1647//1776
f 1649//1777 1653//1777 1644//1777
f 1651//1778 1654//1778 1650//1778
f 1592//1779 1655//1779 1652//1779
f 1651//1780 1656//1780 1654//1780
f 1657//1781 1656//1781 1651//1781
f 1653//1782 1658//1782 1644//1782
f 1644//1783 1658//1783 1659//1783
f 1592//1784 1660//1784 1655//1784
f 1657//1785 1661//1785 1656//1785
f 1658//1786 1662//1786 1659//1786
f 1663//1787 1664//1787 1657//1787
f 1657//1788 1664//1788 1661//1788
f 1592//1789 1665//1789 1660//1789
f 1659//1790 1666//1790 1667//1790
f 1662//1791 1666//1791 1659//1791
f 1663//1792 1668//1792 1664//1792
f 1592//1793 1669//1793 1665//1793
f 1666//1794 1670//1794 1667//1794
f 1663//1795 1671//1795 1668//1795
f 1592//1796 1672//1796 1669//1796
f 1663//1797 1673//1797 1671//1797
f 1674//1798 1673//1798 1663//1798
f 1670//1799 1675//1799 1667//1799
f 1667//1800 1675//1800 1676//1800
f 1592//1801 1677//1801 1672//1801
f 1674//1802 1678//1802 1673//1802
f 1675//1803 1679//1803 1676//1803
f 1592//1804 1680//1804 1677//1804
f 1674//1805 1681//1805 1678//1805
f 1682//1806 1681//1806 1674//1806
f 1679//1807 1683//1807 1676//1807
f 1682//1808 1684//1808 1681//1808
f 1676//1809 1685//1809 1686//1809
f 1683//1810 1685//1810 1676//1810
f 1682//1811 1687//1811 1684//1811
f 1685//1812 1688//1812 1686//1812
f 1682//1813 1689//1813 1687//1813
f 1690//1814 1689//1814 1682//1814
f 1688//1815 1691//1815 1686//1815
f 1686//1816 1691//1816 1692//1816
f 1690//1817 1693//1817 1689//1817
f 1691//1818 1694//1818 1692//1818
f 1695//1819 95//1819 1635//1819
f 1696//1820 95//1820 1695//1820
f 1697//1821 95//1821 1696//1821
f 1698//1822 95//1822 1697//1822
f 1699//1823 95//1823 1698//1823
f 1700//1824 95//1824 1699//1824
f 1701//1825 95//1825 1700//1825
f 1702//1826 95//1826 1701//1826
f 1703//1827 95//1827 1702//1827
f 1704//1828 95//1828 1703//1828
f 1705//1829 95//1829 1704//1829
f 1706//1830 95//1830 1705//1830
f 1484//1831 95//1831 1426//1831
f 1707//1832 95//1832 1706//1832
f 1635//1833 95//1833 1484//1833
f 1707//1834 1708//1834 95//1834
f 1709//1835 1708//1835 1707//1835
f 1710//1836 1708//1836 1709//1836
f 1711//1837 1708//1837 1710//1837
f 1712//1838 1708//1838 1711//1838
f 1713//1839 1708//1839 1712//1839
f 1714//1840 1708//1840 1713//1840
f 1690//1841 1715//1841 1693//1841
f 1716//1842 1715//1842 1690//1842
f 1714//1843 1717//1843 1708//1843
f 1694//1844 1718//1844 1692//1844
f 1716//1845 1719//1845 1715//1845
f 1717//1846 1720//1846 1708//1846
f 1718//1847 1721//1847 1692//1847
f 1692//1848 1721//1848 1722//1848
f 1716//1849 1723//1849 1719//1849
f 1720//1850 1724//1850 1708//1850
f 1721//1851 1725//1851 1722//1851
f 1716//1852 1726//1852 1723//1852
f 1727//1853 1726//1853 1716//1853
f 1724//1854 1728//1854 1708//1854
f 1725//1855 1729//1855 1722//1855
f 1727//1856 1730//1856 1726//1856
f 1731//1857 1732//1857 1733//1857
f 1734//1858 1732//1858 1731//1858
f 1735//1859 1732//1859 1734//1859
f 1592//1860 1732//1860 1680//1860
f 1736//1861 1732//1861 1735//1861
f 1737//1862 1732//1862 1736//1862
f 1738//1863 1732//1863 1737//1863
f 1739//1864 1732//1864 1738//1864
f 1680//1865 1732//1865 1739//1865
f 1732//1866 1740//1866 1733//1866
f 1728//1867 1741//1867 1708//1867
f 1729//1868 1742//1868 1722//1868
f 1727//1869 1743//1869 1730//1869
f 1744//1870 1743//1870 1727//1870
f 1732//1871 1745//1871 1740//1871
f 1741//1872 1746//1872 1708//1872
f 1744//1873 1747//1873 1743//1873
f 1732//1874 1748//1874 1745//1874
f 1746//1875 1749//1875 1708//1875
f 1744//1876 1750//1876 1747//1876
f 1732//1877 1751//1877 1748//1877
f 1752//1878 1753//1878 1742//1878
f 1754//1879 1753//1879 1752//1879
f 1742//1880 1753//1880 1722//1880
f 1749//1881 1755//1881 1708//1881
f 1744//1882 1756//1882 1750//1882
f 1732//1883 1757//1883 1751//1883
f 1755//1884 1758//1884 1708//1884
f 1732//1885 1759//1885 1757//1885
f 1758//1886 1760//1886 1708//1886
f 1732//1887 1761//1887 1759//1887
f 1760//1888 1762//1888 1708//1888
f 1732//1889 1763//1889 1761//1889
f 1762//1890 1764//1890 1708//1890
f 1732//1891 1765//1891 1763//1891
f 1764//1892 1766//1892 1708//1892
f 1732//1893 1767//1893 1765//1893
f 1768//1894 1769//1894 1770//1894
f 1771//1895 1769//1895 1768//1895
f 1756//1896 1769//1896 1771//1896
f 1744//1897 1769//1897 1756//1897
f 1766//1898 1772//1898 1708//1898
f 1732//1899 1773//1899 1767//1899
f 1772//1900 1774//1900 1708//1900
f 1732//1901 1775//1901 1773//1901
f 1774//1902 1776//1902 1708//1902
f 1732//1903 1777//1903 1775//1903
f 1776//1904 1778//1904 1708//1904
f 1732//1905 1779//1905 1777//1905
f 1778//1906 1780//1906 1708//1906
f 1732//1907 1781//1907 1779//1907
f 1732//1908 1782//1908 1781//1908
f 1780//1909 1783//1909 1708//1909
f 1784//1910 1785//1910 1754//1910
f 1786//1911 1785//1911 1784//1911
f 1787//1912 1785//1912 1786//1912
f 1754//1913 1785//1913 1753//1913
f 1732//1914 1788//1914 1782//1914
f 1783//1915 1789//1915 1708//1915
f 1732//1916 1790//1916 1788//1916
f 1789//1917 1791//1917 1708//1917
f 1732//1918 1792//1918 1790//1918
f 1791//1919 1793//1919 1708//1919
f 1732//1920 1794//1920 1792//1920
f 1732//1921 1795//1921 1794//1921
f 1732//1922 1796//1922 1795//1922
f 1732//1923 1797//1923 1796//1923
f 1732//1924 1798//1924 1797//1924
f 1732//1925 1799//1925 1798//1925
f 1732//1926 1800//1926 1799//1926
f 1801//1927 1802//1927 1803//1927
f 1770//1928 1802//1928 1801//1928
f 1769//1929 1802//1929 1770//1929
f 1732//1930 1804//1930 1800//1930
f 1732//1931 1805//1931 1804//1931
f 1806//1932 1807//1932 1787//1932
f 1808//1933 1807//1933 1806//1933
f 1787//1934 1807//1934 1785//1934
f 1809//1935 1810//1935 1811//1935
f 1812//1936 1810//1936 1809//1936
f 1803//1937 1810//1937 1812//1937
f 1802//1938 1810//1938 1803//1938
f 1813//1939 1814//1939 1808//1939
f 1815//1940 1814//1940 1813//1940
f 1816//1941 1814//1941 1815//1941
f 1808//1942 1814//1942 1807//1942
f 1817//1943 1818//1943 1819//1943
f 1811//1944 1818//1944 1817//1944
f 1810//1945 1818//1945 1811//1945
f 1816//1946 1820//1946 1814//1946
f 1821//1947 1820//1947 1816//1947
f 1822//1948 1820//1948 1821//1948
f 1819//1949 1823//1949 1824//1949
f 1818//1950 1823//1950 1819//1950
f 1825//1951 1823//1951 1826//1951
f 1824//1952 1823//1952 1825//1952
f 1827//1953 1828//1953 1822//1953
f 1829//1954 1828//1954 1827//1954
f 1830//1955 1828//1955 1829//1955
f 1822//1956 1828//1956 1820//1956
f 1823//1957 1831//1957 1826//1957
f 1826//1958 1831//1958 1832//1958
f 1833//1959 1834//1959 1835//1959
f 1830//1960 1834//1960 1828//1960
f 1835//1961 1834//1961 1830//1961
f 1836//1962 1837//1962 1833//1962
f 1838//1963 1837//1963 1836//1963
f 1833//1964 1837//1964 1834//1964
f 1839//1965 1840//1965 1838//1965
f 1841//1966 1840//1966 1839//1966
f 1838//1967 1840//1967 1837//1967
f 1842//1968 1843//1968 1841//1968
f 1844//1969 1843//1969 1842//1969
f 1841//1970 1843//1970 1840//1970
f 1844//1971 1845//1971 1843//1971
f 1846//1972 1845//1972 1844//1972
f 1847//1973 1845//1973 1846//1973
f 1848//1974 1849//1974 1847//1974
f 1850//1975 1849//1975 1848//1975
f 1847//1976 1849//1976 1845//1976
f 1851//1977 1852//1977 1850//1977
f 1853//1978 1852//1978 1851//1978
f 1850//1979 1852//1979 1849//1979
f 1854//1980 1855//1980 1853//1980
f 1853//1981 1855//1981 1852//1981
f 1856//1982 1857//1982 1831//1982
f 1858//1983 1857//1983 1856//1983
f 1859//1984 1857//1984 1858//1984
f 1860//1985 1857//1985 1859//1985
f 1861//1986 1857//1986 1860//1986
f 1862//1987 1857//1987 1861//1987
f 1863//1988 1857//1988 1862//1988
f 1831//1989 1857//1989 1832//1989
f 1793//1990 1857//1990 1708//1990
f 1864//1991 1857//1991 1865//1991
f 1866//1992 1857//1992 1864//1992
f 1867//1993 1857//1993 1866//1993
f 1868//1994 1857//1994 1867//1994
f 1869//1995 1857//1995 1868//1995
f 1870//1996 1857//1996 1869//1996
f 1871//1997 1857//1997 1870//1997
f 1872//1998 1857//1998 1871//1998
f 1873//1999 1857//1999 1872//1999
f 1874//2000 1857//2000 1873//2000
f 1875//2001 1857//2001 1874//2001
f 1876//2002 1857//2002 1875//2002
f 1877//2003 1857//2003 1876//2003
f 1878//2004 1857//2004 1877//2004
f 1879//2005 1857//2005 1878//2005
f 1880//2006 1857//2006 1879//2006
f 1881//2007 1857//2007 1880//2007
f 1882//2008 1857//2008 1881//2008
f 1883//2009 1857//2009 1882//2009
f 1884//2010 1857//2010 1883//2010
f 1885//2011 1857//2011 1884//2011
f 1886//2012 1857//2012 1885//2012
f 1887//2013 1857//2013 1886//2013
f 1888//2014 1857//2014 1793//2014
f 1889//2015 1857//2015 1887//2015
f 1865//2016 1857//2016 1888//2016
f 1890//2017 1857//2017 1889//2017
f 1891//2018 1857//2018 1890//2018
f 1892//2019 1857//2019 1891//2019
f 1893//2020 1857//2020 1892//2020
f 1894//2021 1857//2021 1893//2021
f 1895//2022 1857//2022 1894//2022
f 1896//2023 1857//2023 1895//2023
f 1897//2024 1857//2024 1896//2024
f 1832//2025 1857//2025 1897//2025
f 1863//2026 1898//2026 1857//2026
f 1854//2027 1899//2027 1855//2027
f 1900//2028 1899//2028 1854//2028
f 1901//2029 1899//2029 1900//2029
f 1898//2030 1902//2030 1857//2030
f 1903//2031 1904//2031 1901//2031
f 1901//2032 1904//2032 1899//2032
f 1902//2033 1905//2033 1857//2033
f 1906//2034 85//2034 1905//2034
f 1905//2035 85//2035 1857//2035
f 1907//2036 1908//2036 1909//2036
f 1907//2037 1910//2037 1911//2037
f 1909//2038 1910//2038 1907//2038
f 1912//2039 1913//2039 1907//2039
f 1907//2040 1913//2040 1908//2040
f 1910//2041 1914//2041 1911//2041
f 1912//2042 1915//2042 1913//2042
f 1911//2043 1916//2043 1917//2043
f 1914//2044 1916//2044 1911//2044
f 1912//2045 1918//2045 1915//2045
f 1916//2046 1919//2046 1917//2046
f 1920//2047 1921//2047 1912//2047
f 1912//2048 1921//2048 1918//2048
f 1919//2049 1922//2049 1917//2049
f 1920//2050 1923//2050 1921//2050
f 1917//2051 1924//2051 1925//2051
f 1922//2052 1924//2052 1917//2052
f 1926//2053 1927//2053 1920//2053
f 1920//2054 1927//2054 1923//2054
f 1924//2055 1928//2055 1925//2055
f 1926//2056 1929//2056 1927//2056
f 1925//2057 1930//2057 1931//2057
f 1928//2058 1930//2058 1925//2058
f 1926//2059 1932//2059 1929//2059
f 1930//2060 1933//2060 1931//2060
f 1934//2061 1935//2061 1926//2061
f 1926//2062 1935//2062 1932//2062
f 1933//2063 1936//2063 1931//2063
f 1934//2064 1937//2064 1935//2064
f 1931//2065 1938//2065 1939//2065
f 1936//2066 1938//2066 1931//2066
f 1940//2067 1941//2067 1934//2067
f 1934//2068 1941//2068 1937//2068
f 1938//2069 1942//2069 1939//2069
f 1940//2070 1943//2070 1941//2070
f 1942//2071 1944//2071 1939//2071
f 1939//2072 1944//2072 1945//2072
f 1940//2073 1946//2073 1943//2073
f 1944//2074 1947//2074 1945//2074
f 1948//2075 1949//2075 1940//2075
f 1940//2076 1949//2076 1946//2076
f 1947//2077 1950//2077 1945//2077
f 1948//2078 1951//2078 1949//2078
f 1950//2079 1952//2079 1945//2079
f 1945//2080 1952//2080 1953//2080
f 1954//2081 1955//2081 1948//2081
f 1948//2082 1955//2082 1951//2082
f 1952//2083 1956//2083 1953//2083
f 1954//2084 1957//2084 1955//2084
f 1953//2085 1958//2085 1959//2085
f 1956//2086 1958//2086 1953//2086
f 1960//2087 1961//2087 1954//2087
f 1954//2088 1961//2088 1957//2088
f 1960//2089 1962//2089 1961//2089
f 1963//2090 1964//2090 1960//2090
f 1960//2091 1964//2091 1962//2091
f 1963//2092 1965//2092 1964//2092
f 1966//2093 1967//2093 1963//2093
f 1963//2094 1967//2094 1965//2094
f 1966//2095 1968//2095 1967//2095
f 1969//2096 1970//2096 1966//2096
f 1966//2097 1970//2097 1968//2097
f 1969//2098 1971//2098 1970//2098
f 1972//2099 1973//2099 1969//2099
f 1969//2100 1973//2100 1971//2100
f 1972//2101 1974//2101 1973//2101
f 1975//2102 1976//2102 1972//2102
f 1972//2103 1976//2103 1974//2103
f 1977//2104 1978//2104 1975//2104
f 1975//2105 1978//2105 1976//2105
f 1977//2106 1979//2106 1978//2106
f 1977//2107 1980//2107 1979//2107
f 1981//2108 1980//2108 1977//2108
f 1904//2109 1982//2109 1981//2109
f 1981//2110 1982//2110 1980//2110
f 1903//2111 1982//2111 1904//2111
f 1983//2112 1984//2112 1903//2112
f 1903//2113 1984//2113 1982//2113
f 1985//2114 1986//2114 1983//2114
f 1983//2115 1986//2115 1984//2115
f 1987//2116 1988//2116 1985//2116
f 1985//2117 1988//2117 1986//2117
f 1989//2118 1990//2118 1991//2118
f 1992//2119 1990//2119 1989//2119
f 1993//2120 1990//2120 1994//2120
f 1995//2121 1990//2121 1992//2121
f 1996//2122 1990//2122 1993//2122
f 1997//2123 1990//2123 1995//2123
f 1998//2124 1990//2124 1996//2124
f 1999//2125 1990//2125 1997//2125
f 2000//2126 1990//2126 1998//2126
f 2001//2127 1990//2127 1999//2127
f 2002//2128 1990//2128 2000//2128
f 2003//2129 1990//2129 2001//2129
f 2004//2130 1990//2130 2002//2130
f 2005//2131 1990//2131 2003//2131
f 2006//2132 1990//2132 2005//2132
f 2007//2133 1990//2133 2006//2133
f 2008//2134 1990//2134 2007//2134
f 2009//2135 1990//2135 2008//2135
f 2010//2136 1990//2136 2009//2136
f 2011//2137 1990//2137 2010//2137
f 2012//2138 1990//2138 2011//2138
f 2013//2139 1990//2139 2012//2139
f 2014//2140 1990//2140 2013//2140
f 2015//2141 1990//2141 2014//2141
f 2016//2142 1990//2142 2015//2142
f 2017//2143 1990//2143 2016//2143
f 2018//2144 1990//2144 2017//2144
f 2019//2145 1990//2145 2018//2145
f 2020//2146 1990//2146 2019//2146
f 2021//2147 1990//2147 2020//2147
f 2022//2148 1990//2148 2021//2148
f 1994//2149 1990//2149 2022//2149
f 1958//2150 1990//2150 1959//2150
f 2023//2151 1990//2151 2024//2151
f 2025//2152 1990//2152 2023//2152
f 2026//2153 1990//2153 2025//2153
f 2027//2154 1990//2154 2026//2154
f 2028//2155 1990//2155 2027//2155
f 1959//2156 1990//2156 2028//2156
f 2029//2157 1990//2157 1958//2157
f 2030//2158 1990//2158 2029//2158
f 1991//2159 1990//2159 2030//2159
f 1906//2160 83//2160 85//2160
f 1990//2161 83//2161 2024//2161
f 2024//2162 83//2162 1906//2162
f 2031//2163 2032//2163 2004//2163
f 2033//2164 2032//2164 2031//2164
f 2034//2165 2032//2165 2033//2165
f 2035//2166 2032//2166 2034//2166
f 2036//2167 2032//2167 2035//2167
f 2037//2168 2032//2168 2036//2168
f 2038//2169 2032//2169 2037//2169
f 2039//2170 2032//2170 2038//2170
f 2040//2171 2032//2171 2039//2171
f 2041//2172 2032//2172 2040//2172
f 2042//2173 2032//2173 2041//2173
f 2043//2174 2032//2174 2042//2174
f 2044//2175 2032//2175 2043//2175
f 2045//2176 2032//2176 2044//2176
f 2046//2177 2032//2177 2045//2177
f 2047//2178 2032//2178 2046//2178
f 2048//2179 2032//2179 2047//2179
f 2049//2180 2032//2180 2048//2180
f 2050//2181 2032//2181 2049//2181
f 2051//2182 2032//2182 2050//2182
f 2052//2183 2032//2183 2051//2183
f 2053//2184 2032//2184 2052//2184
f 2054//2185 2032//2185 2053//2185
f 2055//2186 2032//2186 2054//2186
f 2056//2187 2032//2187 2055//2187
f 2057//2188 2032//2188 2056//2188
f 2058//2189 2032//2189 2057//2189
f 2059//2190 2032//2190 2058//2190
f 2060//2191 2032//2191 2059//2191
f 2061//2192 2032//2192 2060//2192
f 2062//2193 2032//2193 2061//2193
f 2063//2194 2032//2194 2062//2194
f 2064//2195 2032//2195 2063//2195
f 2065//2196 2032//2196 2064//2196
f 2066//2197 2032//2197 2065//2197
f 2067//2198 2032//2198 2066//2198
f 2004//2199 2032//2199 1990//2199
f 1732//2200 2032//2200 1805//2200
f 1805//2201 2032//2201 1987//2201
f 1987//2202 2032//2202 2067//2202
f 1987//2203 2067//2203 1988//2203
f 99//2204 83//2204 1990//2204
f 29//2205 83//2205 99//2205
f 85//2206 100//2206 1857//2206
f 85//2207 30//2207 100//2207
f 89//2208 26//2208 94//2208
f 89//2209 94//2209 2068//2209
f 89//2210 2069//2210 87//2210
f 88//2211 2070//2211 2071//2211
f 88//2212 87//2212 2070//2212
f 24//2213 88//2213 2071//2213
f 24//2214 2071//2214 90//2214
f 90//2215 2072//2215 91//2215
f 100//2216 99//2216 2072//2216
f 2072//2217 99//2217 91//2217
f 741//2218 405//2218 262//2218
f 93//2219 135//2219 96//2219
f 92//2220 405//2220 741//2220
f 92//2221 741//2221 93//2221
f 2032//2222 91//2222 99//2222
f 1990//2223 2032//2223 99//2223
f 741//2224 135//2224 93//2224
f 2032//2225 405//2225 92//2225
f 2032//2226 92//2226 91//2226
f 96//2227 94//2227 93//2227
f 96//2228 95//2228 94//2228
f 95//2229 1708//2229 94//2229
f 2073//2230 134//2230 2074//2230
f 134//2231 136//2231 2074//2231
f 2074//2232 137//2232 2075//2232
f 136//2233 137//2233 2074//2233
f 2075//2234 139//2234 2076//2234
f 137//2235 139//2235 2075//2235
f 2076//2236 141//2236 2077//2236
f 139//2237 141//2237 2076//2237
f 2077//2238 143//2238 2078//2238
f 141//2239 143//2239 2077//2239
f 2078//2240 145//2240 2079//2240
f 143//2241 145//2241 2078//2241
f 2079//2242 147//2242 2080//2242
f 145//2243 147//2243 2079//2243
f 2080//2244 149//2244 2081//2244
f 147//2245 149//2245 2080//2245
f 2081//2246 151//2246 2082//2246
f 2082//2247 151//2247 2083//2247
f 149//2248 151//2248 2081//2248
f 151//2249 153//2249 2083//2249
f 153//2250 155//2250 2083//2250
f 2083//2251 155//2251 2084//2251
f 2084//2252 155//2252 2085//2252
f 155//2253 157//2253 2085//2253
f 157//2254 158//2254 2085//2254
f 2085//2255 158//2255 2086//2255
f 158//2256 159//2256 2086//2256
f 2086//2257 159//2257 2087//2257
f 159//2258 160//2258 2087//2258
f 2087//2259 160//2259 2088//2259
f 2088//2260 160//2260 2089//2260
f 160//2261 161//2261 2089//2261
f 161//2262 162//2262 2089//2262
f 2089//2263 162//2263 2090//2263
f 2090//2264 162//2264 2091//2264
f 162//2265 163//2265 2091//2265
f 2091//2266 163//2266 2092//2266
f 163//2267 164//2267 2092//2267
f 2092//2268 164//2268 2093//2268
f 164//2269 165//2269 2093//2269
f 165//2270 166//2270 2093//2270
f 2093//2271 166//2271 2094//2271
f 166//2272 167//2272 2094//2272
f 2094//2273 167//2273 2095//2273
f 2095//2274 168//2274 2096//2274
f 167//2275 168//2275 2095//2275
f 2096//2276 169//2276 2097//2276
f 168//2277 169//2277 2096//2277
f 2097//2278 170//2278 2098//2278
f 2098//2279 170//2279 2099//2279
f 169//2280 170//2280 2097//2280
f 2099//2281 171//2281 2100//2281
f 170//2282 171//2282 2099//2282
f 171//2283 172//2283 2100//2283
f 2100//2284 173//2284 2101//2284
f 172//2285 173//2285 2100//2285
f 2101//2286 174//2286 2102//2286
f 2102//2287 174//2287 2103//2287
f 173//2288 174//2288 2101//2288
f 2103//2289 175//2289 2104//2289
f 174//2290 175//2290 2103//2290
f 175//2291 176//2291 2104//2291
f 2104//2292 177//2292 2105//2292
f 2105//2293 177//2293 2106//2293
f 176//2294 177//2294 2104//2294
f 177//2295 178//2295 2106//2295
f 2106//2296 213//2296 2107//2296
f 178//2297 213//2297 2106//2297
f 2107//2298 214//2298 2108//2298
f 213//2299 214//2299 2107//2299
f 2108//2300 215//2300 2109//2300
f 214//2301 215//2301 2108//2301
f 215//2302 206//2302 2109//2302
f 2109//2303 206//2303 2110//2303
f 206//2304 207//2304 2110//2304
f 2110//2305 207//2305 2111//2305
f 207//2306 199//2306 2111//2306
f 2111//2307 199//2307 2112//2307
f 199//2308 200//2308 2112//2308
f 2112//2309 200//2309 2113//2309
f 200//2310 201//2310 2113//2310
f 2113//2311 201//2311 2114//2311
f 2114//2312 201//2312 2115//2312
f 201//2313 192//2313 2115//2313
f 2115//2314 192//2314 2116//2314
f 192//2315 193//2315 2116//2315
f 193//2316 185//2316 2116//2316
f 2116//2317 185//2317 2117//2317
f 2117//2318 185//2318 2118//2318
f 185//2319 186//2319 2118//2319
f 186//2320 187//2320 2118//2320
f 2118//2321 187//2321 2119//2321
f 2119//2322 187//2322 2120//2322
f 187//2323 179//2323 2120//2323
f 179//2324 181//2324 2120//2324
f 2120//2325 181//2325 2121//2325
f 2121//2326 181//2326 2122//2326
f 181//2327 182//2327 2122//2327
f 182//2328 183//2328 2122//2328
f 2122//2329 183//2329 2123//2329
f 2123//2330 183//2330 2124//2330
f 183//2331 189//2331 2124//2331
f 189//2332 190//2332 2124//2332
f 2124//2333 190//2333 2125//2333
f 190//2334 195//2334 2125//2334
f 2125//2335 195//2335 2126//2335
f 2126//2336 195//2336 2127//2336
f 195//2337 196//2337 2127//2337
f 2127//2338 196//2338 2128//2338
f 196//2339 197//2339 2128//2339
f 197//2340 203//2340 2128//2340
f 2128//2341 203//2341 2129//2341
f 2129//2342 203//2342 2130//2342
f 203//2343 204//2343 2130//2343
f 2130//2344 209//2344 2131//2344
f 2131//2345 209//2345 2132//2345
f 204//2346 209//2346 2130//2346
f 209//2347 210//2347 2132//2347
f 2132//2348 211//2348 2133//2348
f 210//2349 211//2349 2132//2349
f 2133//2350 217//2350 2134//2350
f 211//2351 217//2351 2133//2351
f 217//2352 218//2352 2134//2352
f 2134//2353 218//2353 2135//2353
f 2135//2354 218//2354 2136//2354
f 218//2355 221//2355 2136//2355
f 221//2356 222//2356 2136//2356
f 2136//2357 222//2357 2137//2357
f 222//2358 223//2358 2137//2358
f 2137//2359 223//2359 2138//2359
f 2138//2360 223//2360 2139//2360
f 223//2361 226//2361 2139//2361
f 226//2362 227//2362 2139//2362
f 2139//2363 227//2363 2140//2363
f 2140//2364 227//2364 2141//2364
f 227//2365 230//2365 2141//2365
f 230//2366 231//2366 2141//2366
f 2141//2367 231//2367 2142//2367
f 231//2368 234//2368 2142//2368
f 2142//2369 234//2369 2143//2369
f 234//2370 235//2370 2143//2370
f 2143//2371 235//2371 2144//2371
f 235//2372 238//2372 2144//2372
f 2144//2373 238//2373 2145//2373
f 238//2374 239//2374 2145//2374
f 2145//2375 239//2375 2146//2375
f 239//2376 242//2376 2146//2376
f 2146//2377 242//2377 2147//2377
f 2147//2378 243//2378 2148//2378
f 242//2379 243//2379 2147//2379
f 2148//2380 246//2380 2149//2380
f 243//2381 246//2381 2148//2381
f 2149//2382 249//2382 2150//2382
f 2150//2383 249//2383 2151//2383
f 246//2384 249//2384 2149//2384
f 249//2385 250//2385 2151//2385
f 2151//2386 253//2386 2152//2386
f 2152//2387 253//2387 2153//2387
f 250//2388 253//2388 2151//2388
f 253//2389 256//2389 2153//2389
f 2153//2390 257//2390 2154//2390
f 256//2391 257//2391 2153//2391
f 2154//2392 302//2392 2155//2392
f 2155//2393 302//2393 2156//2393
f 257//2394 302//2394 2154//2394
f 302//2395 156//2395 2156//2395
f 2156//2396 154//2396 2157//2396
f 156//2397 154//2397 2156//2397
f 2157//2398 152//2398 2158//2398
f 154//2399 152//2399 2157//2399
f 2158//2400 150//2400 2159//2400
f 2159//2401 150//2401 2160//2401
f 152//2402 150//2402 2158//2402
f 150//2403 148//2403 2160//2403
f 148//2404 146//2404 2160//2404
f 2160//2405 146//2405 2161//2405
f 146//2406 144//2406 2161//2406
f 2161//2407 144//2407 2162//2407
f 2162//2408 144//2408 2163//2408
f 144//2409 142//2409 2163//2409
f 142//2410 140//2410 2163//2410
f 2163//2411 140//2411 2164//2411
f 2164//2412 133//2412 2165//2412
f 2165//2413 133//2413 2166//2413
f 140//2414 133//2414 2164//2414
f 2166//2415 132//2415 2167//2415
f 133//2416 132//2416 2166//2416
f 2167//2417 131//2417 2168//2417
f 132//2418 131//2418 2167//2418
f 131//2419 130//2419 2168//2419
f 2168//2420 129//2420 2169//2420
f 130//2421 129//2421 2168//2421
f 2169//2422 127//2422 2170//2422
f 2170//2423 127//2423 2171//2423
f 129//2424 127//2424 2169//2424
f 127//2425 125//2425 2171//2425
f 2171//2426 123//2426 2172//2426
f 2172//2427 123//2427 2173//2427
f 125//2428 123//2428 2171//2428
f 123//2429 121//2429 2173//2429
f 2173//2430 119//2430 2174//2430
f 121//2431 119//2431 2173//2431
f 2174//2432 117//2432 2175//2432
f 119//2433 117//2433 2174//2433
f 2175//2434 115//2434 2176//2434
f 117//2435 115//2435 2175//2435
f 2176//2436 113//2436 2177//2436
f 115//2437 113//2437 2176//2437
f 2177//2438 111//2438 2178//2438
f 113//2439 111//2439 2177//2439
f 2178//2440 109//2440 2179//2440
f 111//2441 109//2441 2178//2441
f 2179//2442 107//2442 2180//2442
f 2180//2443 107//2443 2181//2443
f 109//2444 107//2444 2179//2444
f 107//2445 105//2445 2181//2445
f 2181//2446 103//2446 2182//2446
f 105//2447 103//2447 2181//2447
f 2182//2448 102//2448 2183//2448
f 103//2449 102//2449 2182//2449
f 2183//2450 101//2450 2184//2450
f 102//2451 101//2451 2183//2451
f 101//2452 104//2452 2184//2452
f 2184//2453 104//2453 2185//2453
f 104//2454 106//2454 2185//2454
f 2185//2455 106//2455 2186//2455
f 2186//2456 106//2456 2187//2456
f 106//2457 108//2457 2187//2457
f 108//2458 110//2458 2187//2458
f 2187//2459 110//2459 2188//2459
f 110//2460 112//2460 2188//2460
f 2188//2461 112//2461 2189//2461
f 112//2462 114//2462 2189//2462
f 2189//2463 114//2463 2190//2463
f 2190//2464 114//2464 2191//2464
f 114//2465 116//2465 2191//2465
f 116//2466 118//2466 2191//2466
f 2191//2467 118//2467 2192//2467
f 118//2468 120//2468 2192//2468
f 2192//2469 120//2469 2193//2469
f 120//2470 122//2470 2193//2470
f 2193//2471 122//2471 2194//2471
f 122//2472 124//2472 2194//2472
f 2194//2473 124//2473 2195//2473
f 124//2474 126//2474 2195//2474
f 2195//2475 126//2475 2196//2475
f 2196//2476 128//2476 2197//2476
f 126//2477 128//2477 2196//2477
f 128//2478 138//2478 2197//2478
f 2197//2479 138//2479 2198//2479
f 2198//2480 134//2480 2073//2480
f 138//2481 134//2481 2198//2481
f 2199//2482 258//2482 2200//2482
f 258//2483 260//2483 2200//2483
f 2200//2484 261//2484 2201//2484
f 260//2485 261//2485 2200//2485
f 2201//2486 263//2486 2202//2486
f 261//2487 263//2487 2201//2487
f 2202//2488 264//2488 2203//2488
f 263//2489 264//2489 2202//2489
f 2203//2490 265//2490 2204//2490
f 264//2491 265//2491 2203//2491
f 2204//2492 266//2492 2205//2492
f 265//2493 266//2493 2204//2493
f 2205//2494 267//2494 2206//2494
f 2206//2495 267//2495 2207//2495
f 266//2496 267//2496 2205//2496
f 267//2497 268//2497 2207//2497
f 2207//2498 314//2498 2208//2498
f 268//2499 314//2499 2207//2499
f 2208//2500 324//2500 2209//2500
f 314//2501 324//2501 2208//2501
f 324//2502 337//2502 2209//2502
f 2209//2503 337//2503 2210//2503
f 337//2504 344//2504 2210//2504
f 2210//2505 344//2505 2211//2505
f 344//2506 356//2506 2211//2506
f 2211//2507 356//2507 2212//2507
f 356//2508 362//2508 2212//2508
f 2212//2509 362//2509 2213//2509
f 362//2510 391//2510 2213//2510
f 2213//2511 391//2511 2214//2511
f 391//2512 419//2512 2214//2512
f 2214//2513 419//2513 2215//2513
f 419//2514 451//2514 2215//2514
f 2215//2515 451//2515 2216//2515
f 451//2516 477//2516 2216//2516
f 2216//2517 477//2517 2217//2517
f 477//2518 483//2518 2217//2518
f 2217//2519 483//2519 2218//2519
f 483//2520 490//2520 2218//2520
f 2218//2521 490//2521 2219//2521
f 490//2522 497//2522 2219//2522
f 2219//2523 497//2523 2220//2523
f 497//2524 503//2524 2220//2524
f 2220//2525 503//2525 2221//2525
f 2221//2526 506//2526 2222//2526
f 503//2527 506//2527 2221//2527
f 2222//2528 509//2528 2223//2528
f 506//2529 509//2529 2222//2529
f 2223//2530 512//2530 2224//2530
f 509//2531 512//2531 2223//2531
f 2224//2532 516//2532 2225//2532
f 512//2533 516//2533 2224//2533
f 2225//2534 518//2534 2226//2534
f 516//2535 518//2535 2225//2535
f 2226//2536 521//2536 2227//2536
f 518//2537 521//2537 2226//2537
f 2227//2538 524//2538 2228//2538
f 521//2539 524//2539 2227//2539
f 2228//2540 571//2540 2229//2540
f 524//2541 571//2541 2228//2541
f 2229//2542 574//2542 2230//2542
f 2230//2543 574//2543 2231//2543
f 571//2544 574//2544 2229//2544
f 2231//2545 577//2545 2232//2545
f 574//2546 577//2546 2231//2546
f 577//2547 651//2547 2232//2547
f 2232//2548 649//2548 2233//2548
f 2233//2549 649//2549 2234//2549
f 651//2550 649//2550 2232//2550
f 649//2551 646//2551 2234//2551
f 646//2552 643//2552 2234//2552
f 2234//2553 643//2553 2235//2553
f 643//2554 639//2554 2235//2554
f 2235//2555 639//2555 2236//2555
f 639//2556 636//2556 2236//2556
f 2236//2557 636//2557 2237//2557
f 2237//2558 636//2558 2238//2558
f 636//2559 633//2559 2238//2559
f 633//2560 627//2560 2238//2560
f 2238//2561 627//2561 2239//2561
f 2239//2562 627//2562 2240//2562
f 627//2563 621//2563 2240//2563
f 621//2564 613//2564 2240//2564
f 2240//2565 613//2565 2241//2565
f 613//2566 607//2566 2241//2566
f 2241//2567 607//2567 2242//2567
f 607//2568 599//2568 2242//2568
f 2242//2569 599//2569 2243//2569
f 599//2570 593//2570 2243//2570
f 2243//2571 593//2571 2244//2571
f 593//2572 585//2572 2244//2572
f 2244//2573 585//2573 2245//2573
f 585//2574 580//2574 2245//2574
f 2245//2575 580//2575 2246//2575
f 580//2576 582//2576 2246//2576
f 2246//2577 582//2577 2247//2577
f 582//2578 590//2578 2247//2578
f 2247//2579 590//2579 2248//2579
f 590//2580 598//2580 2248//2580
f 2248//2581 598//2581 2249//2581
f 598//2582 604//2582 2249//2582
f 2249//2583 604//2583 2250//2583
f 604//2584 612//2584 2250//2584
f 2250//2585 612//2585 2251//2585
f 612//2586 618//2586 2251//2586
f 2251//2587 618//2587 2252//2587
f 618//2588 624//2588 2252//2588
f 2252//2589 624//2589 2253//2589
f 624//2590 632//2590 2253//2590
f 2253//2591 632//2591 2254//2591
f 632//2592 662//2592 2254//2592
f 2254//2593 662//2593 2255//2593
f 662//2594 663//2594 2255//2594
f 2255//2595 663//2595 2256//2595
f 2256//2596 664//2596 2257//2596
f 663//2597 664//2597 2256//2597
f 2257//2598 665//2598 2258//2598
f 664//2599 665//2599 2257//2599
f 2258//2600 666//2600 2259//2600
f 2259//2601 666//2601 2260//2601
f 665//2602 666//2602 2258//2602
f 666//2603 667//2603 2260//2603
f 667//2604 578//2604 2260//2604
f 2260//2605 578//2605 2261//2605
f 578//2606 576//2606 2261//2606
f 2261//2607 576//2607 2262//2607
f 576//2608 573//2608 2262//2608
f 2262//2609 573//2609 2263//2609
f 573//2610 569//2610 2263//2610
f 2263//2611 569//2611 2264//2611
f 569//2612 562//2612 2264//2612
f 2264//2613 562//2613 2265//2613
f 562//2614 563//2614 2265//2614
f 2265//2615 563//2615 2266//2615
f 563//2616 564//2616 2266//2616
f 2266//2617 564//2617 2267//2617
f 564//2618 565//2618 2267//2618
f 2267//2619 565//2619 2268//2619
f 565//2620 566//2620 2268//2620
f 2268//2621 566//2621 2269//2621
f 2269//2622 566//2622 2270//2622
f 566//2623 567//2623 2270//2623
f 2270//2624 567//2624 2271//2624
f 567//2625 568//2625 2271//2625
f 568//2626 501//2626 2271//2626
f 2271//2627 501//2627 2272//2627
f 501//2628 493//2628 2272//2628
f 2272//2629 493//2629 2273//2629
f 2273//2630 487//2630 2274//2630
f 493//2631 487//2631 2273//2631
f 2274//2632 479//2632 2275//2632
f 487//2633 479//2633 2274//2633
f 2275//2634 469//2634 2276//2634
f 2276//2635 469//2635 2277//2635
f 479//2636 469//2636 2275//2636
f 469//2637 436//2637 2277//2637
f 2277//2638 402//2638 2278//2638
f 2278//2639 402//2639 2279//2639
f 436//2640 402//2640 2277//2640
f 402//2641 396//2641 2279//2641
f 2279//2642 366//2642 2280//2642
f 396//2643 366//2643 2279//2643
f 2280//2644 357//2644 2281//2644
f 366//2645 357//2645 2280//2645
f 2281//2646 353//2646 2282//2646
f 357//2647 353//2647 2281//2647
f 2282//2648 345//2648 2283//2648
f 353//2649 345//2649 2282//2649
f 2283//2650 335//2650 2284//2650
f 2284//2651 335//2651 2285//2651
f 345//2652 335//2652 2283//2652
f 335//2653 328//2653 2285//2653
f 2285//2654 322//2654 2286//2654
f 328//2655 322//2655 2285//2655
f 322//2656 315//2656 2286//2656
f 2286//2657 315//2657 2287//2657
f 315//2658 309//2658 2287//2658
f 2287//2659 309//2659 2288//2659
f 309//2660 305//2660 2288//2660
f 2288//2661 305//2661 2289//2661
f 305//2662 299//2662 2289//2662
f 2289//2663 299//2663 2290//2663
f 2290//2664 291//2664 2291//2664
f 299//2665 291//2665 2290//2665
f 2291//2666 293//2666 2292//2666
f 291//2667 293//2667 2291//2667
f 2292//2668 259//2668 2293//2668
f 293//2669 259//2669 2292//2669
f 2293//2670 255//2670 2294//2670
f 259//2671 255//2671 2293//2671
f 2294//2672 252//2672 2295//2672
f 255//2673 252//2673 2294//2673
f 2295//2674 248//2674 2296//2674
f 2296//2675 248//2675 2297//2675
f 252//2676 248//2676 2295//2676
f 248//2677 245//2677 2297//2677
f 2297//2678 241//2678 2298//2678
f 245//2679 241//2679 2297//2679
f 2298//2680 237//2680 2299//2680
f 241//2681 237//2681 2298//2681
f 2299//2682 233//2682 2300//2682
f 237//2683 233//2683 2299//2683
f 2300//2684 229//2684 2301//2684
f 233//2685 229//2685 2300//2685
f 2301//2686 225//2686 2302//2686
f 229//2687 225//2687 2301//2687
f 2302//2688 220//2688 2303//2688
f 225//2689 220//2689 2302//2689
f 2303//2690 216//2690 2304//2690
f 220//2691 216//2691 2303//2691
f 2304//2692 208//2692 2305//2692
f 216//2693 208//2693 2304//2693
f 2305//2694 202//2694 2306//2694
f 2306//2695 202//2695 2307//2695
f 208//2696 202//2696 2305//2696
f 202//2697 194//2697 2307//2697
f 2307//2698 188//2698 2308//2698
f 194//2699 188//2699 2307//2699
f 2308//2700 180//2700 2309//2700
f 2309//2701 180//2701 2310//2701
f 188//2702 180//2702 2308//2702
f 180//2703 184//2703 2310//2703
f 2310//2704 191//2704 2311//2704
f 184//2705 191//2705 2310//2705
f 191//2706 198//2706 2311//2706
f 2311//2707 198//2707 2312//2707
f 2312//2708 198//2708 2313//2708
f 198//2709 205//2709 2313//2709
f 205//2710 212//2710 2313//2710
f 2313//2711 212//2711 2314//2711
f 212//2712 219//2712 2314//2712
f 2314//2713 219//2713 2315//2713
f 219//2714 224//2714 2315//2714
f 2315//2715 224//2715 2316//2715
f 224//2716 228//2716 2316//2716
f 2316//2717 228//2717 2317//2717
f 228//2718 232//2718 2317//2718
f 2317//2719 232//2719 2318//2719
f 232//2720 236//2720 2318//2720
f 2318//2721 236//2721 2319//2721
f 236//2722 240//2722 2319//2722
f 2319//2723 240//2723 2320//2723
f 240//2724 244//2724 2320//2724
f 2320//2725 244//2725 2321//2725
f 2321//2726 244//2726 2322//2726
f 244//2727 247//2727 2322//2727
f 247//2728 251//2728 2322//2728
f 2322//2729 251//2729 2323//2729
f 2323//2730 254//2730 2324//2730
f 251//2731 254//2731 2323//2731
f 2324//2732 258//2732 2199//2732
f 254//2733 258//2733 2324//2733
f 2325//2734 341//2734 2326//2734
f 341//2735 346//2735 2326//2735
f 2326//2736 349//2736 2327//2736
f 346//2737 349//2737 2326//2737
f 2327//2738 352//2738 2328//2738
f 349//2739 352//2739 2327//2739
f 2328//2740 354//2740 2329//2740
f 352//2741 354//2741 2328//2741
f 2329//2742 358//2742 2330//2742
f 354//2743 358//2743 2329//2743
f 2330//2744 360//2744 2331//2744
f 358//2745 360//2745 2330//2745
f 2331//2746 363//2746 2332//2746
f 360//2747 363//2747 2331//2747
f 2332//2748 365//2748 2333//2748
f 363//2749 365//2749 2332//2749
f 2333//2750 368//2750 2334//2750
f 365//2751 368//2751 2333//2751
f 2334//2752 393//2752 2335//2752
f 368//2753 393//2753 2334//2753
f 393//2754 397//2754 2335//2754
f 2335//2755 397//2755 2336//2755
f 397//2756 400//2756 2336//2756
f 2336//2757 400//2757 2337//2757
f 400//2758 403//2758 2337//2758
f 2337//2759 403//2759 2338//2759
f 403//2760 416//2760 2338//2760
f 2338//2761 416//2761 2339//2761
f 416//2762 423//2762 2339//2762
f 2339//2763 423//2763 2340//2763
f 423//2764 427//2764 2340//2764
f 2340//2765 427//2765 2341//2765
f 427//2766 437//2766 2341//2766
f 2341//2767 437//2767 2342//2767
f 437//2768 438//2768 2342//2768
f 2342//2769 438//2769 2343//2769
f 438//2770 470//2770 2343//2770
f 2343//2771 470//2771 2344//2771
f 470//2772 471//2772 2344//2772
f 2344//2773 471//2773 2345//2773
f 471//2774 472//2774 2345//2774
f 2345//2775 472//2775 2346//2775
f 472//2776 480//2776 2346//2776
f 2346//2777 480//2777 2347//2777
f 2347//2778 481//2778 2348//2778
f 480//2779 481//2779 2347//2779
f 2348//2780 482//2780 2349//2780
f 481//2781 482//2781 2348//2781
f 2349//2782 488//2782 2350//2782
f 482//2783 488//2783 2349//2783
f 2350//2784 489//2784 2351//2784
f 488//2785 489//2785 2350//2785
f 2351//2786 494//2786 2352//2786
f 489//2787 494//2787 2351//2787
f 2352//2788 495//2788 2353//2788
f 494//2789 495//2789 2352//2789
f 2353//2790 496//2790 2354//2790
f 495//2791 496//2791 2353//2791
f 2354//2792 502//2792 2355//2792
f 496//2793 502//2793 2354//2793
f 2355//2794 554//2794 2356//2794
f 502//2795 554//2795 2355//2795
f 2356//2796 555//2796 2357//2796
f 2357//2797 555//2797 2358//2797
f 554//2798 555//2798 2356//2798
f 555//2799 556//2799 2358//2799
f 2358//2800 557//2800 2359//2800
f 556//2801 557//2801 2358//2801
f 2359//2802 558//2802 2360//2802
f 2360//2803 558//2803 2361//2803
f 557//2804 558//2804 2359//2804
f 558//2805 559//2805 2361//2805
f 559//2806 560//2806 2361//2806
f 2361//2807 560//2807 2362//2807
f 560//2808 561//2808 2362//2808
f 2362//2809 561//2809 2363//2809
f 561//2810 527//2810 2363//2810
f 2363//2811 527//2811 2364//2811
f 2364//2812 527//2812 2365//2812
f 527//2813 528//2813 2365//2813
f 528//2814 529//2814 2365//2814
f 2365//2815 529//2815 2366//2815
f 529//2816 530//2816 2366//2816
f 2366//2817 530//2817 2367//2817
f 530//2818 531//2818 2367//2818
f 2367//2819 531//2819 2368//2819
f 531//2820 532//2820 2368//2820
f 2368//2821 532//2821 2369//2821
f 532//2822 533//2822 2369//2822
f 2369//2823 533//2823 2370//2823
f 533//2824 534//2824 2370//2824
f 2370//2825 534//2825 2371//2825
f 534//2826 535//2826 2371//2826
f 2371//2827 535//2827 2372//2827
f 535//2828 536//2828 2372//2828
f 2372//2829 536//2829 2373//2829
f 536//2830 537//2830 2373//2830
f 2373//2831 537//2831 2374//2831
f 537//2832 538//2832 2374//2832
f 2374//2833 538//2833 2375//2833
f 538//2834 539//2834 2375//2834
f 2375//2835 539//2835 2376//2835
f 539//2836 540//2836 2376//2836
f 2376//2837 540//2837 2377//2837
f 540//2838 541//2838 2377//2838
f 2377//2839 541//2839 2378//2839
f 541//2840 542//2840 2378//2840
f 2378//2841 542//2841 2379//2841
f 542//2842 543//2842 2379//2842
f 2379//2843 543//2843 2380//2843
f 543//2844 544//2844 2380//2844
f 2380//2845 544//2845 2381//2845
f 544//2846 545//2846 2381//2846
f 2381//2847 545//2847 2382//2847
f 2382//2848 546//2848 2383//2848
f 545//2849 546//2849 2382//2849
f 2383//2850 547//2850 2384//2850
f 546//2851 547//2851 2383//2851
f 2384//2852 548//2852 2385//2852
f 547//2853 548//2853 2384//2853
f 2385//2854 549//2854 2386//2854
f 548//2855 549//2855 2385//2855
f 549//2856 550//2856 2386//2856
f 2386//2857 550//2857 2387//2857
f 550//2858 551//2858 2387//2858
f 2387//2859 551//2859 2388//2859
f 551//2860 552//2860 2388//2860
f 2388//2861 552//2861 2389//2861
f 552//2862 462//2862 2389//2862
f 2389//2863 462//2863 2390//2863
f 462//2864 460//2864 2390//2864
f 2390//2865 460//2865 2391//2865
f 2391//2866 460//2866 2392//2866
f 460//2867 458//2867 2392//2867
f 2392//2868 458//2868 2393//2868
f 458//2869 456//2869 2393//2869
f 456//2870 450//2870 2393//2870
f 2393//2871 450//2871 2394//2871
f 450//2872 447//2872 2394//2872
f 2394//2873 447//2873 2395//2873
f 2395//2874 447//2874 2396//2874
f 447//2875 445//2875 2396//2875
f 445//2876 443//2876 2396//2876
f 2396//2877 443//2877 2397//2877
f 443//2878 441//2878 2397//2878
f 2397//2879 441//2879 2398//2879
f 441//2880 439//2880 2398//2880
f 2398//2881 439//2881 2399//2881
f 2399//2882 434//2882 2400//2882
f 2400//2883 434//2883 2401//2883
f 439//2884 434//2884 2399//2884
f 434//2885 432//2885 2401//2885
f 2401//2886 430//2886 2402//2886
f 432//2887 430//2887 2401//2887
f 2402//2888 428//2888 2403//2888
f 2403//2889 428//2889 2404//2889
f 430//2890 428//2890 2402//2890
f 428//2891 425//2891 2404//2891
f 2404//2892 418//2892 2405//2892
f 425//2893 418//2893 2404//2893
f 2405//2894 404//2894 2406//2894
f 418//2895 404//2895 2405//2895
f 2406//2896 401//2896 2407//2896
f 404//2897 401//2897 2406//2897
f 2407//2898 399//2898 2408//2898
f 401//2899 399//2899 2407//2899
f 2408//2900 395//2900 2409//2900
f 2409//2901 395//2901 2410//2901
f 399//2902 395//2902 2408//2902
f 2410//2903 392//2903 2411//2903
f 395//2904 392//2904 2410//2904
f 392//2905 369//2905 2411//2905
f 2411//2906 371//2906 2412//2906
f 369//2907 371//2907 2411//2907
f 371//2908 372//2908 2412//2908
f 2412//2909 372//2909 2413//2909
f 372//2910 373//2910 2413//2910
f 2413//2911 373//2911 2414//2911
f 373//2912 374//2912 2414//2912
f 2414//2913 374//2913 2415//2913
f 374//2914 375//2914 2415//2914
f 2415//2915 375//2915 2416//2915
f 2416//2916 376//2916 2417//2916
f 375//2917 376//2917 2416//2917
f 2417//2918 377//2918 2418//2918
f 376//2919 377//2919 2417//2919
f 2418//2920 378//2920 2419//2920
f 377//2921 378//2921 2418//2921
f 2419//2922 379//2922 2420//2922
f 2420//2923 379//2923 2421//2923
f 378//2924 379//2924 2419//2924
f 379//2925 380//2925 2421//2925
f 2421//2926 381//2926 2422//2926
f 380//2927 381//2927 2421//2927
f 2422//2928 382//2928 2423//2928
f 2423//2929 382//2929 2424//2929
f 381//2930 382//2930 2422//2930
f 382//2931 383//2931 2424//2931
f 2424//2932 384//2932 2425//2932
f 383//2933 384//2933 2424//2933
f 2425//2934 385//2934 2426//2934
f 384//2935 385//2935 2425//2935
f 2426//2936 386//2936 2427//2936
f 2427//2937 386//2937 2428//2937
f 385//2938 386//2938 2426//2938
f 386//2939 387//2939 2428//2939
f 2428//2940 388//2940 2429//2940
f 387//2941 388//2941 2428//2941
f 2429//2942 389//2942 2430//2942
f 388//2943 389//2943 2429//2943
f 2430//2944 306//2944 2431//2944
f 2431//2945 306//2945 2432//2945
f 389//2946 306//2946 2430//2946
f 306//2947 301//2947 2432//2947
f 2432//2948 298//2948 2433//2948
f 301//2949 298//2949 2432//2949
f 2433//2950 296//2950 2434//2950
f 298//2951 296//2951 2433//2951
f 2434//2952 294//2952 2435//2952
f 296//2953 294//2953 2434//2953
f 2435//2954 292//2954 2436//2954
f 2436//2955 292//2955 2437//2955
f 294//2956 292//2956 2435//2956
f 2437//2957 297//2957 2438//2957
f 292//2958 297//2958 2437//2958
f 297//2959 300//2959 2438//2959
f 2438//2960 304//2960 2439//2960
f 300//2961 304//2961 2438//2961
f 304//2962 307//2962 2439//2962
f 2439//2963 307//2963 2440//2963
f 2440//2964 307//2964 2441//2964
f 307//2965 310//2965 2441//2965
f 2441//2966 310//2966 2442//2966
f 310//2967 312//2967 2442//2967
f 312//2968 316//2968 2442//2968
f 2442//2969 316//2969 2443//2969
f 2443//2970 316//2970 2444//2970
f 316//2971 319//2971 2444//2971
f 2444//2972 319//2972 2445//2972
f 319//2973 321//2973 2445//2973
f 321//2974 325//2974 2445//2974
f 2445//2975 325//2975 2446//2975
f 2446//2976 325//2976 2447//2976
f 325//2977 329//2977 2447//2977
f 329//2978 331//2978 2447//2978
f 2447//2979 331//2979 2448//2979
f 331//2980 334//2980 2448//2980
f 2448//2981 334//2981 2449//2981
f 2449//2982 339//2982 2450//2982
f 334//2983 339//2983 2449//2983
f 2450//2984 341//2984 2325//2984
f 339//2985 341//2985 2450//2985
f 2451//2986 326//2986 2452//2986
f 326//2987 330//2987 2452//2987
f 2452//2988 333//2988 2453//2988
f 330//2989 333//2989 2452//2989
f 2453//2990 338//2990 2454//2990
f 333//2991 338//2991 2453//2991
f 2454//2992 342//2992 2455//2992
f 338//2993 342//2993 2454//2993
f 2455//2994 347//2994 2456//2994
f 342//2995 347//2995 2455//2995
f 2456//2996 350//2996 2457//2996
f 2457//2997 350//2997 2458//2997
f 347//2998 350//2998 2456//2998
f 350//2999 406//2999 2458//2999
f 2458//3000 407//3000 2459//3000
f 406//3001 407//3001 2458//3001
f 2459//3002 408//3002 2460//3002
f 407//3003 408//3003 2459//3003
f 2460//3004 409//3004 2461//3004
f 408//3005 409//3005 2460//3005
f 409//3006 410//3006 2461//3006
f 2461//3007 410//3007 2462//3007
f 410//3008 411//3008 2462//3008
f 2462//3009 411//3009 2463//3009
f 411//3010 412//3010 2463//3010
f 2463//3011 412//3011 2464//3011
f 2464//3012 412//3012 2465//3012
f 412//3013 413//3013 2465//3013
f 413//3014 414//3014 2465//3014
f 2465//3015 414//3015 2466//3015
f 2466//3016 414//3016 2467//3016
f 414//3017 415//3017 2467//3017
f 415//3018 417//3018 2467//3018
f 2467//3019 417//3019 2468//3019
f 417//3020 424//3020 2468//3020
f 2468//3021 424//3021 2469//3021
f 424//3022 426//3022 2469//3022
f 2469//3023 426//3023 2470//3023
f 426//3024 429//3024 2470//3024
f 2470//3025 429//3025 2471//3025
f 429//3026 431//3026 2471//3026
f 2471//3027 431//3027 2472//3027
f 431//3028 433//3028 2472//3028
f 2472//3029 433//3029 2473//3029
f 2473//3030 435//3030 2474//3030
f 433//3031 435//3031 2473//3031
f 2474//3032 440//3032 2475//3032
f 435//3033 440//3033 2474//3033
f 2475//3034 442//3034 2476//3034
f 440//3035 442//3035 2475//3035
f 2476//3036 444//3036 2477//3036
f 442//3037 444//3037 2476//3037
f 2477//3038 446//3038 2478//3038
f 444//3039 446//3039 2477//3039
f 2478//3040 448//3040 2479//3040
f 446//3041 448//3041 2478//3041
f 2479//3042 449//3042 2480//3042
f 448//3043 449//3043 2479//3043
f 2480//3044 455//3044 2481//3044
f 449//3045 455//3045 2480//3045
f 2481//3046 457//3046 2482//3046
f 455//3047 457//3047 2481//3047
f 2482//3048 459//3048 2483//3048
f 457//3049 459//3049 2482//3049
f 2483//3050 461//3050 2484//3050
f 459//3051 461//3051 2483//3051
f 2484//3052 463//3052 2485//3052
f 461//3053 463//3053 2484//3053
f 2485//3054 464//3054 2486//3054
f 463//3055 464//3055 2485//3055
f 2486//3056 465//3056 2487//3056
f 464//3057 465//3057 2486//3057
f 465//3058 466//3058 2487//3058
f 2487//3059 466//3059 2488//3059
f 466//3060 467//3060 2488//3060
f 2488//3061 467//3061 2489//3061
f 467//3062 468//3062 2489//3062
f 2489//3063 468//3063 2490//3063
f 468//3064 473//3064 2490//3064
f 2490//3065 473//3065 2491//3065
f 473//3066 474//3066 2491//3066
f 2491//3067 474//3067 2492//3067
f 474//3068 475//3068 2492//3068
f 2492//3069 475//3069 2493//3069
f 2493//3070 475//3070 2494//3070
f 475//3071 658//3071 2494//3071
f 658//3072 656//3072 2494//3072
f 2494//3073 656//3073 2495//3073
f 656//3074 655//3074 2495//3074
f 2495//3075 655//3075 2496//3075
f 655//3076 575//3076 2496//3076
f 2496//3077 575//3077 2497//3077
f 575//3078 570//3078 2497//3078
f 2497//3079 570//3079 2498//3079
f 570//3080 572//3080 2498//3080
f 2498//3081 572//3081 2499//3081
f 572//3082 525//3082 2499//3082
f 2499//3083 525//3083 2500//3083
f 525//3084 522//3084 2500//3084
f 2500//3085 522//3085 2501//3085
f 522//3086 523//3086 2501//3086
f 2501//3087 523//3087 2502//3087
f 523//3088 519//3088 2502//3088
f 2502//3089 519//3089 2503//3089
f 519//3090 520//3090 2503//3090
f 2503//3091 520//3091 2504//3091
f 520//3092 515//3092 2504//3092
f 2504//3093 515//3093 2505//3093
f 515//3094 517//3094 2505//3094
f 2505//3095 517//3095 2506//3095
f 2506//3096 517//3096 2507//3096
f 517//3097 513//3097 2507//3097
f 513//3098 514//3098 2507//3098
f 2507//3099 514//3099 2508//3099
f 2508//3100 510//3100 2509//3100
f 2509//3101 510//3101 2510//3101
f 514//3102 510//3102 2508//3102
f 510//3103 511//3103 2510//3103
f 2510//3104 507//3104 2511//3104
f 511//3105 507//3105 2510//3105
f 2511//3106 508//3106 2512//3106
f 2512//3107 508//3107 2513//3107
f 507//3108 508//3108 2511//3108
f 508//3109 504//3109 2513//3109
f 504//3110 505//3110 2513//3110
f 2513//3111 505//3111 2514//3111
f 2514//3112 505//3112 2515//3112
f 505//3113 498//3113 2515//3113
f 498//3114 499//3114 2515//3114
f 2515//3115 499//3115 2516//3115
f 2516//3116 499//3116 2517//3116
f 499//3117 500//3117 2517//3117
f 500//3118 491//3118 2517//3118
f 2517//3119 491//3119 2518//3119
f 2518//3120 491//3120 2519//3120
f 491//3121 492//3121 2519//3121
f 2519//3122 492//3122 2520//3122
f 492//3123 484//3123 2520//3123
f 484//3124 485//3124 2520//3124
f 2520//3125 485//3125 2521//3125
f 485//3126 486//3126 2521//3126
f 2521//3127 486//3127 2522//3127
f 2522//3128 486//3128 2523//3128
f 486//3129 476//3129 2523//3129
f 476//3130 478//3130 2523//3130
f 2523//3131 478//3131 2524//3131
f 478//3132 452//3132 2524//3132
f 2524//3133 452//3133 2525//3133
f 2525//3134 453//3134 2526//3134
f 2526//3135 453//3135 2527//3135
f 452//3136 453//3136 2525//3136
f 453//3137 454//3137 2527//3137
f 2527//3138 420//3138 2528//3138
f 454//3139 420//3139 2527//3139
f 2528//3140 421//3140 2529//3140
f 2529//3141 421//3141 2530//3141
f 420//3142 421//3142 2528//3142
f 421//3143 422//3143 2530//3143
f 2530//3144 398//3144 2531//3144
f 422//3145 398//3145 2530//3145
f 2531//3146 394//3146 2532//3146
f 398//3147 394//3147 2531//3147
f 2532//3148 390//3148 2533//3148
f 2533//3149 390//3149 2534//3149
f 394//3150 390//3150 2532//3150
f 2534//3151 367//3151 2535//3151
f 390//3152 367//3152 2534//3152
f 2535//3153 364//3153 2536//3153
f 367//3154 364//3154 2535//3154
f 364//3155 361//3155 2536//3155
f 2536//3156 359//3156 2537//3156
f 361//3157 359//3157 2536//3157
f 2537//3158 355//3158 2538//3158
f 359//3159 355//3159 2537//3159
f 355//3160 351//3160 2538//3160
f 2538//3161 351//3161 2539//3161
f 351//3162 348//3162 2539//3162
f 2539//3163 348//3163 2540//3163
f 348//3164 343//3164 2540//3164
f 2540//3165 343//3165 2541//3165
f 343//3166 340//3166 2541//3166
f 2541//3167 340//3167 2542//3167
f 2542//3168 336//3168 2543//3168
f 340//3169 336//3169 2542//3169
f 2543//3170 332//3170 2544//3170
f 336//3171 332//3171 2543//3171
f 2544//3172 327//3172 2545//3172
f 332//3173 327//3173 2544//3173
f 2545//3174 323//3174 2546//3174
f 327//3175 323//3175 2545//3175
f 2546//3176 318//3176 2547//3176
f 323//3177 318//3177 2546//3177
f 2547//3178 313//3178 2548//3178
f 318//3179 313//3179 2547//3179
f 2548//3180 308//3180 2549//3180
f 313//3181 308//3181 2548//3181
f 2549//3182 295//3182 2550//3182
f 308//3183 295//3183 2549//3183
f 2550//3184 289//3184 2551//3184
f 295//3185 289//3185 2550//3185
f 2551//3186 287//3186 2552//3186
f 289//3187 287//3187 2551//3187
f 2552//3188 285//3188 2553//3188
f 287//3189 285//3189 2552//3189
f 2553//3190 283//3190 2554//3190
f 285//3191 283//3191 2553//3191
f 2554//3192 281//3192 2555//3192
f 2555//3193 281//3193 2556//3193
f 283//3194 281//3194 2554//3194
f 281//3195 279//3195 2556//3195
f 2556//3196 277//3196 2557//3196
f 279//3197 277//3197 2556//3197
f 2557//3198 275//3198 2558//3198
f 277//3199 275//3199 2557//3199
f 2558//3200 273//3200 2559//3200
f 275//3201 273//3201 2558//3201
f 2559//3202 271//3202 2560//3202
f 2560//3203 271//3203 2561//3203
f 273//3204 271//3204 2559//3204
f 271//3205 270//3205 2561//3205
f 2561//3206 269//3206 2562//3206
f 270//3207 269//3207 2561//3207
f 2562//3208 272//3208 2563//3208
f 269//3209 272//3209 2562//3209
f 272//3210 274//3210 2563//3210
f 2563//3211 274//3211 2564//3211
f 274//3212 276//3212 2564//3212
f 2564//3213 276//3213 2565//3213
f 276//3214 278//3214 2565//3214
f 2565//3215 278//3215 2566//3215
f 278//3216 280//3216 2566//3216
f 2566//3217 280//3217 2567//3217
f 2567//3218 280//3218 2568//3218
f 280//3219 282//3219 2568//3219
f 282//3220 284//3220 2568//3220
f 2568//3221 284//3221 2569//3221
f 2569//3222 284//3222 2570//3222
f 284//3223 286//3223 2570//3223
f 286//3224 288//3224 2570//3224
f 2570//3225 288//3225 2571//3225
f 2571//3226 288//3226 2572//3226
f 288//3227 290//3227 2572//3227
f 290//3228 303//3228 2572//3228
f 2572//3229 303//3229 2573//3229
f 2573//3230 303//3230 2574//3230
f 303//3231 311//3231 2574//3231
f 2574//3232 311//3232 2575//3232
f 311//3233 317//3233 2575//3233
f 2575//3234 320//3234 2576//3234
f 317//3235 320//3235 2575//3235
f 2576//3236 326//3236 2451//3236
f 320//3237 326//3237 2576//3237
f 2577//3238 625//3238 2578//3238
f 625//3239 628//3239 2578//3239
f 2578//3240 630//3240 2579//3240
f 628//3241 630//3241 2578//3241
f 2579//3242 634//3242 2580//3242
f 630//3243 634//3243 2579//3243
f 2580//3244 635//3244 2581//3244
f 2581//3245 635//3245 2582//3245
f 634//3246 635//3246 2580//3246
f 635//3247 637//3247 2582//3247
f 2582//3248 638//3248 2583//3248
f 637//3249 638//3249 2582//3249
f 2583//3250 640//3250 2584//3250
f 638//3251 640//3251 2583//3251
f 2584//3252 641//3252 2585//3252
f 2585//3253 641//3253 2586//3253
f 640//3254 641//3254 2584//3254
f 641//3255 642//3255 2586//3255
f 2586//3256 644//3256 2587//3256
f 642//3257 644//3257 2586//3257
f 644//3258 645//3258 2587//3258
f 2587//3259 645//3259 2588//3259
f 645//3260 647//3260 2588//3260
f 2588//3261 647//3261 2589//3261
f 647//3262 648//3262 2589//3262
f 2589//3263 648//3263 2590//3263
f 648//3264 650//3264 2590//3264
f 2590//3265 650//3265 2591//3265
f 650//3266 652//3266 2591//3266
f 2591//3267 652//3267 2592//3267
f 2592//3268 652//3268 2593//3268
f 652//3269 653//3269 2593//3269
f 653//3270 654//3270 2593//3270
f 2593//3271 654//3271 2594//3271
f 654//3272 657//3272 2594//3272
f 2594//3273 657//3273 2595//3273
f 657//3274 659//3274 2595//3274
f 2595//3275 659//3275 2596//3275
f 659//3276 660//3276 2596//3276
f 2596//3277 660//3277 2597//3277
f 660//3278 704//3278 2597//3278
f 2597//3279 704//3279 2598//3279
f 704//3280 706//3280 2598//3280
f 2598//3281 706//3281 2599//3281
f 2599//3282 707//3282 2600//3282
f 706//3283 707//3283 2599//3283
f 2600//3284 708//3284 2601//3284
f 707//3285 708//3285 2600//3285
f 2601//3286 709//3286 2602//3286
f 708//3287 709//3287 2601//3287
f 2602//3288 710//3288 2603//3288
f 709//3289 710//3289 2602//3289
f 2603//3290 711//3290 2604//3290
f 710//3291 711//3291 2603//3291
f 2604//3292 712//3292 2605//3292
f 711//3293 712//3293 2604//3293
f 2605//3294 713//3294 2606//3294
f 2606//3295 713//3295 2607//3295
f 712//3296 713//3296 2605//3296
f 713//3297 714//3297 2607//3297
f 2607//3298 715//3298 2608//3298
f 714//3299 715//3299 2607//3299
f 2608//3300 716//3300 2609//3300
f 2609//3301 716//3301 2610//3301
f 715//3302 716//3302 2608//3302
f 716//3303 717//3303 2610//3303
f 2610//3304 718//3304 2611//3304
f 2611//3305 718//3305 2612//3305
f 717//3306 718//3306 2610//3306
f 718//3307 719//3307 2612//3307
f 719//3308 720//3308 2612//3308
f 2612//3309 720//3309 2613//3309
f 2613//3310 720//3310 2614//3310
f 720//3311 721//3311 2614//3311
f 2614//3312 721//3312 2615//3312
f 721//3313 722//3313 2615//3313
f 722//3314 723//3314 2615//3314
f 2615//3315 723//3315 2616//3315
f 2616//3316 723//3316 2617//3316
f 723//3317 724//3317 2617//3317
f 724//3318 725//3318 2617//3318
f 2617//3319 725//3319 2618//3319
f 725//3320 726//3320 2618//3320
f 2618//3321 726//3321 2619//3321
f 2619//3322 726//3322 2620//3322
f 726//3323 727//3323 2620//3323
f 727//3324 728//3324 2620//3324
f 2620//3325 728//3325 2621//3325
f 728//3326 729//3326 2621//3326
f 2621//3327 729//3327 2622//3327
f 729//3328 730//3328 2622//3328
f 2622//3329 730//3329 2623//3329
f 730//3330 731//3330 2623//3330
f 2623//3331 731//3331 2624//3331
f 731//3332 732//3332 2624//3332
f 2624//3333 732//3333 2625//3333
f 732//3334 733//3334 2625//3334
f 2625//3335 733//3335 2626//3335
f 733//3336 734//3336 2626//3336
f 2626//3337 734//3337 2627//3337
f 734//3338 735//3338 2627//3338
f 2627//3339 735//3339 2628//3339
f 735//3340 736//3340 2628//3340
f 2628//3341 736//3341 2629//3341
f 736//3342 737//3342 2629//3342
f 2629//3343 737//3343 2630//3343
f 2630//3344 737//3344 2631//3344
f 737//3345 738//3345 2631//3345
f 738//3346 739//3346 2631//3346
f 2631//3347 739//3347 2632//3347
f 739//3348 740//3348 2632//3348
f 2632//3349 740//3349 2633//3349
f 740//3350 668//3350 2633//3350
f 2633//3351 668//3351 2634//3351
f 2634//3352 668//3352 2635//3352
f 668//3353 669//3353 2635//3353
f 2635//3354 670//3354 2636//3354
f 2636//3355 670//3355 2637//3355
f 669//3356 670//3356 2635//3356
f 2637//3357 671//3357 2638//3357
f 670//3358 671//3358 2637//3358
f 671//3359 672//3359 2638//3359
f 672//3360 673//3360 2638//3360
f 2638//3361 673//3361 2639//3361
f 2639//3362 673//3362 2640//3362
f 673//3363 674//3363 2640//3363
f 2640//3364 674//3364 2641//3364
f 674//3365 675//3365 2641//3365
f 675//3366 676//3366 2641//3366
f 2641//3367 676//3367 2642//3367
f 676//3368 677//3368 2642//3368
f 2642//3369 677//3369 2643//3369
f 2643//3370 677//3370 2644//3370
f 677//3371 678//3371 2644//3371
f 678//3372 679//3372 2644//3372
f 2644//3373 679//3373 2645//3373
f 2645//3374 679//3374 2646//3374
f 679//3375 680//3375 2646//3375
f 2646//3376 680//3376 2647//3376
f 680//3377 681//3377 2647//3377
f 681//3378 682//3378 2647//3378
f 2647//3379 682//3379 2648//3379
f 2648//3380 682//3380 2649//3380
f 682//3381 683//3381 2649//3381
f 683//3382 684//3382 2649//3382
f 2649//3383 684//3383 2650//3383
f 2651//3384 685//3384 2652//3384
f 684//3385 685//3385 2650//3385
f 2650//3386 685//3386 2651//3386
f 2652//3387 686//3387 2653//3387
f 685//3388 686//3388 2652//3388
f 686//3389 687//3389 2653//3389
f 2653//3390 688//3390 2654//3390
f 2654//3391 688//3391 2655//3391
f 687//3392 688//3392 2653//3392
f 2655//3393 689//3393 2656//3393
f 688//3394 689//3394 2655//3394
f 689//3395 690//3395 2656//3395
f 2656//3396 691//3396 2657//3396
f 690//3397 691//3397 2656//3397
f 2657//3398 692//3398 2658//3398
f 691//3399 692//3399 2657//3399
f 2658//3400 693//3400 2659//3400
f 692//3401 693//3401 2658//3401
f 2659//3402 694//3402 2660//3402
f 2660//3403 694//3403 2661//3403
f 693//3404 694//3404 2659//3404
f 694//3405 695//3405 2661//3405
f 2661//3406 696//3406 2662//3406
f 695//3407 696//3407 2661//3407
f 2662//3408 697//3408 2663//3408
f 2663//3409 697//3409 2664//3409
f 696//3410 697//3410 2662//3410
f 697//3411 698//3411 2664//3411
f 698//3412 699//3412 2664//3412
f 2664//3413 699//3413 2665//3413
f 699//3414 700//3414 2665//3414
f 2665//3415 700//3415 2666//3415
f 2666//3416 700//3416 2667//3416
f 2667//3417 701//3417 2668//3417
f 700//3418 701//3418 2667//3418
f 701//3419 702//3419 2668//3419
f 2668//3420 631//3420 2669//3420
f 702//3421 631//3421 2668//3421
f 2669//3422 629//3422 2670//3422
f 631//3423 629//3423 2669//3423
f 2670//3424 626//3424 2671//3424
f 629//3425 626//3425 2670//3425
f 2671//3426 623//3426 2672//3426
f 626//3427 623//3427 2671//3427
f 2672//3428 620//3428 2673//3428
f 623//3429 620//3429 2672//3429
f 2673//3430 617//3430 2674//3430
f 620//3431 617//3431 2673//3431
f 2674//3432 615//3432 2675//3432
f 617//3433 615//3433 2674//3433
f 2675//3434 611//3434 2676//3434
f 615//3435 611//3435 2675//3435
f 2676//3436 609//3436 2677//3436
f 611//3437 609//3437 2676//3437
f 2677//3438 606//3438 2678//3438
f 2678//3439 606//3439 2679//3439
f 609//3440 606//3440 2677//3440
f 606//3441 603//3441 2679//3441
f 2679//3442 603//3442 2680//3442
f 603//3443 601//3443 2680//3443
f 2680//3444 597//3444 2681//3444
f 601//3445 597//3445 2680//3445
f 2681//3446 595//3446 2682//3446
f 597//3447 595//3447 2681//3447
f 2682//3448 592//3448 2683//3448
f 595//3449 592//3449 2682//3449
f 2683//3450 589//3450 2684//3450
f 2684//3451 589//3451 2685//3451
f 592//3452 589//3452 2683//3452
f 2685//3453 587//3453 2686//3453
f 589//3454 587//3454 2685//3454
f 587//3455 584//3455 2686//3455
f 2686//3456 581//3456 2687//3456
f 2687//3457 581//3457 2688//3457
f 584//3458 581//3458 2686//3458
f 581//3459 583//3459 2688//3459
f 2688//3460 583//3460 2689//3460
f 583//3461 586//3461 2689//3461
f 586//3462 588//3462 2689//3462
f 2689//3463 588//3463 2690//3463
f 2690//3464 588//3464 2691//3464
f 588//3465 591//3465 2691//3465
f 2691//3466 591//3466 2692//3466
f 591//3467 594//3467 2692//3467
f 594//3468 596//3468 2692//3468
f 2692//3469 596//3469 2693//3469
f 2693//3470 596//3470 2694//3470
f 596//3471 600//3471 2694//3471
f 600//3472 602//3472 2694//3472
f 2694//3473 602//3473 2695//3473
f 602//3474 605//3474 2695//3474
f 2695//3475 605//3475 2696//3475
f 2696//3476 605//3476 2697//3476
f 605//3477 608//3477 2697//3477
f 608//3478 610//3478 2697//3478
f 2697//3479 610//3479 2698//3479
f 610//3480 614//3480 2698//3480
f 2698//3481 614//3481 2699//3481
f 2699//3482 614//3482 2700//3482
f 614//3483 616//3483 2700//3483
f 2700//3484 619//3484 2701//3484
f 616//3485 619//3485 2700//3485
f 2701//3486 622//3486 2702//3486
f 619//3487 622//3487 2701//3487
f 2702//3488 625//3488 2577//3488
f 622//3489 625//3489 2702//3489
f 705//3490 745//3490 748//3490
f 745//3491 746//3491 748//3491
f 746//3492 749//3492 748//3492
f 748//3493 750//3493 705//3493
f 745//3494 405//3494 747//3494
f 705//3495 405//3495 745//3495
f 747//3496 751//3496 746//3496
f 405//3497 751//3497 747//3497
f 746//3498 753//3498 749//3498
f 751//3499 753//3499 746//3499
f 749//3500 755//3500 750//3500
f 753//3501 755//3501 749//3501
f 755//3502 754//3502 750//3502
f 754//3503 757//3503 750//3503
f 750//3504 760//3504 705//3504
f 757//3505 760//3505 750//3505
f 755//3506 752//3506 756//3506
f 405//3507 752//3507 751//3507
f 753//3508 752//3508 755//3508
f 756//3509 759//3509 754//3509
f 754//3510 759//3510 757//3510
f 757//3511 758//3511 760//3511
f 758//3512 761//3512 760//3512
f 760//3513 762//3513 705//3513
f 759//3514 765//3514 758//3514
f 756//3515 765//3515 759//3515
f 752//3516 765//3516 756//3516
f 405//3517 765//3517 752//3517
f 765//3518 764//3518 758//3518
f 758//3519 764//3519 761//3519
f 761//3520 767//3520 762//3520
f 764//3521 767//3521 761//3521
f 767//3522 766//3522 762//3522
f 762//3523 772//3523 705//3523
f 762//3524 770//3524 772//3524
f 766//3525 770//3525 762//3525
f 764//3526 763//3526 767//3526
f 767//3527 763//3527 768//3527
f 766//3528 771//3528 770//3528
f 768//3529 771//3529 766//3529
f 770//3530 769//3530 772//3530
f 769//3531 773//3531 772//3531
f 763//3532 779//3532 768//3532
f 768//3533 779//3533 771//3533
f 771//3534 779//3534 769//3534
f 769//3535 778//3535 773//3535
f 779//3536 778//3536 769//3536
f 773//3537 776//3537 774//3537
f 778//3538 776//3538 773//3538
f 776//3539 775//3539 774//3539
f 775//3540 782//3540 774//3540
f 774//3541 782//3541 785//3541
f 778//3542 780//3542 776//3542
f 776//3543 780//3543 777//3543
f 775//3544 783//3544 782//3544
f 777//3545 783//3545 775//3545
f 782//3546 781//3546 785//3546
f 781//3547 786//3547 785//3547
f 772//3548 1732//3548 705//3548
f 774//3549 1732//3549 772//3549
f 784//3550 1732//3550 785//3550
f 785//3551 1732//3551 774//3551
f 783//3552 790//3552 781//3552
f 780//3553 790//3553 777//3553
f 777//3554 790//3554 783//3554
f 781//3555 792//3555 786//3555
f 790//3556 792//3556 781//3556
f 786//3557 787//3557 784//3557
f 792//3558 787//3558 786//3558
f 784//3559 789//3559 1732//3559
f 787//3560 789//3560 784//3560
f 787//3561 791//3561 788//3561
f 792//3562 791//3562 787//3562
f 780//3563 2032//3563 790//3563
f 789//3564 2032//3564 1732//3564
f 788//3565 2032//3565 789//3565
f 790//3566 2032//3566 791//3566
f 791//3567 2032//3567 788//3567
f 405//3568 2032//3568 780//3568
f 405//3569 780//3569 779//3569
f 405//3570 779//3570 763//3570
f 405//3571 763//3571 765//3571
f 661//3572 2703//3572 703//3572
f 703//3573 2703//3573 2704//3573
f 579//3574 2705//3574 553//3574
f 579//3575 2706//3575 2705//3575
f 2705//3576 526//3576 553//3576
f 743//3577 742//3577 1339//3577
f 1339//3578 742//3578 1381//3578
f 703//3579 744//3579 2707//3579
f 2704//3580 744//3580 703//3580
f 2708//3581 2709//3581 2710//3581
f 2708//3582 2711//3582 2709//3582
f 2712//3583 2711//3583 2708//3583
f 742//3584 2709//3584 2711//3584
f 1588//3585 742//3585 2711//3585
f 1381//3586 742//3586 1588//3586
f 742//3587 744//3587 2709//3587
f 2709//3588 744//3588 2713//3588
f 2713//3589 744//3589 2704//3589
f 744//3590 2714//3590 2707//3590
f 2707//3591 2714//3591 2715//3591
f 944//3592 949//3592 1905//3592
f 1905//3593 949//3593 1906//3593
f 1906//3594 948//3594 2024//3594
f 949//3595 948//3595 1906//3595
f 2024//3596 954//3596 2023//3596
f 948//3597 954//3597 2024//3597
f 2023//3598 957//3598 2025//3598
f 2025//3599 957//3599 2026//3599
f 954//3600 957//3600 2023//3600
f 957//3601 962//3601 2026//3601
f 2026//3602 967//3602 2027//3602
f 2027//3603 967//3603 2028//3603
f 962//3604 967//3604 2026//3604
f 967//3605 972//3605 2028//3605
f 2028//3606 981//3606 1959//3606
f 972//3607 981//3607 2028//3607
f 1959//3608 1005//3608 1953//3608
f 981//3609 1005//3609 1959//3609
f 1953//3610 1018//3610 1945//3610
f 1005//3611 1018//3611 1953//3611
f 1018//3612 1031//3612 1945//3612
f 1945//3613 1031//3613 1939//3613
f 1939//3614 1031//3614 1931//3614
f 1031//3615 1038//3615 1931//3615
f 1931//3616 1038//3616 1925//3616
f 1038//3617 1051//3617 1925//3617
f 1051//3618 1059//3618 1925//3618
f 1925//3619 1059//3619 1917//3619
f 1917//3620 1059//3620 1911//3620
f 1059//3621 1070//3621 1911//3621
f 1070//3622 1085//3622 1911//3622
f 1911//3623 1085//3623 1907//3623
f 1907//3624 1085//3624 1912//3624
f 1085//3625 1106//3625 1912//3625
f 1106//3626 1124//3626 1912//3626
f 1912//3627 1124//3627 1920//3627
f 1124//3628 1131//3628 1920//3628
f 1920//3629 1131//3629 1926//3629
f 1131//3630 1190//3630 1926//3630
f 1926//3631 1190//3631 1934//3631
f 1190//3632 1197//3632 1934//3632
f 1934//3633 1197//3633 1940//3633
f 1197//3634 1204//3634 1940//3634
f 1940//3635 1204//3635 1948//3635
f 1948//3636 1204//3636 1954//3636
f 1204//3637 1210//3637 1954//3637
f 1954//3638 1216//3638 1960//3638
f 1960//3639 1216//3639 1963//3639
f 1210//3640 1216//3640 1954//3640
f 1963//3641 1222//3641 1966//3641
f 1216//3642 1222//3642 1963//3642
f 1222//3643 1228//3643 1966//3643
f 1966//3644 1234//3644 1969//3644
f 1228//3645 1234//3645 1966//3645
f 1969//3646 1240//3646 1972//3646
f 1234//3647 1240//3647 1969//3647
f 1972//3648 1246//3648 1975//3648
f 1240//3649 1246//3649 1972//3649
f 1975//3650 1250//3650 1977//3650
f 1977//3651 1250//3651 1981//3651
f 1246//3652 1250//3652 1975//3652
f 1250//3653 1253//3653 1981//3653
f 1981//3654 1255//3654 1904//3654
f 1253//3655 1255//3655 1981//3655
f 1904//3656 1327//3656 1899//3656
f 1899//3657 1327//3657 1855//3657
f 1255//3658 1327//3658 1904//3658
f 1327//3659 1325//3659 1855//3659
f 1855//3660 1322//3660 1852//3660
f 1325//3661 1322//3661 1855//3661
f 1852//3662 1319//3662 1849//3662
f 1322//3663 1319//3663 1852//3663
f 1319//3664 1316//3664 1849//3664
f 1849//3665 1316//3665 1845//3665
f 1316//3666 1313//3666 1845//3666
f 1845//3667 1313//3667 1843//3667
f 1313//3668 1310//3668 1843//3668
f 1843//3669 1310//3669 1840//3669
f 1310//3670 1304//3670 1840//3670
f 1840//3671 1304//3671 1837//3671
f 1304//3672 1298//3672 1837//3672
f 1837//3673 1298//3673 1834//3673
f 1298//3674 1290//3674 1834//3674
f 1834//3675 1290//3675 1828//3675
f 1290//3676 1284//3676 1828//3676
f 1828//3677 1284//3677 1820//3677
f 1820//3678 1284//3678 1814//3678
f 1284//3679 1276//3679 1814//3679
f 1276//3680 1270//3680 1814//3680
f 1814//3681 1270//3681 1807//3681
f 1270//3682 1262//3682 1807//3682
f 1807//3683 1262//3683 1785//3683
f 1262//3684 1258//3684 1785//3684
f 1785//3685 1258//3685 1753//3685
f 1258//3686 1257//3686 1753//3686
f 1753//3687 1257//3687 1722//3687
f 1257//3688 1266//3688 1722//3688
f 1722//3689 1266//3689 1692//3689
f 1266//3690 1274//3690 1692//3690
f 1692//3691 1274//3691 1686//3691
f 1686//3692 1274//3692 1676//3692
f 1274//3693 1280//3693 1676//3693
f 1280//3694 1288//3694 1676//3694
f 1676//3695 1288//3695 1667//3695
f 1667//3696 1288//3696 1659//3696
f 1288//3697 1294//3697 1659//3697
f 1294//3698 1300//3698 1659//3698
f 1659//3699 1300//3699 1644//3699
f 1300//3700 1308//3700 1644//3700
f 1644//3701 1308//3701 1597//3701
f 1308//3702 1365//3702 1597//3702
f 1597//3703 1365//3703 1596//3703
f 1365//3704 1367//3704 1596//3704
f 1596//3705 1367//3705 1595//3705
f 1595//3706 1369//3706 1593//3706
f 1367//3707 1369//3707 1595//3707
f 1593//3708 1372//3708 1591//3708
f 1369//3709 1372//3709 1593//3709
f 1591//3710 1374//3710 1594//3710
f 1594//3711 1374//3711 1590//3711
f 1372//3712 1374//3712 1591//3712
f 1374//3713 1376//3713 1590//3713
f 1376//3714 1386//3714 1590//3714
f 1590//3715 1386//3715 1589//3715
f 1386//3716 1387//3716 1589//3716
f 1589//3717 1387//3717 1587//3717
f 1387//3718 1388//3718 1587//3718
f 1587//3719 1388//3719 1583//3719
f 1583//3720 1388//3720 1579//3720
f 1388//3721 1248//3721 1579//3721
f 1579//3722 1248//3722 1575//3722
f 1248//3723 1243//3723 1575//3723
f 1243//3724 1237//3724 1575//3724
f 1575//3725 1237//3725 1572//3725
f 1572//3726 1237//3726 1568//3726
f 1237//3727 1231//3727 1568//3727
f 1231//3728 1225//3728 1568//3728
f 1568//3729 1225//3729 1564//3729
f 1225//3730 1219//3730 1564//3730
f 1564//3731 1219//3731 1560//3731
f 1219//3732 1213//3732 1560//3732
f 1560//3733 1213//3733 1556//3733
f 1213//3734 1207//3734 1556//3734
f 1556//3735 1207//3735 1552//3735
f 1552//3736 1207//3736 1547//3736
f 1207//3737 1201//3737 1547//3737
f 1547//3738 1193//3738 1540//3738
f 1540//3739 1193//3739 1535//3739
f 1201//3740 1193//3740 1547//3740
f 1535//3741 1187//3741 1526//3741
f 1193//3742 1187//3742 1535//3742
f 1187//3743 1127//3743 1526//3743
f 1526//3744 1120//3744 1518//3744
f 1518//3745 1120//3745 1512//3745
f 1127//3746 1120//3746 1526//3746
f 1512//3747 1097//3747 1508//3747
f 1120//3748 1097//3748 1512//3748
f 1097//3749 1082//3749 1508//3749
f 1508//3750 1076//3750 1515//3750
f 1515//3751 1076//3751 1523//3751
f 1082//3752 1076//3752 1508//3752
f 1523//3753 1065//3753 1531//3753
f 1076//3754 1065//3754 1523//3754
f 1065//3755 1054//3755 1531//3755
f 1531//3756 1047//3756 1537//3756
f 1537//3757 1047//3757 1544//3757
f 1054//3758 1047//3758 1531//3758
f 1047//3759 1040//3759 1544//3759
f 1544//3760 1029//3760 1548//3760
f 1548//3761 1029//3761 1553//3761
f 1040//3762 1029//3762 1544//3762
f 1029//3763 1023//3763 1553//3763
f 1553//3764 1016//3764 1557//3764
f 1023//3765 1016//3765 1553//3765
f 1016//3766 1009//3766 1557//3766
f 1557//3767 1009//3767 1561//3767
f 1561//3768 1009//3768 1566//3768
f 1009//3769 999//3769 1566//3769
f 999//3770 991//3770 1566//3770
f 1566//3771 991//3771 1570//3771
f 991//3772 986//3772 1570//3772
f 1570//3773 986//3773 1573//3773
f 1573//3774 986//3774 1576//3774
f 986//3775 979//3775 1576//3775
f 1576//3776 978//3776 1581//3776
f 1581//3777 978//3777 1584//3777
f 979//3778 978//3778 1576//3778
f 978//3779 946//3779 1584//3779
f 1584//3780 941//3780 1621//3780
f 946//3781 941//3781 1584//3781
f 1621//3782 937//3782 1619//3782
f 941//3783 937//3783 1621//3783
f 1619//3784 931//3784 1622//3784
f 937//3785 931//3785 1619//3785
f 1622//3786 926//3786 1630//3786
f 1630//3787 926//3787 1634//3787
f 931//3788 926//3788 1622//3788
f 926//3789 920//3789 1634//3789
f 1634//3790 915//3790 1639//3790
f 920//3791 915//3791 1634//3791
f 1639//3792 909//3792 1646//3792
f 915//3793 909//3793 1639//3793
f 1646//3794 903//3794 1651//3794
f 909//3795 903//3795 1646//3795
f 1651//3796 896//3796 1657//3796
f 1657//3797 896//3797 1663//3797
f 903//3798 896//3798 1651//3798
f 896//3799 889//3799 1663//3799
f 1663//3800 883//3800 1674//3800
f 1674//3801 883//3801 1682//3801
f 889//3802 883//3802 1663//3802
f 883//3803 875//3803 1682//3803
f 1682//3804 875//3804 1690//3804
f 875//3805 869//3805 1690//3805
f 1690//3806 861//3806 1716//3806
f 1716//3807 861//3807 1727//3807
f 869//3808 861//3808 1690//3808
f 1727//3809 855//3809 1744//3809
f 861//3810 855//3810 1727//3810
f 1744//3811 846//3811 1769//3811
f 855//3812 846//3812 1744//3812
f 846//3813 851//3813 1769//3813
f 851//3814 858//3814 1769//3814
f 1769//3815 858//3815 1802//3815
f 1802//3816 858//3816 1810//3816
f 858//3817 865//3817 1810//3817
f 865//3818 872//3818 1810//3818
f 1810//3819 872//3819 1818//3819
f 1818//3820 872//3820 1823//3820
f 872//3821 879//3821 1823//3821
f 879//3822 886//3822 1823//3822
f 1823//3823 886//3823 1831//3823
f 1831//3824 886//3824 1856//3824
f 886//3825 893//3825 1856//3825
f 893//3826 899//3826 1856//3826
f 1856//3827 899//3827 1858//3827
f 1858//3828 899//3828 1859//3828
f 899//3829 906//3829 1859//3829
f 1859//3830 906//3830 1860//3830
f 906//3831 912//3831 1860//3831
f 1860//3832 912//3832 1861//3832
f 912//3833 918//3833 1861//3833
f 918//3834 923//3834 1861//3834
f 1861//3835 923//3835 1862//3835
f 923//3836 928//3836 1862//3836
f 1862//3837 928//3837 1863//3837
f 1863//3838 928//3838 1898//3838
f 1898//3839 934//3839 1902//3839
f 928//3840 934//3840 1898//3840
f 934//3841 939//3841 1902//3841
f 1902//3842 944//3842 1905//3842
f 939//3843 944//3843 1902//3843
f 824//3844 826//3844 1865//3844
f 1865//3845 826//3845 1864//3845
f 1864//3846 828//3846 1866//3846
f 826//3847 828//3847 1864//3847
f 1866//3848 830//3848 1867//3848
f 828//3849 830//3849 1866//3849
f 1867//3850 832//3850 1868//3850
f 830//3851 832//3851 1867//3851
f 1868//3852 834//3852 1869//3852
f 1869//3853 834//3853 1870//3853
f 832//3854 834//3854 1868//3854
f 834//3855 836//3855 1870//3855
f 1870//3856 838//3856 1871//3856
f 836//3857 838//3857 1870//3857
f 1871//3858 840//3858 1872//3858
f 1872//3859 840//3859 1873//3859
f 838//3860 840//3860 1871//3860
f 840//3861 841//3861 1873//3861
f 1873//3862 842//3862 1874//3862
f 841//3863 842//3863 1873//3863
f 842//3864 843//3864 1874//3864
f 1874//3865 843//3865 1875//3865
f 843//3866 844//3866 1875//3866
f 1875//3867 844//3867 1876//3867
f 1876//3868 844//3868 1877//3868
f 844//3869 845//3869 1877//3869
f 845//3870 945//3870 1877//3870
f 1877//3871 945//3871 1878//3871
f 945//3872 940//3872 1878//3872
f 1878//3873 940//3873 1879//3873
f 940//3874 936//3874 1879//3874
f 1879//3875 936//3875 1880//3875
f 936//3876 935//3876 1880//3876
f 1880//3877 935//3877 1881//3877
f 935//3878 930//3878 1881//3878
f 1881//3879 930//3879 1882//3879
f 1882//3880 930//3880 1883//3880
f 930//3881 929//3881 1883//3881
f 929//3882 925//3882 1883//3882
f 1883//3883 925//3883 1884//3883
f 1884//3884 925//3884 1885//3884
f 925//3885 924//3885 1885//3885
f 924//3886 919//3886 1885//3886
f 1885//3887 919//3887 1886//3887
f 1886//3888 914//3888 1887//3888
f 919//3889 914//3889 1886//3889
f 1887//3890 914//3890 1889//3890
f 914//3891 913//3891 1889//3891
f 1889//3892 908//3892 1890//3892
f 1890//3893 908//3893 1891//3893
f 913//3894 908//3894 1889//3894
f 908//3895 907//3895 1891//3895
f 1891//3896 901//3896 1892//3896
f 1892//3897 901//3897 1893//3897
f 907//3898 901//3898 1891//3898
f 901//3899 900//3899 1893//3899
f 1893//3900 902//3900 1894//3900
f 1894//3901 902//3901 1895//3901
f 900//3902 902//3902 1893//3902
f 1895//3903 895//3903 1896//3903
f 902//3904 895//3904 1895//3904
f 895//3905 894//3905 1896//3905
f 1896//3906 888//3906 1897//3906
f 894//3907 888//3907 1896//3907
f 1897//3908 887//3908 1832//3908
f 888//3909 887//3909 1897//3909
f 1832//3910 881//3910 1826//3910
f 887//3911 881//3911 1832//3911
f 1826//3912 880//3912 1825//3912
f 881//3913 880//3913 1826//3913
f 1825//3914 882//3914 1824//3914
f 880//3915 882//3915 1825//3915
f 882//3916 874//3916 1824//3916
f 1824//3917 874//3917 1819//3917
f 874//3918 873//3918 1819//3918
f 1819//3919 873//3919 1817//3919
f 873//3920 867//3920 1817//3920
f 1817//3921 867//3921 1811//3921
f 867//3922 866//3922 1811//3922
f 1811//3923 866//3923 1809//3923
f 866//3924 868//3924 1809//3924
f 1809//3925 868//3925 1812//3925
f 868//3926 860//3926 1812//3926
f 1812//3927 860//3927 1803//3927
f 860//3928 859//3928 1803//3928
f 1803//3929 859//3929 1801//3929
f 1801//3930 859//3930 1770//3930
f 859//3931 853//3931 1770//3931
f 853//3932 852//3932 1770//3932
f 1770//3933 852//3933 1768//3933
f 852//3934 854//3934 1768//3934
f 1768//3935 854//3935 1771//3935
f 854//3936 848//3936 1771//3936
f 1771//3937 848//3937 1756//3937
f 1756//3938 848//3938 1750//3938
f 848//3939 847//3939 1750//3939
f 847//3940 849//3940 1750//3940
f 1750//3941 849//3941 1747//3941
f 849//3942 850//3942 1747//3942
f 1747//3943 850//3943 1743//3943
f 1743//3944 850//3944 1730//3944
f 850//3945 856//3945 1730//3945
f 856//3946 857//3946 1730//3946
f 1730//3947 857//3947 1726//3947
f 1726//3948 857//3948 1723//3948
f 857//3949 862//3949 1723//3949
f 862//3950 863//3950 1723//3950
f 1723//3951 863//3951 1719//3951
f 863//3952 864//3952 1719//3952
f 1719//3953 864//3953 1715//3953
f 1715//3954 864//3954 1693//3954
f 864//3955 870//3955 1693//3955
f 870//3956 871//3956 1693//3956
f 1693//3957 871//3957 1689//3957
f 1689//3958 876//3958 1687//3958
f 871//3959 876//3959 1689//3959
f 1687//3960 877//3960 1684//3960
f 1684//3961 877//3961 1681//3961
f 876//3962 877//3962 1687//3962
f 877//3963 878//3963 1681//3963
f 1681//3964 878//3964 1678//3964
f 1678//3965 884//3965 1673//3965
f 878//3966 884//3966 1678//3966
f 884//3967 885//3967 1673//3967
f 885//3968 890//3968 1673//3968
f 1673//3969 890//3969 1671//3969
f 890//3970 891//3970 1671//3970
f 1671//3971 891//3971 1668//3971
f 1668//3972 891//3972 1664//3972
f 891//3973 892//3973 1664//3973
f 892//3974 897//3974 1664//3974
f 1664//3975 897//3975 1661//3975
f 1661//3976 897//3976 1656//3976
f 897//3977 898//3977 1656//3977
f 898//3978 904//3978 1656//3978
f 1656//3979 904//3979 1654//3979
f 1654//3980 904//3980 1650//3980
f 904//3981 905//3981 1650//3981
f 1650//3982 905//3982 1648//3982
f 905//3983 910//3983 1648//3983
f 910//3984 911//3984 1648//3984
f 1648//3985 911//3985 1645//3985
f 911//3986 916//3986 1645//3986
f 1645//3987 916//3987 1641//3987
f 1641//3988 916//3988 1638//3988
f 916//3989 917//3989 1638//3989
f 917//3990 921//3990 1638//3990
f 1638//3991 921//3991 1636//3991
f 1636//3992 922//3992 1633//3992
f 921//3993 922//3993 1636//3993
f 1633//3994 927//3994 1629//3994
f 922//3995 927//3995 1633//3995
f 1629//3996 932//3996 1626//3996
f 927//3997 932//3997 1629//3997
f 1626//3998 933//3998 1623//3998
f 932//3999 933//3999 1626//3999
f 1623//4000 938//4000 1620//4000
f 933//4001 938//4001 1623//4001
f 1620//4002 942//4002 1624//4002
f 938//4003 942//4003 1620//4003
f 1624//4004 943//4004 1627//4004
f 942//4005 943//4005 1624//4005
f 1627//4006 988//4006 1631//4006
f 943//4007 988//4007 1627//4007
f 1631//4008 993//4008 1635//4008
f 988//4009 993//4009 1631//4009
f 1635//4010 997//4010 1695//4010
f 993//4011 997//4011 1635//4011
f 1695//4012 1002//4012 1696//4012
f 1696//4013 1002//4013 1697//4013
f 997//4014 1002//4014 1695//4014
f 1002//4015 1007//4015 1697//4015
f 1697//4016 839//4016 1698//4016
f 1007//4017 839//4017 1697//4017
f 839//4018 837//4018 1698//4018
f 1698//4019 837//4019 1699//4019
f 837//4020 835//4020 1699//4020
f 1699//4021 835//4021 1700//4021
f 835//4022 833//4022 1700//4022
f 1700//4023 833//4023 1701//4023
f 833//4024 831//4024 1701//4024
f 1701//4025 831//4025 1702//4025
f 1702//4026 829//4026 1703//4026
f 831//4027 829//4027 1702//4027
f 1703//4028 827//4028 1704//4028
f 829//4029 827//4029 1703//4029
f 1704//4030 825//4030 1705//4030
f 827//4031 825//4031 1704//4031
f 1705//4032 823//4032 1706//4032
f 825//4033 823//4033 1705//4033
f 1706//4034 821//4034 1707//4034
f 823//4035 821//4035 1706//4035
f 1707//4036 819//4036 1709//4036
f 821//4037 819//4037 1707//4037
f 1709//4038 817//4038 1710//4038
f 819//4039 817//4039 1709//4039
f 1710//4040 815//4040 1711//4040
f 817//4041 815//4041 1710//4041
f 1711//4042 813//4042 1712//4042
f 815//4043 813//4043 1711//4043
f 1712//4044 811//4044 1713//4044
f 813//4045 811//4045 1712//4045
f 1713//4046 809//4046 1714//4046
f 811//4047 809//4047 1713//4047
f 1714//4048 807//4048 1717//4048
f 809//4049 807//4049 1714//4049
f 1717//4050 805//4050 1720//4050
f 807//4051 805//4051 1717//4051
f 1720//4052 803//4052 1724//4052
f 805//4053 803//4053 1720//4053
f 1724//4054 801//4054 1728//4054
f 803//4055 801//4055 1724//4055
f 1728//4056 799//4056 1741//4056
f 801//4057 799//4057 1728//4057
f 1741//4058 797//4058 1746//4058
f 799//4059 797//4059 1741//4059
f 1746//4060 795//4060 1749//4060
f 797//4061 795//4061 1746//4061
f 1749//4062 794//4062 1755//4062
f 1755//4063 794//4063 1758//4063
f 795//4064 794//4064 1749//4064
f 794//4065 793//4065 1758//4065
f 793//4066 796//4066 1758//4066
f 1758//4067 796//4067 1760//4067
f 796//4068 798//4068 1760//4068
f 1760//4069 798//4069 1762//4069
f 798//4070 800//4070 1762//4070
f 1762//4071 800//4071 1764//4071
f 800//4072 802//4072 1764//4072
f 1764//4073 802//4073 1766//4073
f 802//4074 804//4074 1766//4074
f 1766//4075 804//4075 1772//4075
f 804//4076 806//4076 1772//4076
f 1772//4077 806//4077 1774//4077
f 806//4078 808//4078 1774//4078
f 1774//4079 808//4079 1776//4079
f 808//4080 810//4080 1776//4080
f 1776//4081 810//4081 1778//4081
f 810//4082 812//4082 1778//4082
f 1778//4083 812//4083 1780//4083
f 812//4084 814//4084 1780//4084
f 1780//4085 814//4085 1783//4085
f 814//4086 816//4086 1783//4086
f 1783//4087 816//4087 1789//4087
f 816//4088 818//4088 1789//4088
f 1789//4089 818//4089 1791//4089
f 818//4090 820//4090 1791//4090
f 1791//4091 820//4091 1793//4091
f 1793//4092 820//4092 1888//4092
f 820//4093 822//4093 1888//4093
f 1888//4094 824//4094 1865//4094
f 822//4095 824//4095 1888//4095
f 1020//4096 1024//4096 1994//4096
f 1994//4097 1024//4097 1993//4097
f 1993//4098 1027//4098 1996//4098
f 1996//4099 1027//4099 1998//4099
f 1024//4100 1027//4100 1993//4100
f 1027//4101 1032//4101 1998//4101
f 1998//4102 1036//4102 2000//4102
f 1032//4103 1036//4103 1998//4103
f 2000//4104 1041//4104 2002//4104
f 1036//4105 1041//4105 2000//4105
f 2002//4106 1044//4106 2004//4106
f 2004//4107 1044//4107 2031//4107
f 1041//4108 1044//4108 2002//4108
f 1044//4109 1048//4109 2031//4109
f 2031//4110 1052//4110 2033//4110
f 2033//4111 1052//4111 2034//4111
f 1048//4112 1052//4112 2031//4112
f 1052//4113 1056//4113 2034//4113
f 2034//4114 1060//4114 2035//4114
f 1056//4115 1060//4115 2034//4115
f 1060//4116 1063//4116 2035//4116
f 2035//4117 1063//4117 2036//4117
f 1063//4118 1067//4118 2036//4118
f 2036//4119 1067//4119 2037//4119
f 2037//4120 1067//4120 2038//4120
f 1067//4121 1071//4121 2038//4121
f 1071//4122 1074//4122 2038//4122
f 2038//4123 1074//4123 2039//4123
f 1074//4124 1078//4124 2039//4124
f 2039//4125 1078//4125 2040//4125
f 1078//4126 1080//4126 2040//4126
f 2040//4127 1080//4127 2041//4127
f 1080//4128 1084//4128 2041//4128
f 2041//4129 1084//4129 2042//4129
f 1084//4130 1090//4130 2042//4130
f 2042//4131 1090//4131 2043//4131
f 1090//4132 1091//4132 2043//4132
f 2043//4133 1091//4133 2044//4133
f 1091//4134 1093//4134 2044//4134
f 2044//4135 1093//4135 2045//4135
f 1093//4136 1094//4136 2045//4136
f 2045//4137 1094//4137 2046//4137
f 1094//4138 1095//4138 2046//4138
f 2046//4139 1095//4139 2047//4139
f 2047//4140 1096//4140 2048//4140
f 1095//4141 1096//4141 2047//4141
f 2048//4142 1100//4142 2049//4142
f 1096//4143 1100//4143 2048//4143
f 2049//4144 1101//4144 2050//4144
f 1100//4145 1101//4145 2049//4145
f 2050//4146 1102//4146 2051//4146
f 1101//4147 1102//4147 2050//4147
f 2051//4148 1103//4148 2052//4148
f 1102//4149 1103//4149 2051//4149
f 2052//4150 1104//4150 2053//4150
f 1103//4151 1104//4151 2052//4151
f 2053//4152 1105//4152 2054//4152
f 1104//4153 1105//4153 2053//4153
f 2054//4154 1110//4154 2055//4154
f 1105//4155 1110//4155 2054//4155
f 2055//4156 1111//4156 2056//4156
f 2056//4157 1111//4157 2057//4157
f 1110//4158 1111//4158 2055//4158
f 1111//4159 1112//4159 2057//4159
f 2057//4160 1113//4160 2058//4160
f 2058//4161 1113//4161 2059//4161
f 1112//4162 1113//4162 2057//4162
f 1113//4163 1114//4163 2059//4163
f 2059//4164 1115//4164 2060//4164
f 1114//4165 1115//4165 2059//4165
f 2060//4166 1116//4166 2061//4166
f 1115//4167 1116//4167 2060//4167
f 1116//4168 1117//4168 2061//4168
f 2061//4169 1117//4169 2062//4169
f 1117//4170 1118//4170 2062//4170
f 2062//4171 1118//4171 2063//4171
f 1118//4172 1119//4172 2063//4172
f 2063//4173 1119//4173 2064//4173
f 1119//4174 1424//4174 2064//4174
f 2064//4175 1424//4175 2065//4175
f 1424//4176 1425//4176 2065//4176
f 2065//4177 1425//4177 2066//4177
f 1425//4178 1337//4178 2066//4178
f 2066//4179 1337//4179 2067//4179
f 1337//4180 1335//4180 2067//4180
f 2067//4181 1335//4181 1988//4181
f 1335//4182 1333//4182 1988//4182
f 1988//4183 1333//4183 1986//4183
f 1986//4184 1333//4184 1984//4184
f 1333//4185 1331//4185 1984//4185
f 1331//4186 1254//4186 1984//4186
f 1984//4187 1254//4187 1982//4187
f 1254//4188 1252//4188 1982//4188
f 1982//4189 1252//4189 1980//4189
f 1252//4190 1251//4190 1980//4190
f 1980//4191 1251//4191 1979//4191
f 1979//4192 1251//4192 1978//4192
f 1251//4193 1247//4193 1978//4193
f 1247//4194 1242//4194 1978//4194
f 1978//4195 1242//4195 1976//4195
f 1242//4196 1241//4196 1976//4196
f 1976//4197 1241//4197 1974//4197
f 1241//4198 1236//4198 1974//4198
f 1974//4199 1236//4199 1973//4199
f 1236//4200 1235//4200 1973//4200
f 1973//4201 1235//4201 1971//4201
f 1971//4202 1235//4202 1970//4202
f 1235//4203 1230//4203 1970//4203
f 1230//4204 1229//4204 1970//4204
f 1970//4205 1229//4205 1968//4205
f 1968//4206 1229//4206 1967//4206
f 1229//4207 1224//4207 1967//4207
f 1224//4208 1223//4208 1967//4208
f 1967//4209 1223//4209 1965//4209
f 1965//4210 1223//4210 1964//4210
f 1223//4211 1218//4211 1964//4211
f 1964//4212 1217//4212 1962//4212
f 1218//4213 1217//4213 1964//4213
f 1962//4214 1212//4214 1961//4214
f 1217//4215 1212//4215 1962//4215
f 1961//4216 1211//4216 1957//4216
f 1212//4217 1211//4217 1961//4217
f 1211//4218 1206//4218 1957//4218
f 1957//4219 1206//4219 1955//4219
f 1206//4220 1205//4220 1955//4220
f 1955//4221 1205//4221 1951//4221
f 1205//4222 1199//4222 1951//4222
f 1951//4223 1199//4223 1949//4223
f 1199//4224 1198//4224 1949//4224
f 1949//4225 1198//4225 1946//4225
f 1946//4226 1198//4226 1943//4226
f 1198//4227 1200//4227 1943//4227
f 1200//4228 1192//4228 1943//4228
f 1943//4229 1192//4229 1941//4229
f 1192//4230 1191//4230 1941//4230
f 1941//4231 1191//4231 1937//4231
f 1191//4232 1133//4232 1937//4232
f 1937//4233 1133//4233 1935//4233
f 1133//4234 1132//4234 1935//4234
f 1935//4235 1132//4235 1932//4235
f 1132//4236 1134//4236 1932//4236
f 1932//4237 1134//4237 1929//4237
f 1134//4238 1126//4238 1929//4238
f 1929//4239 1126//4239 1927//4239
f 1126//4240 1125//4240 1927//4240
f 1927//4241 1125//4241 1923//4241
f 1125//4242 1108//4242 1923//4242
f 1923//4243 1108//4243 1921//4243
f 1921//4244 1107//4244 1918//4244
f 1108//4245 1107//4245 1921//4245
f 1918//4246 1109//4246 1915//4246
f 1107//4247 1109//4247 1918//4247
f 1915//4248 1087//4248 1913//4248
f 1109//4249 1087//4249 1915//4249
f 1913//4250 1086//4250 1908//4250
f 1087//4251 1086//4251 1913//4251
f 1908//4252 1088//4252 1909//4252
f 1086//4253 1088//4253 1908//4253
f 1909//4254 1077//4254 1910//4254
f 1088//4255 1077//4255 1909//4255
f 1910//4256 1073//4256 1914//4256
f 1077//4257 1073//4257 1910//4257
f 1914//4258 1069//4258 1916//4258
f 1073//4259 1069//4259 1914//4259
f 1916//4260 1066//4260 1919//4260
f 1069//4261 1066//4261 1916//4261
f 1919//4262 1062//4262 1922//4262
f 1066//4263 1062//4263 1919//4263
f 1922//4264 1058//4264 1924//4264
f 1924//4265 1058//4265 1928//4265
f 1062//4266 1058//4266 1922//4266
f 1058//4267 1055//4267 1928//4267
f 1928//4268 1050//4268 1930//4268
f 1055//4269 1050//4269 1928//4269
f 1050//4270 1045//4270 1930//4270
f 1930//4271 1045//4271 1933//4271
f 1045//4272 1042//4272 1933//4272
f 1933//4273 1042//4273 1936//4273
f 1042//4274 1037//4274 1936//4274
f 1936//4275 1037//4275 1938//4275
f 1037//4276 1034//4276 1938//4276
f 1938//4277 1034//4277 1942//4277
f 1942//4278 1030//4278 1944//4278
f 1034//4279 1030//4279 1942//4279
f 1944//4280 1026//4280 1947//4280
f 1030//4281 1026//4281 1944//4281
f 1947//4282 1021//4282 1950//4282
f 1026//4283 1021//4283 1947//4283
f 1950//4284 1017//4284 1952//4284
f 1021//4285 1017//4285 1950//4285
f 1952//4286 1012//4286 1956//4286
f 1017//4287 1012//4287 1952//4287
f 1956//4288 1004//4288 1958//4288
f 1012//4289 1004//4289 1956//4289
f 1958//4290 995//4290 2029//4290
f 1004//4291 995//4291 1958//4291
f 2029//4292 980//4292 2030//4292
f 995//4293 980//4293 2029//4293
f 2030//4294 974//4294 1991//4294
f 980//4295 974//4295 2030//4295
f 1991//4296 971//4296 1989//4296
f 1989//4297 971//4297 1992//4297
f 974//4298 971//4298 1991//4298
f 971//4299 969//4299 1992//4299
f 1992//4300 966//4300 1995//4300
f 969//4301 966//4301 1992//4301
f 1995//4302 964//4302 1997//4302
f 1997//4303 964//4303 1999//4303
f 966//4304 964//4304 1995//4304
f 964//4305 961//4305 1999//4305
f 1999//4306 959//4306 2001//4306
f 961//4307 959//4307 1999//4307
f 2001//4308 956//4308 2003//4308
f 2003//4309 956//4309 2005//4309
f 959//4310 956//4310 2001//4310
f 956//4311 953//4311 2005//4311
f 2005//4312 951//4312 2006//4312
f 953//4313 951//4313 2005//4313
f 2006//4314 947//4314 2007//4314
f 951//4315 947//4315 2006//4315
f 2007//4316 950//4316 2008//4316
f 947//4317 950//4317 2007//4317
f 2008//4318 952//4318 2009//4318
f 950//4319 952//4319 2008//4319
f 952//4320 955//4320 2009//4320
f 2009//4321 955//4321 2010//4321
f 955//4322 958//4322 2010//4322
f 2010//4323 958//4323 2011//4323
f 2011//4324 958//4324 2012//4324
f 958//4325 960//4325 2012//4325
f 960//4326 963//4326 2012//4326
f 2012//4327 963//4327 2013//4327
f 963//4328 965//4328 2013//4328
f 2013//4329 965//4329 2014//4329
f 2014//4330 965//4330 2015//4330
f 965//4331 968//4331 2015//4331
f 968//4332 970//4332 2015//4332
f 2015//4333 970//4333 2016//4333
f 970//4334 973//4334 2016//4334
f 2016//4335 973//4335 2017//4335
f 973//4336 975//4336 2017//4336
f 2017//4337 975//4337 2018//4337
f 975//4338 989//4338 2018//4338
f 2018//4339 989//4339 2019//4339
f 2019//4340 989//4340 2020//4340
f 989//4341 1000//4341 2020//4341
f 1000//4342 1010//4342 2020//4342
f 2020//4343 1010//4343 2021//4343
f 2021//4344 1014//4344 2022//4344
f 1010//4345 1014//4345 2021//4345
f 2022//4346 1020//4346 1994//4346
f 1014//4347 1020//4347 2022//4347
f 1301//4348 1303//4348 1835//4348
f 1835//4349 1303//4349 1833//4349
f 1833//4350 1306//4350 1836//4350
f 1303//4351 1306//4351 1833//4351
f 1836//4352 1309//4352 1838//4352
f 1306//4353 1309//4353 1836//4353
f 1838//4354 1311//4354 1839//4354
f 1309//4355 1311//4355 1838//4355
f 1839//4356 1312//4356 1841//4356
f 1311//4357 1312//4357 1839//4357
f 1841//4358 1314//4358 1842//4358
f 1842//4359 1314//4359 1844//4359
f 1312//4360 1314//4360 1841//4360
f 1314//4361 1315//4361 1844//4361
f 1844//4362 1317//4362 1846//4362
f 1846//4363 1317//4363 1847//4363
f 1315//4364 1317//4364 1844//4364
f 1317//4365 1318//4365 1847//4365
f 1847//4366 1320//4366 1848//4366
f 1848//4367 1320//4367 1850//4367
f 1318//4368 1320//4368 1847//4368
f 1320//4369 1321//4369 1850//4369
f 1321//4370 1323//4370 1850//4370
f 1850//4371 1323//4371 1851//4371
f 1323//4372 1324//4372 1851//4372
f 1851//4373 1324//4373 1853//4373
f 1853//4374 1324//4374 1854//4374
f 1324//4375 1326//4375 1854//4375
f 1326//4376 1328//4376 1854//4376
f 1854//4377 1328//4377 1900//4377
f 1328//4378 1329//4378 1900//4378
f 1900//4379 1329//4379 1901//4379
f 1329//4380 1330//4380 1901//4380
f 1901//4381 1330//4381 1903//4381
f 1330//4382 1332//4382 1903//4382
f 1903//4383 1332//4383 1983//4383
f 1332//4384 1334//4384 1983//4384
f 1983//4385 1334//4385 1985//4385
f 1985//4386 1334//4386 1987//4386
f 1334//4387 1336//4387 1987//4387
f 1336//4388 1338//4388 1987//4388
f 1987//4389 1338//4389 1805//4389
f 1338//4390 1389//4390 1805//4390
f 1805//4391 1389//4391 1804//4391
f 1804//4392 1390//4392 1800//4392
f 1389//4393 1390//4393 1804//4393
f 1800//4394 1391//4394 1799//4394
f 1390//4395 1391//4395 1800//4395
f 1799//4396 1392//4396 1798//4396
f 1391//4397 1392//4397 1799//4397
f 1798//4398 1393//4398 1797//4398
f 1392//4399 1393//4399 1798//4399
f 1797//4400 1394//4400 1796//4400
f 1796//4401 1394//4401 1795//4401
f 1393//4402 1394//4402 1797//4402
f 1394//4403 1395//4403 1795//4403
f 1795//4404 1396//4404 1794//4404
f 1794//4405 1396//4405 1792//4405
f 1395//4406 1396//4406 1795//4406
f 1396//4407 1397//4407 1792//4407
f 1792//4408 1398//4408 1790//4408
f 1397//4409 1398//4409 1792//4409
f 1790//4410 1399//4410 1788//4410
f 1398//4411 1399//4411 1790//4411
f 1788//4412 1400//4412 1782//4412
f 1399//4413 1400//4413 1788//4413
f 1782//4414 1401//4414 1781//4414
f 1400//4415 1401//4415 1782//4415
f 1781//4416 1402//4416 1779//4416
f 1779//4417 1402//4417 1777//4417
f 1401//4418 1402//4418 1781//4418
f 1402//4419 1403//4419 1777//4419
f 1403//4420 1404//4420 1777//4420
f 1777//4421 1404//4421 1775//4421
f 1404//4422 1405//4422 1775//4422
f 1775//4423 1405//4423 1773//4423
f 1405//4424 1406//4424 1773//4424
f 1773//4425 1406//4425 1767//4425
f 1767//4426 1406//4426 1765//4426
f 1406//4427 1407//4427 1765//4427
f 1407//4428 1408//4428 1765//4428
f 1765//4429 1408//4429 1763//4429
f 1408//4430 1409//4430 1763//4430
f 1763//4431 1409//4431 1761//4431
f 1409//4432 1410//4432 1761//4432
f 1761//4433 1410//4433 1759//4433
f 1759//4434 1410//4434 1757//4434
f 1410//4435 1411//4435 1757//4435
f 1411//4436 1412//4436 1757//4436
f 1757//4437 1412//4437 1751//4437
f 1751//4438 1412//4438 1748//4438
f 1412//4439 1413//4439 1748//4439
f 1413//4440 1414//4440 1748//4440
f 1748//4441 1414//4441 1745//4441
f 1745//4442 1414//4442 1740//4442
f 1414//4443 1415//4443 1740//4443
f 1415//4444 1416//4444 1740//4444
f 1740//4445 1416//4445 1733//4445
f 1416//4446 1417//4446 1733//4446
f 1733//4447 1417//4447 1731//4447
f 1417//4448 1418//4448 1731//4448
f 1731//4449 1418//4449 1734//4449
f 1734//4450 1418//4450 1735//4450
f 1418//4451 1419//4451 1735//4451
f 1419//4452 1420//4452 1735//4452
f 1735//4453 1420//4453 1736//4453
f 1420//4454 1421//4454 1736//4454
f 1736//4455 1421//4455 1737//4455
f 1421//4456 1422//4456 1737//4456
f 1737//4457 1422//4457 1738//4457
f 1738//4458 1422//4458 1739//4458
f 1422//4459 1423//4459 1739//4459
f 1423//4460 1341//4460 1739//4460
f 1739//4461 1341//4461 1680//4461
f 1680//4462 1340//4462 1677//4462
f 1341//4463 1340//4463 1680//4463
f 1677//4464 1342//4464 1672//4464
f 1340//4465 1342//4465 1677//4465
f 1672//4466 1343//4466 1669//4466
f 1342//4467 1343//4467 1672//4467
f 1669//4468 1344//4468 1665//4468
f 1343//4469 1344//4469 1669//4469
f 1344//4470 1345//4470 1665//4470
f 1665//4471 1345//4471 1660//4471
f 1345//4472 1346//4472 1660//4472
f 1660//4473 1346//4473 1655//4473
f 1346//4474 1347//4474 1655//4474
f 1655//4475 1347//4475 1652//4475
f 1347//4476 1348//4476 1652//4476
f 1652//4477 1348//4477 1647//4477
f 1348//4478 1349//4478 1647//4478
f 1647//4479 1349//4479 1642//4479
f 1349//4480 1350//4480 1642//4480
f 1642//4481 1350//4481 1637//4481
f 1350//4482 1351//4482 1637//4482
f 1637//4483 1351//4483 1625//4483
f 1351//4484 1352//4484 1625//4484
f 1625//4485 1352//4485 1617//4485
f 1352//4486 1353//4486 1617//4486
f 1617//4487 1353//4487 1615//4487
f 1353//4488 1354//4488 1615//4488
f 1615//4489 1354//4489 1613//4489
f 1354//4490 1355//4490 1613//4490
f 1613//4491 1355//4491 1611//4491
f 1355//4492 1356//4492 1611//4492
f 1611//4493 1356//4493 1609//4493
f 1356//4494 1357//4494 1609//4494
f 1609//4495 1357//4495 1607//4495
f 1607//4496 1358//4496 1605//4496
f 1357//4497 1358//4497 1607//4497
f 1605//4498 1359//4498 1603//4498
f 1358//4499 1359//4499 1605//4499
f 1603//4500 1360//4500 1601//4500
f 1359//4501 1360//4501 1603//4501
f 1601//4502 1361//4502 1598//4502
f 1360//4503 1361//4503 1601//4503
f 1598//4504 1362//4504 1599//4504
f 1361//4505 1362//4505 1598//4505
f 1599//4506 1363//4506 1600//4506
f 1362//4507 1363//4507 1599//4507
f 1600//4508 1364//4508 1602//4508
f 1363//4509 1364//4509 1600//4509
f 1602//4510 1366//4510 1604//4510
f 1364//4511 1366//4511 1602//4511
f 1604//4512 1368//4512 1606//4512
f 1366//4513 1368//4513 1604//4513
f 1606//4514 1370//4514 1608//4514
f 1368//4515 1370//4515 1606//4515
f 1608//4516 1371//4516 1610//4516
f 1370//4517 1371//4517 1608//4517
f 1610//4518 1373//4518 1612//4518
f 1371//4519 1373//4519 1610//4519
f 1612//4520 1375//4520 1614//4520
f 1373//4521 1375//4521 1612//4521
f 1375//4522 1377//4522 1614//4522
f 1614//4523 1377//4523 1616//4523
f 1377//4524 1378//4524 1616//4524
f 1616//4525 1378//4525 1618//4525
f 1618//4526 1378//4526 1632//4526
f 1378//4527 1379//4527 1632//4527
f 1379//4528 1380//4528 1632//4528
f 1632//4529 1380//4529 1640//4529
f 1640//4530 1307//4530 1643//4530
f 1380//4531 1307//4531 1640//4531
f 1643//4532 1305//4532 1649//4532
f 1649//4533 1305//4533 1653//4533
f 1307//4534 1305//4534 1643//4534
f 1305//4535 1302//4535 1653//4535
f 1653//4536 1299//4536 1658//4536
f 1302//4537 1299//4537 1653//4537
f 1658//4538 1296//4538 1662//4538
f 1299//4539 1296//4539 1658//4539
f 1662//4540 1293//4540 1666//4540
f 1296//4541 1293//4541 1662//4541
f 1666//4542 1291//4542 1670//4542
f 1670//4543 1291//4543 1675//4543
f 1293//4544 1291//4544 1666//4544
f 1291//4545 1287//4545 1675//4545
f 1675//4546 1285//4546 1679//4546
f 1287//4547 1285//4547 1675//4547
f 1679//4548 1282//4548 1683//4548
f 1683//4549 1282//4549 1685//4549
f 1285//4550 1282//4550 1679//4550
f 1282//4551 1279//4551 1685//4551
f 1685//4552 1277//4552 1688//4552
f 1688//4553 1277//4553 1691//4553
f 1279//4554 1277//4554 1685//4554
f 1277//4555 1273//4555 1691//4555
f 1691//4556 1271//4556 1694//4556
f 1273//4557 1271//4557 1691//4557
f 1694//4558 1268//4558 1718//4558
f 1718//4559 1268//4559 1721//4559
f 1271//4560 1268//4560 1694//4560
f 1268//4561 1265//4561 1721//4561
f 1721//4562 1263//4562 1725//4562
f 1265//4563 1263//4563 1721//4563
f 1725//4564 1260//4564 1729//4564
f 1263//4565 1260//4565 1725//4565
f 1729//4566 1256//4566 1742//4566
f 1742//4567 1256//4567 1752//4567
f 1260//4568 1256//4568 1729//4568
f 1256//4569 1259//4569 1752//4569
f 1259//4570 1261//4570 1752//4570
f 1752//4571 1261//4571 1754//4571
f 1261//4572 1264//4572 1754//4572
f 1754//4573 1264//4573 1784//4573
f 1784//4574 1264//4574 1786//4574
f 1264//4575 1267//4575 1786//4575
f 1786//4576 1267//4576 1787//4576
f 1267//4577 1269//4577 1787//4577
f 1787//4578 1269//4578 1806//4578
f 1269//4579 1272//4579 1806//4579
f 1272//4580 1275//4580 1806//4580
f 1806//4581 1275//4581 1808//4581
f 1275//4582 1278//4582 1808//4582
f 1808//4583 1278//4583 1813//4583
f 1278//4584 1281//4584 1813//4584
f 1813//4585 1281//4585 1815//4585
f 1281//4586 1283//4586 1815//4586
f 1815//4587 1283//4587 1816//4587
f 1283//4588 1286//4588 1816//4588
f 1816//4589 1286//4589 1821//4589
f 1821//4590 1286//4590 1822//4590
f 1286//4591 1289//4591 1822//4591
f 1289//4592 1292//4592 1822//4592
f 1822//4593 1292//4593 1827//4593
f 1827//4594 1295//4594 1829//4594
f 1292//4595 1295//4595 1827//4595
f 1295//4596 1297//4596 1829//4596
f 1829//4597 1297//4597 1830//4597
f 1830//4598 1301//4598 1835//4598
f 1297//4599 1301//4599 1830//4599
f 1035//4600 1039//4600 1549//4600
f 1549//4601 1039//4601 1546//4601
f 1546//4602 1043//4602 1545//4602
f 1039//4603 1043//4603 1546//4603
f 1545//4604 1046//4604 1539//4604
f 1539//4605 1046//4605 1538//4605
f 1043//4606 1046//4606 1545//4606
f 1538//4607 1049//4607 1532//4607
f 1046//4608 1049//4608 1538//4608
f 1049//4609 1053//4609 1532//4609
f 1532//4610 1057//4610 1530//4610
f 1053//4611 1057//4611 1532//4611
f 1530//4612 1061//4612 1533//4612
f 1057//4613 1061//4613 1530//4613
f 1533//4614 1064//4614 1524//4614
f 1061//4615 1064//4615 1533//4615
f 1524//4616 1068//4616 1522//4616
f 1064//4617 1068//4617 1524//4617
f 1522//4618 1072//4618 1525//4618
f 1525//4619 1072//4619 1517//4619
f 1068//4620 1072//4620 1522//4620
f 1072//4621 1075//4621 1517//4621
f 1075//4622 1079//4622 1517//4622
f 1517//4623 1079//4623 1516//4623
f 1516//4624 1079//4624 1509//4624
f 1079//4625 1081//4625 1509//4625
f 1081//4626 1083//4626 1509//4626
f 1509//4627 1083//4627 1507//4627
f 1507//4628 1083//4628 1510//4628
f 1083//4629 1089//4629 1510//4629
f 1089//4630 1092//4630 1510//4630
f 1510//4631 1092//4631 1511//4631
f 1092//4632 1098//4632 1511//4632
f 1511//4633 1098//4633 1513//4633
f 1513//4634 1098//4634 1514//4634
f 1098//4635 1099//4635 1514//4635
f 1099//4636 1121//4636 1514//4636
f 1514//4637 1121//4637 1519//4637
f 1121//4638 1122//4638 1519//4638
f 1519//4639 1122//4639 1520//4639
f 1122//4640 1123//4640 1520//4640
f 1520//4641 1123//4641 1521//4641
f 1123//4642 1128//4642 1521//4642
f 1521//4643 1128//4643 1527//4643
f 1527//4644 1128//4644 1528//4644
f 1128//4645 1129//4645 1528//4645
f 1528//4646 1130//4646 1529//4646
f 1529//4647 1130//4647 1534//4647
f 1129//4648 1130//4648 1528//4648
f 1130//4649 1188//4649 1534//4649
f 1534//4650 1189//4650 1536//4650
f 1188//4651 1189//4651 1534//4651
f 1536//4652 1194//4652 1541//4652
f 1189//4653 1194//4653 1536//4653
f 1541//4654 1195//4654 1542//4654
f 1194//4655 1195//4655 1541//4655
f 1542//4656 1196//4656 1543//4656
f 1195//4657 1196//4657 1542//4657
f 1543//4658 1202//4658 1506//4658
f 1196//4659 1202//4659 1543//4659
f 1506//4660 1203//4660 1505//4660
f 1505//4661 1203//4661 1504//4661
f 1202//4662 1203//4662 1506//4662
f 1203//4663 1208//4663 1504//4663
f 1504//4664 1209//4664 1503//4664
f 1208//4665 1209//4665 1504//4665
f 1503//4666 1214//4666 1502//4666
f 1209//4667 1214//4667 1503//4667
f 1502//4668 1215//4668 1501//4668
f 1214//4669 1215//4669 1502//4669
f 1501//4670 1220//4670 1500//4670
f 1215//4671 1220//4671 1501//4671
f 1220//4672 1221//4672 1500//4672
f 1500//4673 1221//4673 1499//4673
f 1221//4674 1226//4674 1499//4674
f 1499//4675 1226//4675 1498//4675
f 1226//4676 1227//4676 1498//4676
f 1498//4677 1227//4677 1497//4677
f 1227//4678 1232//4678 1497//4678
f 1497//4679 1232//4679 1496//4679
f 1232//4680 1233//4680 1496//4680
f 1496//4681 1233//4681 1495//4681
f 1233//4682 1238//4682 1495//4682
f 1495//4683 1238//4683 1494//4683
f 1238//4684 1239//4684 1494//4684
f 1494//4685 1239//4685 1493//4685
f 1239//4686 1244//4686 1493//4686
f 1493//4687 1244//4687 1492//4687
f 1244//4688 1245//4688 1492//4688
f 1492//4689 1245//4689 1491//4689
f 1245//4690 1249//4690 1491//4690
f 1491//4691 1249//4691 1490//4691
f 1249//4692 1382//4692 1490//4692
f 1490//4693 1382//4693 1489//4693
f 1382//4694 1383//4694 1489//4694
f 1489//4695 1383//4695 1488//4695
f 1383//4696 1384//4696 1488//4696
f 1488//4697 1384//4697 1487//4697
f 1384//4698 1385//4698 1487//4698
f 1487//4699 1385//4699 1486//4699
f 1385//4700 1144//4700 1486//4700
f 1486//4701 1144//4701 1485//4701
f 1144//4702 1143//4702 1485//4702
f 1485//4703 1143//4703 1483//4703
f 1143//4704 1145//4704 1483//4704
f 1483//4705 1145//4705 1481//4705
f 1145//4706 1146//4706 1481//4706
f 1481//4707 1146//4707 1479//4707
f 1146//4708 1147//4708 1479//4708
f 1479//4709 1147//4709 1477//4709
f 1147//4710 1148//4710 1477//4710
f 1477//4711 1148//4711 1475//4711
f 1148//4712 1149//4712 1475//4712
f 1475//4713 1149//4713 1473//4713
f 1473//4714 1150//4714 1471//4714
f 1149//4715 1150//4715 1473//4715
f 1471//4716 1151//4716 1469//4716
f 1150//4717 1151//4717 1471//4717
f 1469//4718 1152//4718 1467//4718
f 1151//4719 1152//4719 1469//4719
f 1467//4720 1153//4720 1465//4720
f 1152//4721 1153//4721 1467//4721
f 1153//4722 1154//4722 1465//4722
f 1465//4723 1154//4723 1463//4723
f 1154//4724 1155//4724 1463//4724
f 1463//4725 1155//4725 1462//4725
f 1155//4726 1156//4726 1462//4726
f 1462//4727 1156//4727 1460//4727
f 1156//4728 1157//4728 1460//4728
f 1460//4729 1157//4729 1456//4729
f 1157//4730 1158//4730 1456//4730
f 1456//4731 1158//4731 1454//4731
f 1158//4732 1159//4732 1454//4732
f 1454//4733 1159//4733 1452//4733
f 1159//4734 1160//4734 1452//4734
f 1452//4735 1160//4735 1450//4735
f 1450//4736 1160//4736 1448//4736
f 1160//4737 1161//4737 1448//4737
f 1161//4738 1162//4738 1448//4738
f 1448//4739 1162//4739 1446//4739
f 1446//4740 1162//4740 1444//4740
f 1162//4741 1163//4741 1444//4741
f 1163//4742 1164//4742 1444//4742
f 1444//4743 1164//4743 1442//4743
f 1442//4744 1164//4744 1440//4744
f 1164//4745 1165//4745 1440//4745
f 1438//4746 1166//4746 1436//4746
f 1165//4747 1166//4747 1440//4747
f 1440//4748 1166//4748 1438//4748
f 1166//4749 1167//4749 1436//4749
f 1436//4750 1168//4750 1434//4750
f 1167//4751 1168//4751 1436//4751
f 1434//4752 1169//4752 1432//4752
f 1432//4753 1169//4753 1429//4753
f 1168//4754 1169//4754 1434//4754
f 1429//4755 1170//4755 1430//4755
f 1169//4756 1170//4756 1429//4756
f 1170//4757 1171//4757 1430//4757
f 1430//4758 1172//4758 1431//4758
f 1171//4759 1172//4759 1430//4759
f 1431//4760 1173//4760 1433//4760
f 1172//4761 1173//4761 1431//4761
f 1433//4762 1174//4762 1435//4762
f 1173//4763 1174//4763 1433//4763
f 1435//4764 1175//4764 1437//4764
f 1174//4765 1175//4765 1435//4765
f 1437//4766 1176//4766 1439//4766
f 1175//4767 1176//4767 1437//4767
f 1439//4768 1177//4768 1441//4768
f 1176//4769 1177//4769 1439//4769
f 1441//4770 1178//4770 1443//4770
f 1443//4771 1178//4771 1445//4771
f 1177//4772 1178//4772 1441//4772
f 1178//4773 1179//4773 1445//4773
f 1179//4774 1180//4774 1445//4774
f 1445//4775 1180//4775 1447//4775
f 1447//4776 1180//4776 1449//4776
f 1180//4777 1181//4777 1449//4777
f 1181//4778 1182//4778 1449//4778
f 1449//4779 1182//4779 1451//4779
f 1451//4780 1182//4780 1453//4780
f 1182//4781 1183//4781 1453//4781
f 1453//4782 1184//4782 1455//4782
f 1183//4783 1184//4783 1453//4783
f 1455//4784 1185//4784 1457//4784
f 1457//4785 1185//4785 1458//4785
f 1184//4786 1185//4786 1455//4786
f 1185//4787 1186//4787 1458//4787
f 1458//4788 1137//4788 1459//4788
f 1186//4789 1137//4789 1458//4789
f 1459//4790 1136//4790 1464//4790
f 1137//4791 1136//4791 1459//4791
f 1464//4792 1138//4792 1466//4792
f 1136//4793 1138//4793 1464//4793
f 1466//4794 1139//4794 1468//4794
f 1138//4795 1139//4795 1466//4795
f 1468//4796 1140//4796 1470//4796
f 1139//4797 1140//4797 1468//4797
f 1470//4798 1141//4798 1472//4798
f 1140//4799 1141//4799 1470//4799
f 1472//4800 1142//4800 1474//4800
f 1141//4801 1142//4801 1472//4801
f 1474//4802 1011//4802 1476//4802
f 1142//4803 1011//4803 1474//4803
f 1476//4804 1006//4804 1478//4804
f 1011//4805 1006//4805 1476//4805
f 1478//4806 1001//4806 1480//4806
f 1480//4807 1001//4807 1482//4807
f 1006//4808 1001//4808 1478//4808
f 1001//4809 996//4809 1482//4809
f 1482//4810 992//4810 1484//4810
f 1484//4811 992//4811 1628//4811
f 996//4812 992//4812 1482//4812
f 992//4813 987//4813 1628//4813
f 1628//4814 984//4814 1585//4814
f 987//4815 984//4815 1628//4815
f 1585//4816 982//4816 1582//4816
f 984//4817 982//4817 1585//4817
f 1582//4818 977//4818 1580//4818
f 1580//4819 977//4819 1578//4819
f 982//4820 977//4820 1582//4820
f 977//4821 976//4821 1578//4821
f 976//4822 983//4822 1578//4822
f 1578//4823 983//4823 1577//4823
f 983//4824 985//4824 1577//4824
f 1577//4825 985//4825 1574//4825
f 985//4826 990//4826 1574//4826
f 1574//4827 990//4827 1571//4827
f 990//4828 994//4828 1571//4828
f 1571//4829 994//4829 1569//4829
f 994//4830 998//4830 1569//4830
f 1569//4831 998//4831 1567//4831
f 998//4832 1003//4832 1567//4832
f 1567//4833 1003//4833 1565//4833
f 1565//4834 1003//4834 1563//4834
f 1003//4835 1008//4835 1563//4835
f 1008//4836 1013//4836 1563//4836
f 1563//4837 1013//4837 1562//4837
f 1562//4838 1013//4838 1559//4838
f 1013//4839 1015//4839 1559//4839
f 1015//4840 1019//4840 1559//4840
f 1559//4841 1019//4841 1558//4841
f 1019//4842 1022//4842 1558//4842
f 1558//4843 1022//4843 1555//4843
f 1022//4844 1025//4844 1555//4844
f 1555//4845 1025//4845 1554//4845
f 1554//4846 1028//4846 1551//4846
f 1025//4847 1028//4847 1554//4847
f 1028//4848 1033//4848 1551//4848
f 1551//4849 1033//4849 1550//4849
f 1550//4850 1035//4850 1549//4850
f 1033//4851 1035//4851 1550//4851
f 1427//4852 2716//4852 370//4852
f 1427//4853 370//4853 1426//4853
f 2717//4854 1592//4854 2711//4854
f 2711//4855 1592//4855 1588//4855
f 2070//4856 90//4856 2071//4856
f 2068//4857 90//4857 2070//4857
f 2072//4858 90//4858 2068//4858
f 100//4859 2072//4859 2068//4859
f 94//4860 100//4860 2068//4860
f 1857//4861 100//4861 94//4861
f 1708//4862 1857//4862 94//4862
f 2718//4863 370//4863 2719//4863
f 1426//4864 370//4864 2718//4864
f 1428//4865 1426//4865 2718//4865
f 2712//4866 1586//4866 1461//4866
f 2712//4867 1461//4867 2720//4867
f 2069//4868 89//4868 2068//4868
f 2069//4869 2068//4869 2721//4869
f 87//4870 2069//4870 2721//4870
f 87//4871 2721//4871 2070//4871
f 2706//4872 2703//4872 2705//4872
f 2706//4873 2704//4873 2703//4873
f 2722//4874 2709//4874 2713//4874
f 2722//4875 2723//4875 2709//4875
f 2722//4876 2724//4876 2719//4876
f 2713//4877 2724//4877 2722//4877
f 2710//4878 2709//4878 2723//4878
f 2710//4879 2723//4879 2725//4879
f 2726//4880 2725//4880 2723//4880
f 2717//4881 2720//4881 2726//4881
f 2717//4882 2726//4882 2723//4882
f 2712//4883 2720//4883 2717//4883
f 2711//4884 2712//4884 2717//4884
f 2721//4885 2068//4885 2070//4885
f 2719//4886 2727//4886 2718//4886
f 2724//4887 2727//4887 2719//4887
f 2728//4888 2710//4888 2729//4888
f 2729//4889 2710//4889 2725//4889
f 2727//4890 2//4890 2718//4890
f 2718//4891 2//4891 5//4891
f 2730//4892 3//4892 2729//4892
f 3//4893 2728//4893 2729//4893
f 5//4894 4//4894 2730//4894
f 1//4895 2730//4895 4//4895
f 1//4896 3//4896 2730//4896
f 2731//4897 370//4897 2716//4897
f 96//4898 370//4898 2731//4898
f 16//4899 15//4899 96//4899
f 16//4900 96//4900 2731//4900
f 2184//4901 16//4901 2183//4901
f 2182//4902 2183//4902 16//4902
f 2185//4903 16//4903 2184//4903
f 2181//4904 2182//4904 16//4904
f 2186//4905 16//4905 2185//4905
f 2180//4906 2181//4906 16//4906
f 2187//4907 16//4907 2186//4907
f 2179//4908 2180//4908 16//4908
f 2188//4909 16//4909 2187//4909
f 2178//4910 2179//4910 16//4910
f 2189//4911 16//4911 2188//4911
f 2177//4912 2178//4912 16//4912
f 2190//4913 16//4913 2189//4913
f 2176//4914 2177//4914 16//4914
f 2191//4915 16//4915 2190//4915
f 2175//4916 2176//4916 16//4916
f 2192//4917 16//4917 2191//4917
f 2174//4918 2175//4918 16//4918
f 2193//4919 16//4919 2192//4919
f 2173//4920 2174//4920 16//4920
f 2194//4921 16//4921 2193//4921
f 2172//4922 2173//4922 16//4922
f 2195//4923 16//4923 2194//4923
f 2171//4924 2172//4924 16//4924
f 2196//4925 16//4925 2195//4925
f 2170//4926 2171//4926 16//4926
f 2197//4927 16//4927 2196//4927
f 2169//4928 2170//4928 16//4928
f 2198//4929 16//4929 2197//4929
f 2168//4930 2169//4930 16//4930
f 2073//4931 16//4931 2198//4931
f 2167//4932 2168//4932 16//4932
f 2074//4933 16//4933 2073//4933
f 2166//4934 2167//4934 16//4934
f 2075//4935 16//4935 2074//4935
f 2165//4936 2166//4936 16//4936
f 2076//4937 16//4937 2075//4937
f 2164//4938 2165//4938 16//4938
f 2077//4939 16//4939 2076//4939
f 2163//4940 2164//4940 16//4940
f 2078//4941 16//4941 2077//4941
f 2162//4942 2163//4942 16//4942
f 2079//4943 16//4943 2078//4943
f 2161//4944 2162//4944 16//4944
f 2080//4945 16//4945 2079//4945
f 2160//4946 2161//4946 16//4946
f 2081//4947 16//4947 2080//4947
f 2082//4948 16//4948 2081//4948
f 2083//4949 16//4949 2082//4949
f 2084//4950 16//4950 2083//4950
f 2085//4951 16//4951 2084//4951
f 2309//4952 2120//4952 2121//4952
f 2309//4953 2121//4953 2122//4953
f 2309//4954 2122//4954 2123//4954
f 2310//4955 2120//4955 2309//4955
f 2310//4956 2117//4956 2118//4956
f 2310//4957 2118//4957 2119//4957
f 2310//4958 2119//4958 2120//4958
f 2308//4959 2309//4959 2123//4959
f 2308//4960 2123//4960 2124//4960
f 2308//4961 2124//4961 2125//4961
f 2311//4962 2115//4962 2116//4962
f 2311//4963 2116//4963 2117//4963
f 2311//4964 2117//4964 2310//4964
f 2307//4965 2308//4965 2125//4965
f 2307//4966 2125//4966 2126//4966
f 2307//4967 2126//4967 2127//4967
f 2307//4968 2127//4968 2128//4968
f 2312//4969 2115//4969 2311//4969
f 2312//4970 2112//4970 2113//4970
f 2312//4971 2113//4971 2114//4971
f 2312//4972 2114//4972 2115//4972
f 2306//4973 2128//4973 2129//4973
f 2306//4974 2129//4974 2130//4974
f 2306//4975 2307//4975 2128//4975
f 2313//4976 2112//4976 2312//4976
f 2313//4977 2110//4977 2111//4977
f 2313//4978 2111//4978 2112//4978
f 2305//4979 2306//4979 2130//4979
f 2305//4980 2130//4980 2131//4980
f 2305//4981 2131//4981 2132//4981
f 2305//4982 2132//4982 2133//4982
f 2314//4983 2110//4983 2313//4983
f 2314//4984 2107//4984 2108//4984
f 2314//4985 2108//4985 2109//4985
f 2314//4986 2109//4986 2110//4986
f 2304//4987 2305//4987 2133//4987
f 2304//4988 2133//4988 2134//4988
f 2304//4989 2134//4989 2135//4989
f 2315//4990 2107//4990 2314//4990
f 2315//4991 2105//4991 2106//4991
f 2315//4992 2106//4992 2107//4992
f 2303//4993 2136//4993 2137//4993
f 2303//4994 2137//4994 2138//4994
f 2303//4995 2304//4995 2135//4995
f 2303//4996 2135//4996 2136//4996
f 2316//4997 2105//4997 2315//4997
f 2316//4998 2103//4998 2104//4998
f 2316//4999 2104//4999 2105//4999
f 2302//5000 2138//5000 2139//5000
f 2302//5001 2139//5001 2140//5001
f 2302//5002 2303//5002 2138//5002
f 2317//5003 2103//5003 2316//5003
f 2317//5004 2100//5004 2101//5004
f 2317//5005 2101//5005 2102//5005
f 2317//5006 2102//5006 2103//5006
f 2301//5007 2140//5007 2141//5007
f 2301//5008 2141//5008 2142//5008
f 2301//5009 2302//5009 2140//5009
f 2318//5010 2100//5010 2317//5010
f 2318//5011 2098//5011 2099//5011
f 2318//5012 2099//5012 2100//5012
f 2300//5013 2142//5013 2143//5013
f 2300//5014 2143//5014 2144//5014
f 2300//5015 2301//5015 2142//5015
f 2319//5016 2098//5016 2318//5016
f 2319//5017 2096//5017 2097//5017
f 2319//5018 2097//5018 2098//5018
f 2299//5019 2144//5019 2145//5019
f 2299//5020 2145//5020 2146//5020
f 2299//5021 2300//5021 2144//5021
f 2320//5022 2096//5022 2319//5022
f 2320//5023 2095//5023 2096//5023
f 2298//5024 2146//5024 2147//5024
f 2298//5025 2299//5025 2146//5025
f 2298//5026 2147//5026 2148//5026
f 2321//5027 2095//5027 2320//5027
f 2321//5028 2093//5028 2094//5028
f 2321//5029 2094//5029 2095//5029
f 2297//5030 2148//5030 2149//5030
f 2297//5031 2298//5031 2148//5031
f 2322//5032 2093//5032 2321//5032
f 2322//5033 2091//5033 2092//5033
f 2322//5034 2092//5034 2093//5034
f 2296//5035 2149//5035 2150//5035
f 2296//5036 2150//5036 2151//5036
f 2296//5037 2297//5037 2149//5037
f 2323//5038 2091//5038 2322//5038
f 2323//5039 2090//5039 2091//5039
f 2295//5040 2151//5040 2152//5040
f 2295//5041 2296//5041 2151//5041
f 2294//5042 2152//5042 2153//5042
f 2294//5043 2153//5043 2154//5043
f 2294//5044 2295//5044 2152//5044
f 2293//5045 2294//5045 2154//5045
f 18//5046 2199//5046 2200//5046
f 18//5047 2323//5047 2324//5047
f 18//5048 2324//5048 2199//5048
f 18//5049 2090//5049 2323//5049
f 18//5050 2085//5050 2086//5050
f 18//5051 2086//5051 2087//5051
f 18//5052 2087//5052 2088//5052
f 18//5053 2088//5053 2089//5053
f 18//5054 16//5054 2085//5054
f 18//5055 2089//5055 2090//5055
f 2201//5056 18//5056 2200//5056
f 97//5057 2201//5057 2202//5057
f 97//5058 2202//5058 2203//5058
f 97//5059 2203//5059 2204//5059
f 97//5060 18//5060 2201//5060
f 2205//5061 97//5061 2204//5061
f 2206//5062 97//5062 2205//5062
f 2207//5063 97//5063 2206//5063
f 2562//5064 97//5064 2561//5064
f 2560//5065 2561//5065 97//5065
f 2563//5066 97//5066 2562//5066
f 2559//5067 2560//5067 97//5067
f 2564//5068 97//5068 2563//5068
f 2558//5069 2559//5069 97//5069
f 2565//5070 97//5070 2564//5070
f 2557//5071 2558//5071 97//5071
f 2566//5072 97//5072 2565//5072
f 2556//5073 2557//5073 97//5073
f 2567//5074 97//5074 2566//5074
f 2555//5075 2556//5075 97//5075
f 2568//5076 97//5076 2567//5076
f 2554//5077 2555//5077 97//5077
f 2569//5078 97//5078 2568//5078
f 2553//5079 2554//5079 97//5079
f 2570//5080 97//5080 2569//5080
f 2552//5081 2553//5081 97//5081
f 2571//5082 97//5082 2570//5082
f 2551//5083 2552//5083 97//5083
f 2572//5084 97//5084 2571//5084
f 2436//5085 2291//5085 2292//5085
f 2436//5086 2292//5086 2435//5086
f 2550//5087 2551//5087 97//5087
f 2434//5088 2292//5088 2293//5088
f 2434//5089 2435//5089 2292//5089
f 2437//5090 2291//5090 2436//5090
f 2433//5091 2434//5091 2293//5091
f 2433//5092 2293//5092 2154//5092
f 2438//5093 2290//5093 2291//5093
f 2438//5094 2291//5094 2437//5094
f 2432//5095 2154//5095 2155//5095
f 2432//5096 2433//5096 2154//5096
f 2573//5097 97//5097 2572//5097
f 2439//5098 2289//5098 2290//5098
f 2439//5099 2290//5099 2438//5099
f 2431//5100 2155//5100 2156//5100
f 2431//5101 2432//5101 2155//5101
f 2440//5102 2289//5102 2439//5102
f 2549//5103 2550//5103 97//5103
f 2430//5104 2156//5104 2157//5104
f 2430//5105 2431//5105 2156//5105
f 2441//5106 2288//5106 2289//5106
f 2441//5107 2289//5107 2440//5107
f 2574//5108 97//5108 2573//5108
f 2429//5109 2157//5109 2158//5109
f 2429//5110 2430//5110 2157//5110
f 2442//5111 2288//5111 2441//5111
f 2548//5112 2207//5112 2208//5112
f 2548//5113 2549//5113 97//5113
f 2548//5114 97//5114 2207//5114
f 2428//5115 2158//5115 2159//5115
f 2428//5116 2429//5116 2158//5116
f 2443//5117 2287//5117 2288//5117
f 2443//5118 2288//5118 2442//5118
f 2575//5119 97//5119 2574//5119
f 2427//5120 2159//5120 2160//5120
f 2427//5121 2160//5121 16//5121
f 2427//5122 2428//5122 2159//5122
f 2547//5123 2548//5123 2208//5123
f 2444//5124 2287//5124 2443//5124
f 2576//5125 97//5125 2575//5125
f 2445//5126 2287//5126 2444//5126
f 2445//5127 2286//5127 2287//5127
f 2546//5128 2208//5128 2209//5128
f 2546//5129 2547//5129 2208//5129
f 2446//5130 2286//5130 2445//5130
f 2451//5131 97//5131 2576//5131
f 2545//5132 2546//5132 2209//5132
f 2447//5133 2286//5133 2446//5133
f 2447//5134 2285//5134 2286//5134
f 2452//5135 97//5135 2451//5135
f 2448//5136 2285//5136 2447//5136
f 2544//5137 2545//5137 2209//5137
f 2453//5138 97//5138 2452//5138
f 2449//5139 2285//5139 2448//5139
f 2449//5140 2284//5140 2285//5140
f 2543//5141 2209//5141 2210//5141
f 2543//5142 2544//5142 2209//5142
f 2454//5143 97//5143 2453//5143
f 2450//5144 2284//5144 2449//5144
f 2542//5145 2543//5145 2210//5145
f 2325//5146 2284//5146 2450//5146
f 2455//5147 97//5147 2454//5147
f 2541//5148 2210//5148 2211//5148
f 2541//5149 2542//5149 2210//5149
f 2326//5150 2284//5150 2325//5150
f 2326//5151 2283//5151 2284//5151
f 2456//5152 97//5152 2455//5152
f 2540//5153 2541//5153 2211//5153
f 2327//5154 2283//5154 2326//5154
f 2457//5155 97//5155 2456//5155
f 2539//5156 2540//5156 2211//5156
f 2328//5157 2283//5157 2327//5157
f 2328//5158 2282//5158 2283//5158
f 2329//5159 2282//5159 2328//5159
f 2538//5160 2211//5160 2212//5160
f 2538//5161 2539//5161 2211//5161
f 2330//5162 2282//5162 2329//5162
f 2330//5163 2281//5163 2282//5163
f 2537//5164 2538//5164 2212//5164
f 2331//5165 2281//5165 2330//5165
f 2536//5166 2212//5166 2213//5166
f 2536//5167 2537//5167 2212//5167
f 2332//5168 2281//5168 2331//5168
f 2535//5169 2536//5169 2213//5169
f 2333//5170 2281//5170 2332//5170
f 2333//5171 2280//5171 2281//5171
f 2534//5172 2535//5172 2213//5172
f 2334//5173 2280//5173 2333//5173
f 2533//5174 2534//5174 2213//5174
f 2533//5175 2213//5175 2214//5175
f 2335//5176 2280//5176 2334//5176
f 2532//5177 2533//5177 2214//5177
f 2336//5178 2280//5178 2335//5178
f 2336//5179 2279//5179 2280//5179
f 2531//5180 2532//5180 2214//5180
f 2337//5181 2279//5181 2336//5181
f 2338//5182 2279//5182 2337//5182
f 2338//5183 2278//5183 2279//5183
f 98//5184 97//5184 2457//5184
f 98//5185 2457//5185 2458//5185
f 98//5186 2458//5186 2459//5186
f 98//5187 2459//5187 2460//5187
f 98//5188 2460//5188 2461//5188
f 98//5189 2461//5189 2462//5189
f 98//5190 2462//5190 2463//5190
f 98//5191 2463//5191 2464//5191
f 98//5192 2464//5192 2465//5192
f 98//5193 2465//5193 2466//5193
f 98//5194 2466//5194 2467//5194
f 21//5195 20//5195 98//5195
f 2339//5196 2278//5196 2338//5196
f 2468//5197 98//5197 2467//5197
f 2215//5198 2531//5198 2214//5198
f 2215//5199 2528//5199 2529//5199
f 2215//5200 2529//5200 2530//5200
f 2215//5201 2530//5201 2531//5201
f 2340//5202 2278//5202 2339//5202
f 2469//5203 98//5203 2468//5203
f 2470//5204 98//5204 2469//5204
f 2341//5205 2278//5205 2340//5205
f 2471//5206 98//5206 2470//5206
f 2472//5207 98//5207 2471//5207
f 2473//5208 98//5208 2472//5208
f 2474//5209 98//5209 2473//5209
f 2277//5210 2341//5210 2342//5210
f 2277//5211 2342//5211 2343//5211
f 2277//5212 2278//5212 2341//5212
f 2475//5213 98//5213 2474//5213
f 2476//5214 98//5214 2475//5214
f 2477//5215 98//5215 2476//5215
f 2478//5216 98//5216 2477//5216
f 2479//5217 98//5217 2478//5217
f 2480//5218 98//5218 2479//5218
f 2216//5219 2528//5219 2215//5219
f 2216//5220 2525//5220 2526//5220
f 2216//5221 2526//5221 2527//5221
f 2216//5222 2527//5222 2528//5222
f 2481//5223 98//5223 2480//5223
f 2482//5224 98//5224 2481//5224
f 2483//5225 98//5225 2482//5225
f 2484//5226 98//5226 2483//5226
f 2485//5227 98//5227 2484//5227
f 2486//5228 98//5228 2485//5228
f 2487//5229 98//5229 2486//5229
f 2488//5230 98//5230 2487//5230
f 2489//5231 98//5231 2488//5231
f 2490//5232 98//5232 2489//5232
f 2276//5233 2277//5233 2343//5233
f 2276//5234 2343//5234 2344//5234
f 2276//5235 2344//5235 2345//5235
f 2276//5236 2345//5236 2346//5236
f 2491//5237 98//5237 2490//5237
f 2492//5238 98//5238 2491//5238
f 2493//5239 98//5239 2492//5239
f 2217//5240 2523//5240 2524//5240
f 2217//5241 2524//5241 2525//5241
f 2217//5242 2525//5242 2216//5242
f 2275//5243 2346//5243 2347//5243
f 2275//5244 2347//5244 2348//5244
f 2275//5245 2348//5245 2349//5245
f 2275//5246 2276//5246 2346//5246
f 2218//5247 2520//5247 2521//5247
f 2218//5248 2521//5248 2522//5248
f 2218//5249 2522//5249 2523//5249
f 2218//5250 2523//5250 2217//5250
f 2731//5251 2414//5251 2415//5251
f 2731//5252 2415//5252 2416//5252
f 2731//5253 2416//5253 2417//5253
f 2731//5254 2417//5254 2418//5254
f 2731//5255 2418//5255 2419//5255
f 2731//5256 2419//5256 2420//5256
f 2731//5257 2420//5257 2421//5257
f 2731//5258 2421//5258 2422//5258
f 2731//5259 2422//5259 2423//5259
f 2731//5260 2423//5260 2424//5260
f 2731//5261 2424//5261 2425//5261
f 2731//5262 2425//5262 2426//5262
f 2731//5263 2426//5263 2427//5263
f 2731//5264 2376//5264 2377//5264
f 2731//5265 2377//5265 2378//5265
f 2731//5266 2378//5266 2379//5266
f 2731//5267 2379//5267 2380//5267
f 2731//5268 2380//5268 2381//5268
f 2731//5269 2381//5269 2382//5269
f 2731//5270 2382//5270 2383//5270
f 2731//5271 2383//5271 2384//5271
f 2731//5272 2384//5272 2385//5272
f 2731//5273 2385//5273 2386//5273
f 2731//5274 2386//5274 2387//5274
f 2731//5275 2387//5275 2388//5275
f 2731//5276 2388//5276 2389//5276
f 2731//5277 2389//5277 2390//5277
f 2731//5278 2390//5278 2391//5278
f 2731//5279 2391//5279 2392//5279
f 2731//5280 2392//5280 2393//5280
f 2731//5281 2393//5281 2394//5281
f 2731//5282 2394//5282 2395//5282
f 2731//5283 2395//5283 2396//5283
f 2731//5284 2396//5284 2397//5284
f 2731//5285 2397//5285 2398//5285
f 2731//5286 2398//5286 2399//5286
f 2731//5287 2399//5287 2400//5287
f 2731//5288 2400//5288 2401//5288
f 2731//5289 2401//5289 2402//5289
f 2731//5290 2402//5290 2403//5290
f 2731//5291 2403//5291 2404//5291
f 2731//5292 2427//5292 16//5292
f 2731//5293 2404//5293 2405//5293
f 2731//5294 2405//5294 2406//5294
f 2731//5295 2406//5295 2407//5295
f 2731//5296 2407//5296 2408//5296
f 2731//5297 2408//5297 2409//5297
f 2731//5298 2409//5298 2410//5298
f 2731//5299 2410//5299 2411//5299
f 2731//5300 2411//5300 2412//5300
f 2731//5301 2412//5301 2413//5301
f 2731//5302 2413//5302 2414//5302
f 2274//5303 2275//5303 2349//5303
f 2274//5304 2349//5304 2350//5304
f 2274//5305 2350//5305 2351//5305
f 2219//5306 2520//5306 2218//5306
f 2219//5307 2518//5307 2519//5307
f 2219//5308 2519//5308 2520//5308
f 2273//5309 2351//5309 2352//5309
f 2273//5310 2274//5310 2351//5310
f 2273//5311 2352//5311 2353//5311
f 2273//5312 2353//5312 2354//5312
f 2220//5313 2515//5313 2516//5313
f 2220//5314 2516//5314 2517//5314
f 2220//5315 2517//5315 2518//5315
f 2220//5316 2518//5316 2219//5316
f 2272//5317 2273//5317 2354//5317
f 2272//5318 2354//5318 2355//5318
f 2272//5319 2355//5319 2356//5319
f 2221//5320 2513//5320 2514//5320
f 2221//5321 2514//5321 2515//5321
f 2221//5322 2515//5322 2220//5322
f 2271//5323 2356//5323 2357//5323
f 2271//5324 2357//5324 2358//5324
f 2271//5325 2272//5325 2356//5325
f 2222//5326 2513//5326 2221//5326
f 2222//5327 2511//5327 2512//5327
f 2222//5328 2512//5328 2513//5328
f 2270//5329 2358//5329 2359//5329
f 2270//5330 2359//5330 2360//5330
f 2270//5331 2271//5331 2358//5331
f 2223//5332 2511//5332 2222//5332
f 2223//5333 2509//5333 2510//5333
f 2223//5334 2510//5334 2511//5334
f 2269//5335 2360//5335 2361//5335
f 2269//5336 2361//5336 2362//5336
f 2269//5337 2270//5337 2360//5337
f 2224//5338 2507//5338 2508//5338
f 2224//5339 2508//5339 2509//5339
f 2224//5340 2509//5340 2223//5340
f 2268//5341 2269//5341 2362//5341
f 2268//5342 2362//5342 2363//5342
f 2268//5343 2363//5343 2364//5343
f 2225//5344 2505//5344 2506//5344
f 2225//5345 2506//5345 2507//5345
f 2225//5346 2507//5346 2224//5346
f 2267//5347 2364//5347 2365//5347
f 2267//5348 2365//5348 2366//5348
f 2267//5349 2268//5349 2364//5349
f 2226//5350 2503//5350 2504//5350
f 2226//5351 2504//5351 2505//5351
f 2226//5352 2505//5352 2225//5352
f 2266//5353 2366//5353 2367//5353
f 2266//5354 2367//5354 2368//5354
f 2266//5355 2267//5355 2366//5355
f 2227//5356 2501//5356 2502//5356
f 2227//5357 2502//5357 2503//5357
f 2227//5358 2503//5358 2226//5358
f 2265//5359 2266//5359 2368//5359
f 2265//5360 2368//5360 2369//5360
f 2265//5361 2369//5361 2370//5361
f 2228//5362 2500//5362 2501//5362
f 2228//5363 2501//5363 2227//5363
f 2264//5364 2265//5364 2370//5364
f 2264//5365 2370//5365 2371//5365
f 2229//5366 2498//5366 2499//5366
f 2229//5367 2499//5367 2500//5367
f 2229//5368 2500//5368 2228//5368
f 2230//5369 2497//5369 2498//5369
f 2230//5370 2498//5370 2229//5370
f 2231//5371 2497//5371 2230//5371
f 2687//5372 2246//5372 2247//5372
f 2688//5373 2246//5373 2687//5373
f 2686//5374 2687//5374 2247//5374
f 2689//5375 2246//5375 2688//5375
f 2689//5376 2245//5376 2246//5376
f 2685//5377 2686//5377 2247//5377
f 2690//5378 2245//5378 2689//5378
f 2684//5379 2685//5379 2247//5379
f 2684//5380 2247//5380 2248//5380
f 2691//5381 2245//5381 2690//5381
f 2683//5382 2684//5382 2248//5382
f 2692//5383 2245//5383 2691//5383
f 2692//5384 2244//5384 2245//5384
f 2682//5385 2683//5385 2248//5385
f 2693//5386 2244//5386 2692//5386
f 2681//5387 2248//5387 2249//5387
f 2681//5388 2682//5388 2248//5388
f 2694//5389 2244//5389 2693//5389
f 2694//5390 2243//5390 2244//5390
f 2680//5391 2681//5391 2249//5391
f 2695//5392 2243//5392 2694//5392
f 2679//5393 2249//5393 2250//5393
f 2679//5394 2680//5394 2249//5394
f 2696//5395 2243//5395 2695//5395
f 2678//5396 2679//5396 2250//5396
f 2697//5397 2242//5397 2243//5397
f 2697//5398 2243//5398 2696//5398
f 2677//5399 2678//5399 2250//5399
f 2698//5400 2242//5400 2697//5400
f 2676//5401 2250//5401 2251//5401
f 2676//5402 2677//5402 2250//5402
f 2699//5403 2241//5403 2242//5403
f 2699//5404 2242//5404 2698//5404
f 2675//5405 2676//5405 2251//5405
f 2700//5406 2241//5406 2699//5406
f 2674//5407 2251//5407 2252//5407
f 2674//5408 2675//5408 2251//5408
f 2701//5409 2241//5409 2700//5409
f 2673//5410 2674//5410 2252//5410
f 2702//5411 2240//5411 2241//5411
f 2702//5412 2241//5412 2701//5412
f 2672//5413 2673//5413 2252//5413
f 2672//5414 2252//5414 2253//5414
f 2577//5415 2240//5415 2702//5415
f 2671//5416 2672//5416 2253//5416
f 2578//5417 2239//5417 2240//5417
f 2578//5418 2240//5418 2577//5418
f 2670//5419 2671//5419 2253//5419
f 2579//5420 2239//5420 2578//5420
f 2669//5421 2670//5421 2253//5421
f 2669//5422 2253//5422 2254//5422
f 2580//5423 2238//5423 2239//5423
f 2580//5424 2239//5424 2579//5424
f 2581//5425 2238//5425 2580//5425
f 2582//5426 2238//5426 2581//5426
f 2582//5427 2237//5427 2238//5427
f 2583//5428 2237//5428 2582//5428
f 2584//5429 2236//5429 2237//5429
f 2584//5430 2237//5430 2583//5430
f 2585//5431 2236//5431 2584//5431
f 2586//5432 2235//5432 2236//5432
f 2586//5433 2236//5433 2585//5433
f 2587//5434 2235//5434 2586//5434
f 2588//5435 2234//5435 2235//5435
f 2588//5436 2235//5436 2587//5436
f 2589//5437 2234//5437 2588//5437
f 2590//5438 2234//5438 2589//5438
f 2590//5439 2233//5439 2234//5439
f 2591//5440 2232//5440 2233//5440
f 2591//5441 2233//5441 2590//5441
f 2592//5442 2232//5442 2591//5442
f 2593//5443 2232//5443 2592//5443
f 2593//5444 2231//5444 2232//5444
f 2594//5445 2496//5445 2497//5445
f 2594//5446 2231//5446 2593//5446
f 2594//5447 2497//5447 2231//5447
f 2595//5448 2495//5448 2496//5448
f 2595//5449 2496//5449 2594//5449
f 2596//5450 2494//5450 2495//5450
f 2596//5451 2495//5451 2595//5451
f 2597//5452 2493//5452 2494//5452
f 2597//5453 2494//5453 2596//5453
f 2598//5454 98//5454 2493//5454
f 2598//5455 2493//5455 2597//5455
f 2715//5456 2669//5456 2254//5456
f 2715//5457 2634//5457 2635//5457
f 2715//5458 2635//5458 2636//5458
f 2715//5459 2636//5459 2637//5459
f 2715//5460 2637//5460 2638//5460
f 2715//5461 2638//5461 2639//5461
f 2715//5462 2639//5462 2640//5462
f 2715//5463 2640//5463 2641//5463
f 2715//5464 2641//5464 2642//5464
f 2715//5465 2642//5465 2643//5465
f 2715//5466 2643//5466 2644//5466
f 2715//5467 2644//5467 2645//5467
f 2715//5468 2645//5468 2646//5468
f 2715//5469 2646//5469 2647//5469
f 2715//5470 2647//5470 2648//5470
f 2715//5471 2648//5471 2649//5471
f 2715//5472 2649//5472 2650//5472
f 2715//5473 2650//5473 2651//5473
f 2715//5474 2651//5474 2652//5474
f 2715//5475 2652//5475 2653//5475
f 2715//5476 2653//5476 2654//5476
f 2715//5477 2654//5477 2655//5477
f 2715//5478 2655//5478 2656//5478
f 2715//5479 2656//5479 2657//5479
f 2715//5480 2657//5480 2658//5480
f 2715//5481 2254//5481 2255//5481
f 2715//5482 2658//5482 2659//5482
f 2715//5483 2255//5483 2256//5483
f 2715//5484 2659//5484 2660//5484
f 2715//5485 2256//5485 2257//5485
f 2715//5486 2660//5486 2661//5486
f 2715//5487 2661//5487 2662//5487
f 2715//5488 2257//5488 2258//5488
f 2715//5489 2662//5489 2663//5489
f 2715//5490 2258//5490 2259//5490
f 2715//5491 2663//5491 2664//5491
f 2715//5492 2259//5492 2260//5492
f 2715//5493 2664//5493 2665//5493
f 2715//5494 2665//5494 2666//5494
f 2715//5495 2666//5495 2667//5495
f 2715//5496 2667//5496 2668//5496
f 2715//5497 2668//5497 2669//5497
f 2707//5498 2264//5498 2371//5498
f 2707//5499 2371//5499 2372//5499
f 2707//5500 2372//5500 2373//5500
f 2707//5501 2373//5501 2374//5501
f 2707//5502 2374//5502 2375//5502
f 2707//5503 2375//5503 2376//5503
f 2707//5504 2715//5504 2260//5504
f 2707//5505 2260//5505 2261//5505
f 2707//5506 2261//5506 2262//5506
f 2707//5507 2262//5507 2263//5507
f 2707//5508 2263//5508 2264//5508
f 2707//5509 2376//5509 2731//5509
f 2714//5510 2598//5510 2599//5510
f 2714//5511 2599//5511 2600//5511
f 2714//5512 2600//5512 2601//5512
f 2714//5513 2601//5513 2602//5513
f 2714//5514 2602//5514 2603//5514
f 2714//5515 2603//5515 2604//5515
f 2714//5516 2604//5516 2605//5516
f 2714//5517 2605//5517 2606//5517
f 2714//5518 2606//5518 2607//5518
f 2714//5519 2607//5519 2608//5519
f 2714//5520 2608//5520 2609//5520
f 2714//5521 2609//5521 2610//5521
f 2714//5522 2610//5522 2611//5522
f 2714//5523 2611//5523 2612//5523
f 2714//5524 2612//5524 2613//5524
f 2714//5525 2613//5525 2614//5525
f 2714//5526 2614//5526 2615//5526
f 2714//5527 2615//5527 2616//5527
f 2714//5528 2616//5528 2617//5528
f 2714//5529 2617//5529 2618//5529
f 2714//5530 2618//5530 2619//5530
f 2714//5531 2619//5531 2620//5531
f 2714//5532 2620//5532 2621//5532
f 2714//5533 2621//5533 2622//5533
f 2714//5534 2622//5534 2623//5534
f 2714//5535 2623//5535 2624//5535
f 2714//5536 2624//5536 2625//5536
f 2714//5537 2625//5537 2626//5537
f 2714//5538 2626//5538 2627//5538
f 2714//5539 2627//5539 2628//5539
f 2714//5540 2628//5540 2629//5540
f 2714//5541 2629//5541 2630//5541
f 2714//5542 2634//5542 2715//5542
f 2714//5543 2630//5543 2631//5543
f 2714//5544 2631//5544 2632//5544
f 2714//5545 2632//5545 2633//5545
f 2714//5546 2633//5546 2634//5546
f 33//5547 2714//5547 744//5547
f 33//5548 21//5548 98//5548
f 33//5549 98//5549 2714//5549
f 2714//5550 98//5550 2598//5550
f 579//5551 703//5551 2707//5551
f 2731//5552 579//5552 2707//5552
f 2716//5553 2706//5553 579//5553
f 2716//5554 579//5554 2731//5554
f 2724//5555 2706//5555 2716//5555
f 2713//5556 2704//5556 2724//5556
f 2727//5557 2724//5557 2716//5557
f 1427//5558 2732//5558 2727//5558
f 1427//5559 2727//5559 2716//5559
f 2704//5560 2706//5560 2724//5560
f 2705//5561 370//5561 526//5561
f 2719//5562 370//5562 2705//5562
f 2703//5563 661//5563 705//5563
f 2722//5564 2703//5564 705//5564
f 2722//5565 2719//5565 2703//5565
f 1732//5566 1592//5566 2717//5566
f 1732//5567 2717//5567 2723//5567
f 705//5568 1732//5568 2722//5568
f 2722//5569 1732//5569 2723//5569
f 2705//5570 2703//5570 2719//5570
f 2725//5571 2730//5571 2729//5571
f 5//5572 2730//5572 2725//5572
f 2726//5573 5//5573 2725//5573
f 2720//5574 2718//5574 5//5574
f 2720//5575 5//5575 2726//5575
f 1461//5576 1428//5576 2718//5576
f 1461//5577 2718//5577 2720//5577
f 3//5578 2710//5578 2728//5578
f 2//5579 2710//5579 3//5579
f 2708//5580 2710//5580 2//5580
f 2712//5581 2708//5581 2//5581
f 2727//5582 2712//5582 2//5582
f 1586//5583 1381//5583 1588//5583
f 2732//5584 1586//5584 2727//5584
f 1135//5585 2732//5585 1427//5585
f 1135//5586 1586//5586 2732//5586
f 1586//5587 2712//5587 2727//5587
f 1135//5588 1381//5588 1586//5588
g Pocket005
f 2733//5589 2734//5589 2735//5589
f 2734//5590 2736//5590 2735//5590
f 2737//5591 2738//5591 2734//5591
f 2739//5592 2734//5592 2733//5592
f 2739//5593 2737//5593 2734//5593
f 2736//5594 2740//5594 2735//5594
f 2736//5595 2741//5595 2740//5595
f 2742//5596 2743//5596 2744//5596
f 2743//5597 2738//5597 2744//5597
f 2743//5598 2736//5598 2738//5598
f 2736//5599 2734//5599 2738//5599
f 2733//5600 2740//5600 2739//5600
f 2733//5601 2735//5601 2740//5601
f 2745//5602 2737//5602 2746//5602
f 2747//5603 2737//5603 2745//5603
f 2748//5604 2749//5604 2747//5604
f 2748//5605 2745//5605 2746//5605
f 2750//5606 2748//5606 2746//5606
f 2751//5607 2749//5607 2748//5607
f 2751//5608 2748//5608 2750//5608
f 2752//5609 2751//5609 2750//5609
f 2753//5610 2752//5610 2750//5610
f 2754//5611 2747//5611 2749//5611
f 2755//5612 2737//5612 2747//5612
f 2755//5613 2747//5613 2754//5613
f 2756//5614 2753//5614 2746//5614
f 2756//5615 2746//5615 2737//5615
f 2757//5616 2753//5616 2756//5616
f 2757//5617 2752//5617 2753//5617
f 2758//5618 2751//5618 2752//5618
f 2759//5619 2758//5619 2752//5619
f 2759//5620 2757//5620 2756//5620
f 2760//5621 2755//5621 2754//5621
f 2760//5622 2761//5622 2762//5622
f 2763//5623 2760//5623 2754//5623
f 2764//5624 2760//5624 2763//5624
f 2764//5625 2761//5625 2760//5625
f 2765//5626 2764//5626 2763//5626
f 2766//5627 2758//5627 2759//5627
f 2766//5628 2765//5628 2763//5628
f 2767//5629 2762//5629 2761//5629
f 2767//5630 2768//5630 2762//5630
f 2769//5631 2759//5631 2756//5631
f 2769//5632 2766//5632 2759//5632
f 2769//5633 2765//5633 2766//5633
f 2738//5634 2768//5634 2770//5634
f 2738//5635 2762//5635 2768//5635
f 2771//5636 2764//5636 2765//5636
f 2772//5637 2771//5637 2765//5637
f 2773//5638 2738//5638 2770//5638
f 2774//5639 2773//5639 2770//5639
f 2774//5640 2768//5640 2767//5640
f 2775//5641 2774//5641 2767//5641
f 2776//5642 2773//5642 2774//5642
f 2776//5643 2774//5643 2775//5643
f 2777//5644 2776//5644 2775//5644
f 2778//5645 2771//5645 2772//5645
f 2778//5646 2777//5646 2775//5646
f 2779//5647 2778//5647 2772//5647
f 2779//5648 2777//5648 2778//5648
f 2780//5649 2777//5649 2781//5649
f 2780//5650 2776//5650 2777//5650
f 2744//5651 2738//5651 2773//5651
f 2744//5652 2780//5652 2781//5652
f 2744//5653 2779//5653 2772//5653
f 2744//5654 2773//5654 2780//5654
f 2744//5655 2781//5655 2779//5655
f 2756//5656 2744//5656 2772//5656
f 2756//5657 2772//5657 2769//5657
f 2738//5658 2737//5658 2755//5658
f 2738//5659 2755//5659 2762//5659
f 2749//5660 2758//5660 2766//5660
f 2749//5661 2766//5661 2754//5661
f 2761//5662 2771//5662 2778//5662
f 2761//5663 2778//5663 2767//5663
f 2782//5664 2783//5664 2784//5664
f 2785//5665 2783//5665 2782//5665
f 2786//5666 2787//5666 2785//5666
f 2786//5667 2782//5667 2784//5667
f 2788//5668 2786//5668 2784//5668
f 2789//5669 2787//5669 2786//5669
f 2789//5670 2786//5670 2788//5670
f 2790//5671 2789//5671 2788//5671
f 2791//5672 2784//5672 2783//5672
f 2791//5673 2790//5673 2788//5673
f 2792//5674 2785//5674 2787//5674
f 2793//5675 2783//5675 2785//5675
f 2793//5676 2785//5676 2792//5676
f 2741//5677 2791//5677 2783//5677
f 2794//5678 2790//5678 2791//5678
f 2794//5679 2791//5679 2741//5679
f 2795//5680 2789//5680 2790//5680
f 2796//5681 2795//5681 2790//5681
f 2796//5682 2794//5682 2741//5682
f 2797//5683 2793//5683 2792//5683
f 2797//5684 2798//5684 2799//5684
f 2800//5685 2797//5685 2792//5685
f 2801//5686 2798//5686 2797//5686
f 2801//5687 2797//5687 2800//5687
f 2802//5688 2801//5688 2800//5688
f 2803//5689 2795//5689 2796//5689
f 2803//5690 2802//5690 2800//5690
f 2804//5691 2799//5691 2798//5691
f 2804//5692 2805//5692 2799//5692
f 2806//5693 2796//5693 2741//5693
f 2806//5694 2802//5694 2803//5694
f 2806//5695 2803//5695 2796//5695
f 2743//5696 2805//5696 2807//5696
f 2743//5697 2799//5697 2805//5697
f 2808//5698 2801//5698 2802//5698
f 2809//5699 2808//5699 2802//5699
f 2810//5700 2743//5700 2807//5700
f 2811//5701 2810//5701 2807//5701
f 2811//5702 2805//5702 2804//5702
f 2812//5703 2811//5703 2804//5703
f 2813//5704 2811//5704 2812//5704
f 2813//5705 2810//5705 2811//5705
f 2814//5706 2813//5706 2812//5706
f 2815//5707 2814//5707 2812//5707
f 2816//5708 2815//5708 2808//5708
f 2816//5709 2808//5709 2809//5709
f 2816//5710 2814//5710 2815//5710
f 2817//5711 2743//5711 2810//5711
f 2817//5712 2813//5712 2814//5712
f 2817//5713 2814//5713 2818//5713
f 2736//5714 2743//5714 2817//5714
f 2736//5715 2817//5715 2818//5715
f 2736//5716 2818//5716 2816//5716
f 2736//5717 2816//5717 2809//5717
f 2741//5718 2736//5718 2809//5718
f 2741//5719 2809//5719 2806//5719
f 2743//5720 2783//5720 2793//5720
f 2743//5721 2793//5721 2799//5721
f 2787//5722 2795//5722 2803//5722
f 2787//5723 2803//5723 2792//5723
f 2798//5724 2808//5724 2815//5724
f 2798//5725 2815//5725 2804//5725
f 2819//5726 2820//5726 2742//5726
f 2756//5727 2742//5727 2744//5727
f 2756//5728 2819//5728 2742//5728
f 2821//5729 2743//5729 2820//5729
f 2743//5730 2742//5730 2820//5730
f 2791//5731 2750//5731 2746//5731
f 2791//5732 2788//5732 2750//5732
f 2784//5733 2791//5733 2753//5733
f 2753//5734 2791//5734 2746//5734
f 2788//5735 2784//5735 2750//5735
f 2750//5736 2784//5736 2753//5736
f 2794//5737 2796//5737 2745//5737
f 2745//5738 2796//5738 2747//5738
f 2790//5739 2794//5739 2748//5739
f 2748//5740 2794//5740 2745//5740
f 2796//5741 2790//5741 2747//5741
f 2747//5742 2790//5742 2748//5742
f 2789//5743 2795//5743 2749//5743
f 2789//5744 2749//5744 2751//5744
f 2795//5745 2787//5745 2758//5745
f 2795//5746 2758//5746 2749//5746
f 2787//5747 2789//5747 2751//5747
f 2787//5748 2751//5748 2758//5748
f 2786//5749 2785//5749 2752//5749
f 2752//5750 2785//5750 2759//5750
f 2782//5751 2786//5751 2757//5751
f 2757//5752 2786//5752 2752//5752
f 2785//5753 2757//5753 2759//5753
f 2785//5754 2782//5754 2757//5754
f 2803//5755 2800//5755 2754//5755
f 2754//5756 2800//5756 2763//5756
f 2792//5757 2803//5757 2766//5757
f 2766//5758 2803//5758 2754//5758
f 2800//5759 2792//5759 2763//5759
f 2763//5760 2792//5760 2766//5760
f 2806//5761 2809//5761 2755//5761
f 2755//5762 2809//5762 2762//5762
f 2802//5763 2806//5763 2760//5763
f 2760//5764 2806//5764 2755//5764
f 2809//5765 2760//5765 2762//5765
f 2809//5766 2802//5766 2760//5766
f 2764//5767 2808//5767 2761//5767
f 2801//5768 2808//5768 2764//5768
f 2808//5769 2798//5769 2771//5769
f 2808//5770 2771//5770 2761//5770
f 2798//5771 2801//5771 2764//5771
f 2798//5772 2764//5772 2771//5772
f 2804//5773 2815//5773 2778//5773
f 2778//5774 2815//5774 2767//5774
f 2812//5775 2804//5775 2775//5775
f 2775//5776 2804//5776 2778//5776
f 2815//5777 2812//5777 2767//5777
f 2767//5778 2812//5778 2775//5778
f 2814//5779 2816//5779 2768//5779
f 2814//5780 2768//5780 2774//5780
f 2768//5781 2818//5781 2770//5781
f 2816//5782 2818//5782 2768//5782
f 2818//5783 2814//5783 2774//5783
f 2818//5784 2774//5784 2770//5784
f 2813//5785 2817//5785 2773//5785
f 2813//5786 2773//5786 2776//5786
f 2817//5787 2810//5787 2780//5787
f 2817//5788 2780//5788 2773//5788
f 2810//5789 2813//5789 2776//5789
f 2810//5790 2776//5790 2780//5790
f 2799//5791 2793//5791 2772//5791
f 2772//5792 2793//5792 2769//5792
f 2797//5793 2799//5793 2765//5793
f 2765//5794 2799//5794 2772//5794
f 2793//5795 2765//5795 2769//5795
f 2793//5796 2797//5796 2765//5796
f 2807//5797 2779//5797 2781//5797
f 2807//5798 2805//5798 2779//5798
f 2811//5799 2781//5799 2777//5799
f 2811//5800 2807//5800 2781//5800
f 2805//5801 2777//5801 2779//5801
f 2805//5802 2811//5802 2777//5802
f 2783//5803 2821//5803 2822//5803
f 2783//5804 2743//5804 2821//5804
f 2821//5805 2819//5805 2822//5805
f 2821//5806 2820//5806 2819//5806
f 2739//5807 2741//5807 2737//5807
f 2740//5808 2741//5808 2739//5808
f 2756//5809 2737//5809 2741//5809
f 2783//5810 2756//5810 2741//5810
f 2819//5811 2783//5811 2822//5811
f 2819//5812 2756//5812 2783//5812
